X,Y,LOCATION,SEVERITYCODE,SEVERITYDESC,COLLISIONTYPE,PERSONCOUNT,VEHCOUNT,INJURIES,SERIOUSINJURIES,FATALITIES,INCDTTM,WEATHER,ROADCOND,LIGHTCOND,NEIGHBORHOOD,NX,NY
-122.318029,47.66130134,NE 45TH ST BETWEEN 9TH E AVE NE AND ROOSEVELT WAY NE,1,Property Damage Only Collision,Sideswipe,3,2,0,0,0,1/8/08,Raining,Wet,Dawn,University District-University District,-122.3046213,47.66094593
-122.3130342,47.66749016,UNIVERSITY WAY NE BETWEEN NE 52ND ST AND NE 55TH ST,1,Property Damage Only Collision,Other,1,1,0,0,0,5/3/04,Unknown,Unknown,Daylight,University District-University District,-122.3046213,47.66094593
-122.3137464,47.65980204,NE 43RD ST BETWEEN BROOKLYN AVE NE AND UNIVERSITY WAY NE,1,Property Damage Only Collision,Parked Car,2,2,0,0,0,3/31/13 22:06,Clear or Partly Cloudy,Dry,Dark - Street Lights On,University District-University District,-122.3046213,47.66094593
-122.3173637,47.66971449,ROOSEVELT WAY NE BETWEEN NE 56TH ST AND NE 57TH ST,1,Property Damage Only Collision,Left Turn,3,2,0,0,0,6/3/04,Clear or Partly Cloudy,Dry,Daylight,University District-University District,-122.3046213,47.66094593
-122.3127188,47.65534696,NE 40TH ST BETWEEN UNIVERSITY WAY NE AND 15TH AVE NE,1,Property Damage Only Collision,Angles,3,2,0,0,0,2/14/06 13:46,Clear or Partly Cloudy,Dry,Daylight,University District-University District,-122.3046213,47.66094593
-122.3141717,47.67125233,BROOKLYN AVE NE AND NE RAVENNA EB BV,2,Injury Collision,Pedestrian,2,1,1,0,0,12/4/05,Unknown,Unknown,Dark - Street Lights On,UNIVERSITY District-UNIVERSITY District,-122.3046213,47.66094593
-122.3045334,47.66567211,22ND AVE NE BETWEEN NE 50TH ST AND NE 52ND ST,1,Property Damage Only Collision,Parked Car,2,2,0,0,0,4/1/13 1:00,Clear or Partly Cloudy,Dry,Dark - Street Lights On,University District-University District,-122.3046213,47.66094593
-122.3126392,47.65830815,NE 42ND ST BETWEEN UNIVERSITY WAY NE AND 15TH AVE NE,1,Property Damage Only Collision,Parked Car,2,2,0,0,0,2/17/04 16:21,Raining,Wet,Daylight,University District-University District,-122.3046213,47.66094593
-122.29886,47.66122223,NE 45TH ST BETWEEN NE 45TH ST RP AND MONTLAKE BLVD NE,2,Injury Collision,Angles,3,2,1,0,0,11/20/08 16:52,Overcast,Wet,Dark - Street Lights On,University District-University District,-122.3046213,47.66094593
-122.3160127,47.66128829,NE 45TH ST BETWEEN 11TH AVE NE AND 12TH AVE NE,0,Unknown,,0,0,0,0,0,12/10/04,,,,University District-University District,-122.3046213,47.66094593
-122.2966582,47.66124886,U VILLAGE DR AND NE 45TH ST,1,Property Damage Only Collision,Other,3,2,0,0,0,9/6/05,Clear or Partly Cloudy,Dry,Daylight,University District-University District,-122.3046213,47.66094593
-122.3071791,47.66562739,19TH AVE NE BETWEEN NE 50TH ST AND NE 52ND ST,1,Property Damage Only Collision,Parked Car,2,2,0,0,0,12/31/05 23:20,Clear or Partly Cloudy,Wet,Dark - Street Lights On,University District-University District,-122.3046213,47.66094593
-122.3207262,47.66156251,7TH AVE NE BETWEEN NE 45TH ST AND NE 45TH ST ON RP,1,Property Damage Only Collision,Parked Car,2,2,0,0,0,5/12/19 19:00,Clear or Partly Cloudy,Dry,Daylight,University District-University District,-122.3046213,47.66094593
-122.3142101,47.66490847,BROOKLYN AVE NE AND NE 50TH ST,1,Property Damage Only Collision,Sideswipe,2,2,0,0,0,8/7/05,Clear or Partly Cloudy,Dry,Daylight,University District-University District,-122.3046213,47.66094593
-122.3006794,47.65970477,MONTLAKE BLVD NE BETWEEN 25TH AVE NE AND NE 44TH ST,2,Injury Collision,Sideswipe,2,2,1,0,0,5/7/19 17:00,Clear or Partly Cloudy,Dry,Daylight,University District-University District,-122.3046213,47.66094593
-122.2975133,47.66122149,NE 45TH ST BETWEEN MONTLAKE BLVD NE AND U VILLAGE DR,1,Property Damage Only Collision,Rear Ended,2,2,0,0,0,5/8/19 8:25,Clear or Partly Cloudy,Dry,Daylight,University District-University District,-122.3046213,47.66094593
-122.3006102,47.66712117,25TH AVE NE BETWEEN NE BLAKELEY ST AND NE 54TH ST,1,Property Damage Only Collision,Other,2,2,0,0,0,3/8/06,Raining,Wet,Daylight,University District-University District,-122.3046213,47.66094593
-122.3007113,47.6653328,25TH AVE NE BETWEEN NE 49TH ST AND NE BLAKELEY ST,1,Property Damage Only Collision,Rear Ended,2,2,0,0,0,8/3/06,Clear or Partly Cloudy,Dry,Daylight,University District-University District,-122.3046213,47.66094593
-122.3124641,47.65297596,15TH AVE NE AND NE PACIFIC ST,1,Property Damage Only Collision,Cycles,2,1,0,0,0,3/28/13 15:30,Clear or Partly Cloudy,Dry,Daylight,University District-University District,-122.3046213,47.66094593
-122.3195608,47.66222066,8TH AVE NE BETWEEN NE 45TH E ST AND NE 47TH ST,1,Property Damage Only Collision,Parked Car,2,2,0,0,0,1/29/05 16:22,Clear or Partly Cloudy,Dry,Dusk,University District-University District,-122.3046213,47.66094593
-122.3166363,47.65909487,11TH AVE NE BETWEEN NE 42ND ST AND NE 43RD ST,1,Property Damage Only Collision,Parked Car,2,2,0,0,0,12/8/05,Clear or Partly Cloudy,Dry,Daylight,University District-University District,-122.3046213,47.66094593
-122.3055468,47.66567944,21ST AVE NE BETWEEN NE 50TH ST AND NE 52ND ST,1,Property Damage Only Collision,Parked Car,2,2,0,0,0,10/19/05 11:50,Overcast,Unknown,Unknown,University District-University District,-122.3046213,47.66094593
-122.3177227,47.66057875,ROOSEVELT WAY NE BETWEEN NE 43RD N ST AND NE 45TH ST,0,Unknown,,0,0,0,0,0,12/2/04,,,,University District-University District,-122.3046213,47.66094593
-122.3119162,47.66642828,15TH AVE NE AND NE 52ND ST,2,Injury Collision,Pedestrian,2,1,1,0,0,3/7/13 20:37,Unknown,Unknown,Unknown,University District-University District,-122.3046213,47.66094593
-122.3096827,47.66305721,17TH SB AVE NE AND NE 47TH ST,0,Unknown,,0,0,0,0,0,3/12/04,,,,University District-University District,-122.3046213,47.66094593
-122.3120518,47.65903992,15TH AVE NE BETWEEN NE 42ND ST AND NE 43RD ST,1,Property Damage Only Collision,Sideswipe,4,2,0,0,0,10/21/05 12:45,Clear or Partly Cloudy,Dry,Daylight,University District-University District,-122.3046213,47.66094593
-122.3141689,47.66749967,BROOKLYN AVE NE BETWEEN NE 52ND ST AND NE 55TH ST,2,Injury Collision,Left Turn,2,2,1,0,0,3/27/13 9:15,Clear or Partly Cloudy,Dry,Daylight,University District-University District,-122.3046213,47.66094593
-122.3065119,47.66396513,20TH AVE NE BETWEEN NE 47TH ST AND NE 50TH ST,1,Property Damage Only Collision,Parked Car,2,2,0,0,0,10/20/07 9:30,Unknown,Unknown,Unknown,University District-University District,-122.3046213,47.66094593
-122.3184379,47.66494396,9TH AVE NE AND NE 50TH ST,2,Injury Collision,Left Turn,3,2,1,0,0,8/12/08 0:58,Clear or Partly Cloudy,Dry,Dark - Street Lights On,University District-University District,-122.3046213,47.66094593
-122.3207029,47.66495773,7TH AVE NE AND NE 50TH ST,1,Property Damage Only Collision,Angles,2,2,0,0,0,10/15/12 9:47,Overcast,Dry,Daylight,University District-University District,-122.3046213,47.66094593
-122.3097034,47.66215837,17TH SB AVE NE BETWEEN NE 45TH ST AND NE 47TH ST,0,Unknown,,0,0,0,0,0,5/14/12,,,,University District-University District,-122.3046213,47.66094593
-122.3149436,47.65833557,NE 42ND ST BETWEEN 12TH AVE NE AND BROOKLYN AVE NE,1,Property Damage Only Collision,Parked Car,2,2,0,0,0,11/29/11 16:30,Unknown,Unknown,Unknown,University District-University District,-122.3046213,47.66094593
-122.3089468,47.66125929,NE 45TH ST BETWEEN 17TH NB AVE NE AND 18TH AVE NE,1,Property Damage Only Collision,Rear Ended,4,2,0,0,0,9/20/07 14:06,Overcast,Dry,Daylight,University District-University District,-122.3046213,47.66094593
-122.3119933,47.66126195,15TH AVE NE AND NE 45TH ST,1,Property Damage Only Collision,,2,0,0,0,0,10/3/16,,,,University District-University District,-122.3046213,47.66094593
-122.3133346,47.65339944,UNIVERSITY WAY NE AND NE PACIFIC ST,2,Injury Collision,Cycles,2,1,1,0,0,1/9/14 7:55,Overcast,Dry,Daylight,University District-University District,-122.3046213,47.66094593
-122.3147264,47.66491292,NE 50TH ST BETWEEN 12TH AVE NE AND BROOKLYN AVE NE,1,Property Damage Only Collision,Rear Ended,3,2,0,0,0,1/31/08 15:06,Overcast,Wet,Daylight,University District-University District,-122.3046213,47.66094593
-122.3119657,47.66308365,15TH AVE NE AND NE 47TH ST,1,Property Damage Only Collision,Other,2,2,0,0,0,7/20/16 15:40,Clear or Partly Cloudy,Dry,Daylight,University District-University District,-122.3046213,47.66094593
-122.3152507,47.66401157,12TH AVE NE BETWEEN NE 47TH ST AND NE 50TH ST,1,Property Damage Only Collision,Parked Car,2,2,0,0,0,6/5/11 18:00,Clear or Partly Cloudy,Dry,Daylight,University District-University District,-122.3046213,47.66094593
-122.3067975,47.65012306,NE PACIFIC ST BETWEEN NE PACIFIC PL AND UNIV HOSPITAL DR,2,Injury Collision,Rear Ended,3,2,1,0,0,4/14/15 12:53,Clear or Partly Cloudy,Dry,Daylight,University District-University District,-122.3046213,47.66094593
-122.3141983,47.66567595,BROOKLYN AVE NE BETWEEN NE 50TH ST AND NE 52ND ST,0,Unknown,,0,0,0,0,0,2/17/11,,,,University District-University District,-122.3046213,47.66094593
-122.3144885,47.65359885,BROOKLYN AVE NE AND NE PACIFIC ST,2,Injury Collision,Cycles,2,1,1,0,0,4/15/12 14:50,Clear or Partly Cloudy,Dry,Daylight,University District-University District,-122.3046213,47.66094593
-122.3208462,47.65751923,7TH AVE NE AND NE 42ND ST,2,Injury Collision,Angles,3,2,1,0,0,5/18/17 6:40,Clear or Partly Cloudy,Dry,Daylight,University District-University District,-122.3046213,47.66094593
-122.3126392,47.65830815,NE 42ND ST BETWEEN UNIVERSITY WAY NE AND 15TH AVE NE,0,Unknown,,0,0,0,0,0,2/20/15,,,,University District-University District,-122.3046213,47.66094593
-122.3094893,47.66396817,17TH NB AVE NE BETWEEN NE 47TH ST AND NE 50TH ST,1,Property Damage Only Collision,Parked Car,2,2,0,0,0,9/12/07 23:01,Clear or Partly Cloudy,Dry,Dark - Street Lights On,University District-University District,-122.3046213,47.66094593
-122.3044,47.65006045,MONTLAKE BLVD NE BETWEEN NE PACIFIC ST AND NE PACIFIC PL,2,Injury Collision,Rear Ended,3,2,1,0,0,10/15/10 19:32,Clear or Partly Cloudy,Dry,Dusk,University District-University District,-122.3046213,47.66094593
-122.2947629,47.66124551,NE 45TH ST BETWEEN U VILLAGE DR AND NE 45TH PL,1,Property Damage Only Collision,Rear Ended,3,3,0,0,0,3/20/08 13:38,Overcast,Dry,Daylight,University District-University District,-122.3046213,47.66094593
-122.3163345,47.66492767,11TH AVE NE AND NE 50TH ST,2,Injury Collision,Angles,2,2,2,0,0,5/24/09 9:46,Clear or Partly Cloudy,Dry,Daylight,University District-University District,-122.3046213,47.66094593
-122.3131157,47.66218058,UNIVERSITY WAY NE BETWEEN NE 45TH ST AND NE 47TH ST,1,Property Damage Only Collision,Parked Car,2,2,0,0,0,2/29/08 20:05,Overcast,Dry,Dark - Street Lights On,University District-University District,-122.3046213,47.66094593
-122.3208369,47.65946261,7TH AVE NE AND NE 43RD ST,2,Injury Collision,Angles,5,4,2,0,0,10/11/09 10:18,Clear or Partly Cloudy,Dry,Daylight,University District-University District,-122.3046213,47.66094593
-122.3166557,47.65835595,11TH AVE NE AND NE 42ND ST,2b,Serious Injury Collision,Angles,3,3,1,1,0,8/4/04,Clear or Partly Cloudy,Dry,Daylight,University District-University District,-122.3046213,47.66094593
-122.3095076,47.66215991,17TH NB AVE NE BETWEEN NE 45TH ST AND NE 47TH ST,1,Property Damage Only Collision,Parked Car,2,2,0,0,0,11/2/04,Overcast,Unknown,Dark - Street Lights On,University District-University District,-122.3046213,47.66094593
-122.3130286,47.67021294,UNIVERSITY WAY NE BETWEEN NE 56TH ST AND NE RAVENNA EB BV,1,Property Damage Only Collision,Parked Car,2,2,0,0,0,8/10/04 12:35,Clear or Partly Cloudy,Dry,Daylight,University District-University District,-122.3046213,47.66094593
-122.3179209,47.66494073,NE 50TH ST BETWEEN 9TH AVE NE AND ROOSEVELT WAY NE,0,Unknown,,0,0,0,0,0,10/10/04,,,,University District-University District,-122.3046213,47.66094593
-122.3171106,47.66129534,NE 45TH ST BETWEEN ROOSEVELT WAY NE AND 11TH AVE NE,1,Property Damage Only Collision,Rear Ended,5,3,0,0,0,4/6/13 16:29,Raining,Wet,Daylight,University District-University District,-122.3046213,47.66094593
-122.3132159,47.65231345,15TH AVE NE BETWEEN NE BOAT W ST AND NE PACIFIC ST,1,Property Damage Only Collision,Sideswipe,4,2,0,0,0,4/4/13 10:30,Raining,Wet,Daylight,University District-University District,-122.3046213,47.66094593
-122.3023323,47.66796985,NE 54TH ST BETWEEN RAVENNA PL NE AND 24TH AVE NE,0,Unknown,,0,0,0,0,0,11/14/04,,,,University District-University District,-122.3046213,47.66094593
-122.3033978,47.66757818,RAVENNA AVE NE BETWEEN NE 53RD ST AND NE 54TH E ST,1,Property Damage Only Collision,Parked Car,2,2,0,0,0,4/3/13 20:30,Unknown,Unknown,Unknown,University District-University District,-122.3046213,47.66094593
-122.3095076,47.66215991,17TH NB AVE NE BETWEEN NE 45TH ST AND NE 47TH ST,1,Property Damage Only Collision,Parked Car,2,2,0,0,0,8/9/04,Clear or Partly Cloudy,Dry,Dark - Street Lights On,University District-University District,-122.3046213,47.66094593
-122.3142619,47.66218831,BROOKLYN AVE NE BETWEEN NE 45TH ST AND NE 47TH ST,1,Property Damage Only Collision,Parked Car,3,2,0,0,0,6/23/04 21:33,Clear or Partly Cloudy,Dry,Dark - Street Lights On,University District-University District,-122.3046213,47.66094593
-122.3147046,47.66644437,NE 52ND ST BETWEEN 12TH AVE NE AND BROOKLYN AVE NE,1,Property Damage Only Collision,Other,1,1,0,0,0,2/10/04 11:19,Clear or Partly Cloudy,Dry,Daylight,University District-University District,-122.3046213,47.66094593
-122.3067975,47.65012306,NE PACIFIC ST BETWEEN NE PACIFIC PL AND UNIV HOSPITAL DR,1,Property Damage Only Collision,Rear Ended,2,2,0,0,0,6/15/04 19:12,Clear or Partly Cloudy,Dry,Daylight,University District-University District,-122.3046213,47.66094593
-122.3211489,47.65945988,NE 43RD ST BETWEEN DEAD END 1 AND 7TH AVE NE,1,Property Damage Only Collision,Parked Car,2,2,0,0,0,4/11/13 20:19,Clear or Partly Cloudy,Dry,Dusk,University District-University District,-122.3046213,47.66094593
-122.2994217,47.66124972,NE 45TH ST RP AND NE 45TH ST,0,Unknown,,0,0,0,0,0,2/20/04,,,,University District-University District,-122.3046213,47.66094593
-122.3121365,47.65597537,15TH AVE NE AND NE CAMPUS EB PY,1,Property Damage Only Collision,Angles,3,2,0,0,0,2/18/04 8:38,Overcast,Wet,Daylight,University District-University District,-122.3046213,47.66094593
-122.3054619,47.66307462,21ST AVE NE AND NE 47TH ST,1,Property Damage Only Collision,Angles,2,2,0,0,0,9/8/04,Overcast,Wet,Daylight,University District-University District,-122.3046213,47.66094593
-122.3130286,47.67021294,UNIVERSITY WAY NE BETWEEN NE 56TH ST AND NE RAVENNA EB BV,1,Property Damage Only Collision,Parked Car,3,2,0,0,0,3/31/13 1:01,Overcast,Dry,Dark - Street Lights On,University District-University District,-122.3046213,47.66094593
-122.300605,47.66626672,25TH AVE NE AND NE BLAKELEY ST,2,Injury Collision,Cycles,2,1,1,0,0,6/15/05 19:12,Clear or Partly Cloudy,Dry,Daylight,University District-University District,-122.3046213,47.66094593
-122.3142101,47.66490847,BROOKLYN AVE NE AND NE 50TH ST,2,Injury Collision,Cycles,2,1,1,0,0,8/9/04,Clear or Partly Cloudy,Dry,Daylight,University District-University District,-122.3046213,47.66094593
-122.3045913,47.6489974,MONTLAKE BLVD NE AND NE PACIFIC ST,2b,Serious Injury Collision,Pedestrian,2,1,1,1,0,3/28/13 19:03,Clear or Partly Cloudy,Dry,Dusk,University District-University District,-122.3046213,47.66094593
-122.3186009,47.66130511,NE 45TH ST BETWEEN 9TH W AVE NE AND 9TH E AVE NE,1,Property Damage Only Collision,Sideswipe,3,2,0,0,0,2/29/08 8:14,Clear or Partly Cloudy,Dry,Daylight,University District-University District,-122.3046213,47.66094593
-122.3095076,47.66215991,17TH NB AVE NE BETWEEN NE 45TH ST AND NE 47TH ST,1,Property Damage Only Collision,Parked Car,2,2,0,0,0,10/25/10 19:00,Unknown,Unknown,Unknown,University District-University District,-122.3046213,47.66094593
-122.3207279,47.661319,7TH AVE NE AND NE 45TH ST,2,Injury Collision,Pedestrian,2,1,1,0,0,10/14/11 16:25,Clear or Partly Cloudy,Dry,Daylight,University District-University District,-122.3046213,47.66094593
-122.3124641,47.65297596,15TH AVE NE AND NE PACIFIC ST,2,Injury Collision,Angles,4,2,2,0,0,7/10/07 19:08,Clear or Partly Cloudy,Dry,Daylight,University District-University District,-122.3046213,47.66094593
-122.3007113,47.6653328,25TH AVE NE BETWEEN NE 49TH ST AND NE BLAKELEY ST,1,Property Damage Only Collision,Sideswipe,0,2,0,0,0,4/18/15 14:00,Clear or Partly Cloudy,Dry,Daylight,University District-University District,-122.3046213,47.66094593
-122.3120908,47.65756047,15TH AVE NE BETWEEN NE 41ST ST AND NE 42ND ST,1,Property Damage Only Collision,Rear Ended,3,2,0,0,0,10/27/09 16:48,Clear or Partly Cloudy,Dry,Daylight,University District-University District,-122.3046213,47.66094593
-122.3174038,47.66493734,ROOSEVELT WAY NE AND NE 50TH ST,1,Property Damage Only Collision,Left Turn,4,2,0,0,0,3/25/16 7:32,Clear or Partly Cloudy,Dry,Daylight,University District-University District,-122.3046213,47.66094593
-122.302329,47.65499523,MONTLAKE BLVD NE BETWEEN NE PACIFIC PL AND 25TH AVE NE,2,Injury Collision,Rear Ended,3,3,1,0,0,10/23/07 14:30,Clear or Partly Cloudy,Dry,Daylight,University District-University District,-122.3046213,47.66094593
-122.3120518,47.65903992,15TH AVE NE BETWEEN NE 42ND ST AND NE 43RD ST,1,Property Damage Only Collision,Rear Ended,2,2,0,0,0,2/12/13 15:36,Overcast,Dry,Daylight,University District-University District,-122.3046213,47.66094593
-122.3174234,47.66311774,ROOSEVELT WAY NE AND NE 47TH ST,1,Property Damage Only Collision,Parked Car,2,2,0,0,0,12/4/09,Unknown,Unknown,Unknown,University District-University District,-122.3046213,47.66094593
-122.319235,47.65421717,UNIVERSITY BR BETWEEN POINT B AND EASTLAKE AVE NE,2,Injury Collision,Other,1,1,1,0,0,9/30/09 8:50,Clear or Partly Cloudy,Dry,Daylight,University District-University District,-122.3046213,47.66094593
-122.3142101,47.66490847,BROOKLYN AVE NE AND NE 50TH ST,0,Unknown,,0,0,0,0,0,12/11/09,,,,University District-University District,-122.3046213,47.66094593
-122.3178021,47.65751422,ROOSEVELT WAY NE AND NE 42ND S ST,2,Injury Collision,Cycles,2,1,1,0,0,4/20/15 7:49,Clear or Partly Cloudy,Dry,Daylight,University District-University District,-122.3046213,47.66094593
-122.3133346,47.65339944,UNIVERSITY WAY NE AND NE PACIFIC ST,2,Injury Collision,Cycles,2,1,1,0,0,3/14/14 14:30,Unknown,Unknown,Unknown,University District-University District,-122.3046213,47.66094593
-122.318029,47.66130134,NE 45TH ST BETWEEN 9TH E AVE NE AND ROOSEVELT WAY NE,0,Unknown,,0,0,0,0,0,1/3/11,,,,University District-University District,-122.3046213,47.66094593
-122.3097034,47.66215837,17TH SB AVE NE BETWEEN NE 45TH ST AND NE 47TH ST,1,Property Damage Only Collision,Parked Car,2,2,0,0,0,10/28/10 16:15,Raining,Wet,Daylight,University District-University District,-122.3046213,47.66094593
-122.3218867,47.65781659,PASADENA PL NE BETWEEN NE 42ND ST AND DEAD END 2,1,Property Damage Only Collision,Parked Car,2,2,0,0,0,10/3/15 14:10,Clear or Partly Cloudy,Dry,Daylight,University District-University District,-122.3046213,47.66094593
-122.3179209,47.66494073,NE 50TH ST BETWEEN 9TH AVE NE AND ROOSEVELT WAY NE,0,Unknown,,0,0,0,0,0,8/4/15,,,,University District-University District,-122.3046213,47.66094593
-122.3191726,47.66130885,NE 45TH ST BETWEEN 8TH E AVE NE AND 9TH W AVE NE,2,Injury Collision,Other,1,1,1,0,0,2/6/14 14:24,Overcast,Dry,Daylight,University District-University District,-122.3046213,47.66094593
-122.3218441,47.66132628,NE 45TH ST BETWEEN 5TH AVE NE AND 7TH AVE NE,2,Injury Collision,Rear Ended,2,2,1,0,0,4/18/12 11:45,Clear or Partly Cloudy,Dry,Daylight,University District-University District,-122.3046213,47.66094593
-122.3039722,47.66345935,22ND AVE NE BETWEEN 22ND WR S AVE NE AND NE 50TH ST,1,Property Damage Only Collision,Parked Car,2,2,0,0,0,11/6/15 7:00,Unknown,Unknown,Unknown,University District-University District,-122.3046213,47.66094593
-122.3155587,47.65686219,12TH AVE NE AND NE 41ST ST,2,Injury Collision,Angles,2,2,1,0,0,11/2/07,Clear or Partly Cloudy,Dry,Dusk,University District-University District,-122.3046213,47.66094593
-122.3201244,47.66495411,NE 50TH ST BETWEEN 7TH AVE NE AND 8TH AVE NE,1,Property Damage Only Collision,Sideswipe,3,2,0,0,0,9/25/09 14:30,Clear or Partly Cloudy,Dry,Daylight,University District-University District,-122.3046213,47.66094593
-122.3148661,47.66128079,NE 45TH ST BETWEEN 12TH AVE NE AND BROOKLYN AVE NE,1,Property Damage Only Collision,Sideswipe,2,2,0,0,0,5/13/08 19:00,Raining,Wet,Dusk,University District-University District,-122.3046213,47.66094593
-122.319235,47.65421717,UNIVERSITY BR BETWEEN POINT B AND EASTLAKE AVE NE,1,Property Damage Only Collision,Other,1,1,0,0,0,2/1/07,Clear or Partly Cloudy,Dry,Dark - Street Lights On,UNIVERSITY District-UNIVERSITY District,-122.3046213,47.66094593
-122.3039722,47.66345935,22ND AVE NE BETWEEN 22ND WR S AVE NE AND NE 50TH ST,1,Property Damage Only Collision,Parked Car,2,2,0,0,0,10/2/07,Unknown,Unknown,Daylight,University District-University District,-122.3046213,47.66094593
-122.3118813,47.66854,15TH AVE NE AND NE 55TH ST,2,Injury Collision,Other,2,2,1,0,0,5/6/12 11:47,Clear or Partly Cloudy,Dry,Daylight,University District-University District,-122.3046213,47.66094593
-122.2966582,47.66124886,U VILLAGE DR AND NE 45TH ST,1,Property Damage Only Collision,Other,3,2,0,0,0,10/23/04 14:48,Clear or Partly Cloudy,Dry,Daylight,University District-University District,-122.3046213,47.66094593
-122.3142101,47.66490847,BROOKLYN AVE NE AND NE 50TH ST,1,Property Damage Only Collision,Angles,3,2,0,0,0,4/12/13 15:14,Overcast,Dry,Daylight,University District-University District,-122.3046213,47.66094593
-122.3179126,47.66312116,NE 47TH ST BETWEEN 9TH AVE NE AND ROOSEVELT WAY NE,0,Unknown,,0,0,0,0,0,3/12/04,,,,University District-University District,-122.3046213,47.66094593
-122.3168692,47.66493251,NE 50TH ST BETWEEN ROOSEVELT WAY NE AND 11TH AVE NE,1,Property Damage Only Collision,Sideswipe,4,2,0,0,0,1/4/04,Clear or Partly Cloudy,Dry,Daylight,University District-University District,-122.3046213,47.66094593
-122.3050923,47.67002879,PARK RD NE AND NE PARK RD,1,Property Damage Only Collision,,1,0,0,0,0,7/7/19,,,,University District-University District,-122.3046213,47.66094593
-122.3067975,47.65012306,NE PACIFIC ST BETWEEN NE PACIFIC PL AND UNIV HOSPITAL DR,0,Unknown,,0,0,0,0,0,12/13/04,,,,University District-University District,-122.3046213,47.66094593
-122.3045906,47.64824143,MONTLAKE BR BETWEEN POINT A AND NE PACIFIC ST,2,Injury Collision,Rear Ended,4,3,1,0,0,5/7/04,Raining,Wet,Daylight,UNIVERSITY District-UNIVERSITY District,-122.3046213,47.66094593
-122.3083407,47.66396269,18TH AVE NE BETWEEN NE 47TH ST AND NE 50TH ST,0,Unknown,,0,0,0,0,0,3/17/04,,,,University District-University District,-122.3046213,47.66094593
-122.3125337,47.66308772,NE 47TH ST BETWEEN UNIVERSITY WAY NE AND 15TH AVE NE,1,Property Damage Only Collision,Parked Car,2,2,0,0,0,3/28/13 9:15,Clear or Partly Cloudy,Dry,Daylight,University District-University District,-122.3046213,47.66094593