X,Y,LOCATION,SEVERITYCODE,SEVERITYDESC,COLLISIONTYPE,PERSONCOUNT,VEHCOUNT,INJURIES,SERIOUSINJURIES,FATALITIES,INCDTTM,WEATHER,ROADCOND,LIGHTCOND,NEIGHBORHOOD,NX,NY
-122.3121365,47.65597537,15TH AVE NE AND NE CAMPUS EB PY,1,Property Damage Only Collision,Right Turn,6,2,0,0,0,8/27/04 12:56,Clear or Partly Cloudy,Dry,Daylight,University District-University District,-122.3046213,47.66094593
-122.3045906,47.64824143,MONTLAKE BR BETWEEN POINT A AND NE PACIFIC ST,1,Property Damage Only Collision,Sideswipe,4,2,0,0,0,4/13/13 11:30,Overcast,Dry,Daylight,University District-University District,-122.3046213,47.66094593
-122.3096304,47.67130477,17TH AVE NE AND NE 58TH ST,1,Property Damage Only Collision,Other,1,1,0,0,0,10/22/04 2:49,Clear or Partly Cloudy,Dry,Dark - Street Lights On,University District-University District,-122.3046213,47.66094593
-122.3182713,47.65945707,NE 43RD ST BETWEEN 9TH AVE NE AND ROOSEVELT S WAY NE,1,Property Damage Only Collision,Parked Car,2,2,0,0,0,5/6/04,Clear or Partly Cloudy,Dry,Daylight,University District-University District,-122.3046213,47.66094593
-122.3202524,47.66131589,NE 45TH ST BETWEEN 7TH AVE NE AND 8TH W AVE NE,1,Property Damage Only Collision,Sideswipe,3,2,0,0,0,4/12/13 10:34,Overcast,Dry,Daylight,University District-University District,-122.3046213,47.66094593
-122.3143056,47.66054297,BROOKLYN AVE NE BETWEEN NE 43RD ST AND NE 45TH ST,1,Property Damage Only Collision,Angles,4,2,0,0,0,5/15/04 0:41,Clear or Partly Cloudy,Dry,Dark - Street Lights On,University District-University District,-122.3046213,47.66094593
-122.2997468,47.6605222,MONTLAKE BLVD NE BETWEEN NE 44TH ST AND NE 45TH ST RP,1,Property Damage Only Collision,Rear Ended,3,2,0,0,0,1/3/04,Clear or Partly Cloudy,Dry,Dark - Street Lights On,University District-University District,-122.3046213,47.66094593
-122.3148661,47.66128079,NE 45TH ST BETWEEN 12TH AVE NE AND BROOKLYN AVE NE,0,Unknown,,0,0,0,0,0,12/17/04,,,,University District-University District,-122.3046213,47.66094593
-122.3168271,47.66857356,NE 55TH ST BETWEEN ROOSEVELT WAY NE AND 11TH AVE NE,1,Property Damage Only Collision,Angles,3,2,0,0,0,4/14/13 0:36,Raining,Wet,Dark - Street Lights Off,University District-University District,-122.3046213,47.66094593
-122.3044,47.65006045,MONTLAKE BLVD NE BETWEEN NE PACIFIC ST AND NE PACIFIC PL,0,Unknown,,0,0,0,0,0,7/14/04,,,,University District-University District,-122.3046213,47.66094593
-122.3044,47.65006045,MONTLAKE BLVD NE BETWEEN NE PACIFIC ST AND NE PACIFIC PL,2,Injury Collision,Rear Ended,2,2,1,0,0,5/27/04 11:32,Raining,Wet,Daylight,University District-University District,-122.3046213,47.66094593
-122.30127,47.66313985,NE 47TH ST BETWEEN 24TH AVE NE AND 25TH AVE NE,1,Property Damage Only Collision,Cycles,2,1,0,0,0,4/8/13 14:36,Overcast,Dry,Daylight,University District-University District,-122.3046213,47.66094593
-122.3195608,47.66222066,8TH AVE NE BETWEEN NE 45TH E ST AND NE 47TH ST,1,Property Damage Only Collision,Parked Car,2,2,0,0,0,3/7/04,Raining,Wet,Dark - Street Lights On,University District-University District,-122.3046213,47.66094593
-122.3159446,47.65361705,NE PACIFIC ST BETWEEN NE BOAT ST AND BROOKLYN AVE NE,2,Injury Collision,Pedestrian,2,1,1,0,0,3/11/04 12:22,Clear or Partly Cloudy,Dry,Daylight,University District-University District,-122.3046213,47.66094593
-122.3195419,47.66495046,8TH AVE NE AND NE 50TH ST,1,Property Damage Only Collision,Left Turn,6,2,0,0,0,4/7/13 13:45,Raining,Wet,Daylight,University District-University District,-122.3046213,47.66094593
-122.3208342,47.66003431,7TH AVE NE BETWEEN NE 43RD ST AND NE 45TH ST OFF RP,1,Property Damage Only Collision,Parked Car,3,2,0,0,0,4/7/13 1:25,Raining,Wet,Dark - Street Lights On,University District-University District,-122.3046213,47.66094593
-122.3045906,47.64824143,MONTLAKE BR BETWEEN POINT A AND NE PACIFIC ST,1,Property Damage Only Collision,Rear Ended,5,2,0,0,0,3/24/04 11:58,Raining,Wet,Daylight,University District-University District,-122.3046213,47.66094593
-122.3151939,47.65981608,NE 43RD ST BETWEEN 12TH AVE NE AND DEAD END 1,1,Property Damage Only Collision,Parked Car,2,2,0,0,0,4/7/13 17:50,Clear or Partly Cloudy,Wet,Dark - Street Lights On,University District-University District,-122.3046213,47.66094593
-122.3102926,47.66126026,NE 45TH ST BETWEEN 16TH AVE NE AND 17TH SB AVE NE,1,Property Damage Only Collision,Rear Ended,2,2,0,0,0,12/1/04,Clear or Partly Cloudy,Wet,Dark - Street Lights On,University District-University District,-122.3046213,47.66094593
-122.3124641,47.65297596,15TH AVE NE AND NE PACIFIC ST,1,Property Damage Only Collision,Angles,2,2,0,0,0,6/23/04 8:50,Clear or Partly Cloudy,Dry,Daylight,University District-University District,-122.3046213,47.66094593
-122.3163345,47.66492767,11TH AVE NE AND NE 50TH ST,1,Property Damage Only Collision,Sideswipe,3,2,0,0,0,10/4/04,Clear or Partly Cloudy,Dry,Dark - Street Lights On,University District-University District,-122.3046213,47.66094593
-122.3141596,47.66943836,BROOKLYN AVE NE AND NE 56TH ST,2,Injury Collision,Angles,3,2,1,0,0,5/1/18 20:21,Clear or Partly Cloudy,Dry,Dark - Street Lights On,University District-University District,-122.3046213,47.66094593
-122.3207539,47.66096314,7TH AVE NE BETWEEN NE 45TH ST OFF RP AND NE 45TH ST,1,Property Damage Only Collision,Other,2,2,0,0,0,6/8/04,Clear or Partly Cloudy,Dry,Daylight,University District-University District,-122.3046213,47.66094593
-122.3159446,47.65361705,NE PACIFIC ST BETWEEN NE BOAT ST AND BROOKLYN AVE NE,2,Injury Collision,Rear Ended,2,2,2,0,0,1/31/04 18:50,Overcast,Wet,Dark - Street Lights On,University District-University District,-122.3046213,47.66094593
-122.3151903,47.6703383,12TH AVE NE BETWEEN NE 56TH ST AND NE 58TH ST,0,Unknown,,0,0,0,0,0,9/24/04,,,,University District-University District,-122.3046213,47.66094593
-122.3174511,47.66219804,ROOSEVELT WAY NE BETWEEN NE 45TH ST AND NE 47TH ST,2,Injury Collision,Pedestrian,3,2,1,0,0,6/27/04 17:14,Clear or Partly Cloudy,Dry,Daylight,University District-University District,-122.3046213,47.66094593
-122.3163466,47.66401836,11TH AVE NE BETWEEN NE 47TH ST AND NE 50TH ST,0,Unknown,,0,0,0,0,0,11/23/04,,,,University District-University District,-122.3046213,47.66094593
-122.3208342,47.66003431,7TH AVE NE BETWEEN NE 43RD ST AND NE 45TH ST OFF RP,1,Property Damage Only Collision,Sideswipe,3,2,0,0,0,4/5/13 23:04,Raining,Wet,Dark - Street Lights On,University District-University District,-122.3046213,47.66094593
-122.3141866,47.66644343,BROOKLYN AVE NE AND NE 52ND ST,2,Injury Collision,Angles,4,2,3,0,0,4/5/13 18:10,Raining,Wet,Dusk,University District-University District,-122.3046213,47.66094593
-122.3207279,47.661319,7TH AVE NE AND NE 45TH ST,1,Property Damage Only Collision,Sideswipe,2,2,0,0,0,9/21/18 23:01,Raining,Wet,Dark - Street Lights On,University District-University District,-122.3046213,47.66094593
-122.3151909,47.66943488,12TH AVE NE AND NE 56TH ST,1,Property Damage Only Collision,Parked Car,2,2,0,0,0,2/11/18 1:45,Clear or Partly Cloudy,Dry,Dark - Street Lights On,University District-University District,-122.3046213,47.66094593
-122.3195344,47.66603568,8TH AVE NE BETWEEN NE 50TH ST AND NE 53RD ST,0,Unknown,,0,0,0,0,0,9/26/04,,,,University District-University District,-122.3046213,47.66094593
-122.3119933,47.66126195,15TH AVE NE AND NE 45TH ST,1,Property Damage Only Collision,Sideswipe,2,2,0,0,0,11/9/18 7:42,Clear or Partly Cloudy,Dry,Daylight,University District-University District,-122.3046213,47.66094593
-122.3097034,47.66215837,17TH SB AVE NE BETWEEN NE 45TH ST AND NE 47TH ST,0,Unknown,,0,0,0,0,0,7/18/04,,,,University District-University District,-122.3046213,47.66094593
-122.3203114,47.6594615,NE 43RD ST BETWEEN 7TH AVE NE AND 8TH AVE NE,1,Property Damage Only Collision,Parked Car,2,2,0,0,0,4/12/13 22:23,Raining,Wet,Dark - Street Lights On,University District-University District,-122.3046213,47.66094593
-122.3166652,47.65791543,11TH AVE NE BETWEEN EASTLAKE AVE NE AND NE 42ND ST,1,Property Damage Only Collision,Parked Car,2,2,0,0,0,3/30/04 19:20,Clear or Partly Cloudy,Dry,Unknown,University District-University District,-122.3046213,47.66094593
-122.3131157,47.66218058,UNIVERSITY WAY NE BETWEEN NE 45TH ST AND NE 47TH ST,0,Unknown,,0,0,0,0,0,3/21/04,,,,University District-University District,-122.3046213,47.66094593
-122.3009062,47.6618883,25TH AVE NE BETWEEN NE 44TH ST AND NE 47TH ST,1,Property Damage Only Collision,,1,0,0,0,0,2/27/18,,,,University District-University District,-122.3046213,47.66094593
-122.3213725,47.65589078,NE 40 UPPER ST BETWEEN PASADENA PL NE AND 7TH AVE NE,1,Property Damage Only Collision,,1,0,0,0,0,12/23/19,,,,University District-University District,-122.3046213,47.66094593
-122.3159446,47.65361705,NE PACIFIC ST BETWEEN NE BOAT ST AND BROOKLYN AVE NE,1,Property Damage Only Collision,Rear Ended,8,4,0,0,0,12/5/18 18:25,Clear or Partly Cloudy,Dry,Dark - Street Lights On,University District-University District,-122.3046213,47.66094593
-122.3208369,47.65946261,7TH AVE NE AND NE 43RD ST,1,Property Damage Only Collision,Left Turn,2,2,0,0,0,7/2/04,Overcast,Dry,Dark - Street Lights On,University District-University District,-122.3046213,47.66094593
-122.3044,47.65006045,MONTLAKE BLVD NE BETWEEN NE PACIFIC ST AND NE PACIFIC PL,1,Property Damage Only Collision,Rear Ended,3,3,0,0,0,11/24/04 17:34,Raining,Wet,Dark - Street Lights On,University District-University District,-122.3046213,47.66094593
-122.2947629,47.66124551,NE 45TH ST BETWEEN U VILLAGE DR AND NE 45TH PL,1,Property Damage Only Collision,Cycles,2,1,0,0,0,8/30/04 14:50,Clear or Partly Cloudy,Dry,Daylight,University District-University District,-122.3046213,47.66094593
-122.3179209,47.66494073,NE 50TH ST BETWEEN 9TH AVE NE AND ROOSEVELT WAY NE,2,Injury Collision,Rear Ended,3,2,1,0,0,4/7/13 13:45,Raining,Wet,Daylight,University District-University District,-122.3046213,47.66094593
-122.3173718,47.66784032,ROOSEVELT WAY NE BETWEEN NE 53RD ST AND NE 55TH ST,2,Injury Collision,Parked Car,2,2,1,0,0,3/13/19 20:58,Clear or Partly Cloudy,Dry,Dark - Street Lights On,University District-University District,-122.3046213,47.66094593
-122.3119374,47.66489281,15TH AVE NE AND NE 50TH ST,0,Unknown,,0,0,0,0,0,12/27/04,,,,University District-University District,-122.3046213,47.66094593
-122.3179126,47.66312116,NE 47TH ST BETWEEN 9TH AVE NE AND ROOSEVELT WAY NE,1,Property Damage Only Collision,Parked Car,2,2,0,0,0,4/20/04 17:50,Overcast,Dry,Daylight,University District-University District,-122.3046213,47.66094593
-122.3010015,47.65974446,25TH AVE NE BETWEEN MONTLAKE BLVD NE AND NE 44TH ST,2,Injury Collision,Parked Car,3,2,1,0,0,4/11/13 18:10,Clear or Partly Cloudy,Dry,Daylight,University District-University District,-122.3046213,47.66094593
-122.3051967,47.66129999,NE 45TH NR ST BETWEEN 21ST AVE NE AND 22ND AVE NE,0,Unknown,,0,0,0,0,0,4/20/04,,,,University District-University District,-122.3046213,47.66094593
-122.3131297,47.66126937,UNIVERSITY WAY NE AND NE 45TH ST,0,Unknown,,0,0,0,0,0,6/6/04,,,,University District-University District,-122.3046213,47.66094593
-122.3108159,47.66397982,16TH AVE NE BETWEEN NE 47TH ST AND NE 50TH ST,1,Property Damage Only Collision,Parked Car,2,2,0,0,0,8/20/04 19:30,Clear or Partly Cloudy,Dry,Daylight,University District-University District,-122.3046213,47.66094593
-122.3126392,47.65830815,NE 42ND ST BETWEEN UNIVERSITY WAY NE AND 15TH AVE NE,1,Property Damage Only Collision,Parked Car,2,2,0,0,0,5/16/04 10:45,Overcast,Dry,Daylight,University District-University District,-122.3046213,47.66094593
-122.3195419,47.66495046,8TH AVE NE AND NE 50TH ST,1,Property Damage Only Collision,Left Turn,2,2,0,0,0,11/1/04,Raining,Wet,Dark - Street Lights On,University District-University District,-122.3046213,47.66094593
-122.3131157,47.66218058,UNIVERSITY WAY NE BETWEEN NE 45TH ST AND NE 47TH ST,1,Property Damage Only Collision,Parked Car,2,2,0,0,0,11/3/04,Clear or Partly Cloudy,Dry,Daylight,University District-University District,-122.3046213,47.66094593
-122.3124641,47.65297596,15TH AVE NE AND NE PACIFIC ST,2,Injury Collision,Angles,2,2,1,0,0,1/21/04 11:20,Overcast,Dry,Daylight,University District-University District,-122.3046213,47.66094593
-122.309436,47.66945157,17TH NB AVE NE AND NE 56TH ST,0,Unknown,,0,0,0,0,0,12/6/04,,,,University District-University District,-122.3046213,47.66094593
-122.3157406,47.66856649,NE 55TH ST BETWEEN 11TH AVE NE AND 12TH AVE NE,1,Property Damage Only Collision,Sideswipe,2,2,0,0,0,4/28/04 10:18,Clear or Partly Cloudy,Dry,Daylight,University District-University District,-122.3046213,47.66094593
-122.3141656,47.67034535,BROOKLYN AVE NE BETWEEN NE 56TH ST AND NE RAVENNA EB BV,1,Property Damage Only Collision,Parked Car,2,2,0,0,0,7/5/04,Unknown,Unknown,Unknown,University District-University District,-122.3046213,47.66094593
-122.3143633,47.65832864,BROOKLYN AVE NE AND NE 42ND ST,0,Unknown,,0,0,0,0,0,3/5/04,,,,University District-University District,-122.3046213,47.66094593
-122.3177466,47.65965306,ROOSEVELT WAY NE BETWEEN NE 43RD S ST AND NE 43RD N ST,0,Unknown,,0,0,0,0,0,10/9/04,,,,University District-University District,-122.3046213,47.66094593
-122.3124575,47.66944401,NE 56TH ST BETWEEN UNIVERSITY WAY NE AND 15TH AVE NE,1,Property Damage Only Collision,Parked Car,2,2,0,0,0,1/13/04 9:30,Unknown,Unknown,Unknown,University District-University District,-122.3046213,47.66094593
-122.3107512,47.66944449,16TH AVE NE AND NE 56TH ST,2,Injury Collision,Angles,2,2,1,0,0,5/29/04 10:16,Clear or Partly Cloudy,Dry,Daylight,University District-University District,-122.3046213,47.66094593
-122.3083814,47.66125879,18TH AVE NE AND NE 45TH ST,0,Unknown,,0,0,0,0,0,12/17/04,,,,University District-University District,-122.3046213,47.66094593
-122.2975133,47.66122149,NE 45TH ST BETWEEN MONTLAKE BLVD NE AND U VILLAGE DR,2,Injury Collision,Angles,3,2,1,0,0,9/24/04 14:50,Clear or Partly Cloudy,Dry,Daylight,University District-University District,-122.3046213,47.66094593
-122.3024506,47.66125276,NE 45TH ST BETWEEN 21ST AVE NE AND NE 45TH ST RP,1,Property Damage Only Collision,Rear Ended,2,2,0,0,0,8/31/04 17:30,Overcast,Unknown,Daylight,University District-University District,-122.3046213,47.66094593
-122.3118813,47.66854,15TH AVE NE AND NE 55TH ST,2,Injury Collision,Angles,3,2,1,0,0,3/20/04 21:07,Clear or Partly Cloudy,Dry,Dark - Street Lights On,University District-University District,-122.3046213,47.66094593
-122.3208416,47.65849092,7TH AVE NE BETWEEN NE 42ND ST AND NE 43RD ST,1,Property Damage Only Collision,Parked Car,2,2,0,0,0,10/16/04 11:35,Raining,Wet,Daylight,University District-University District,-122.3046213,47.66094593
-122.301916,47.66751506,24TH AVE NE BETWEEN RAVENNA PL NE AND NE 54TH ST,0,Unknown,,0,0,0,0,0,10/28/04,,,,University District-University District,-122.3046213,47.66094593
-122.3163345,47.66492767,11TH AVE NE AND NE 50TH ST,1,Property Damage Only Collision,Cycles,2,1,0,0,0,10/12/04 17:58,Clear or Partly Cloudy,Dry,Dusk,University District-University District,-122.3046213,47.66094593
-122.3195608,47.66222066,8TH AVE NE BETWEEN NE 45TH E ST AND NE 47TH ST,0,Unknown,,0,0,0,0,0,3/25/04,,,,University District-University District,-122.3046213,47.66094593
-122.3195673,47.66131146,8TH AVE NE AND NE 45TH E ST,1,Property Damage Only Collision,Head On,2,2,0,0,0,6/10/04 3:00,Clear or Partly Cloudy,Dry,Dark - Street Lights On,University District-University District,-122.3046213,47.66094593
-122.3120908,47.65756047,15TH AVE NE BETWEEN NE 41ST ST AND NE 42ND ST,1,Property Damage Only Collision,Rear Ended,2,2,0,0,0,1/27/04 19:04,Clear or Partly Cloudy,Dry,Dark - Street Lights On,University District-University District,-122.3046213,47.66094593
-122.3143056,47.66054297,BROOKLYN AVE NE BETWEEN NE 43RD ST AND NE 45TH ST,1,Property Damage Only Collision,Rear Ended,5,2,0,0,0,11/30/04 22:43,Clear or Partly Cloudy,Dry,Dark - Street Lights On,University District-University District,-122.3046213,47.66094593
-122.3077861,47.66305443,NE 47TH ST BETWEEN 18TH AVE NE AND 19TH AVE NE,0,Unknown,,0,0,0,0,0,11/5/04,,,,University District-University District,-122.3046213,47.66094593
-122.3182662,47.65547083,EASTLAKE AVE NE AND UNIVERSITY BR,2,Injury Collision,Angles,2,2,1,0,0,11/8/04,Clear or Partly Cloudy,Dry,Dark - Street Lights On,UNIVERSITY District-UNIVERSITY District,-122.3046213,47.66094593
-122.3187992,47.65682784,9TH AVE NE BETWEEN NE 40TH ALLEY ST AND NE 42ND ST,1,Property Damage Only Collision,Parked Car,2,2,0,0,0,2/20/04 18:18,Clear or Partly Cloudy,Dry,Daylight,University District-University District,-122.3046213,47.66094593
-122.3473007,47.64502969,WESTLAKE AVE N BETWEEN NEWELL ST AND NICKERSON ST,0,Unknown,,0,0,0,0,0,5/10/19,,,,Queen Anne-East Queen Anne,-122.3486057,47.63763662
-122.3569193,47.63898918,QUEEN ANNE AVE N BETWEEN BOSTON ST AND MCGRAW ST,1,Property Damage Only Collision,Parked Car,2,2,0,0,0,7/21/08 17:40,Clear or Partly Cloudy,Dry,Daylight,Queen Anne-East Queen Anne,-122.3486057,47.63763662
-122.3469433,47.64225512,AURORA AVE N AND HALLADAY ST,0,Unknown,,0,0,0,0,0,4/1/13,,,,Queen Anne-East Queen Anne,-122.3486057,47.63763662
-122.3435207,47.63058637,AURORA AVE N AND COMSTOCK ST,1,Property Damage Only Collision,,2,0,0,0,0,12/10/18,,,,Queen Anne-East Queen Anne,-122.3486057,47.63763662
-122.3556163,47.63583461,1ST AVE N BETWEEN HOWE S ST AND HOWE N ST,0,Unknown,,0,0,0,0,0,11/12/18,,,,Queen Anne-East Queen Anne,-122.3486057,47.63763662
-122.3531791,47.63613639,2ND AVE N BETWEEN HOWE ST AND NEWTON ST,1,Property Damage Only Collision,Parked Car,3,3,0,0,0,2/20/06 19:08,Clear or Partly Cloudy,Dry,Dark - Street Lights On,Queen Anne-East Queen Anne,-122.3486057,47.63763662
-122.3446734,47.64157906,DEXTER AVE N BETWEEN WHEELER ST AND HALLADAY ST,1,Property Damage Only Collision,Parked Car,4,4,0,0,0,10/1/07,Raining,Wet,Dark - Street Lights On,QUEEN ANNE-East QUEEN ANNE,-122.3486057,47.63763662
-122.3448862,47.63229915,GALER ST BETWEEN 6TH AVE N AND DEAD END 4,1,Property Damage Only Collision,Other,5,5,0,0,0,3/27/16 22:19,Clear or Partly Cloudy,Dry,Dark - Street Lights On,Queen Anne-East Queen Anne,-122.3486057,47.63763662
-122.3423242,47.64097829,WESTLAKE EAST RDWY AVE N BETWEEN MCGRAW ST AND HALLADAY ST,1,Property Damage Only Collision,Parked Car,2,2,0,0,0,7/11/15 18:00,Unknown,Unknown,Unknown,Queen Anne-East Queen Anne,-122.3486057,47.63763662
-122.3566512,47.62914105,QUEEN ANNE AVE N BETWEEN PROSPECT ST AND HIGHLAND DR,1,Property Damage Only Collision,Rear Ended,2,2,0,0,0,7/17/12 12:58,Clear or Partly Cloudy,Dry,Daylight,Queen Anne-East Queen Anne,-122.3486057,47.63763662
-122.3437801,47.63957615,MCGRAW ST BETWEEN DEXTER AVE N AND WAVERLY PL N,1,Property Damage Only Collision,Parked Car,2,2,0,0,0,7/14/11 9:00,Unknown,Unknown,Unknown,Queen Anne-East Queen Anne,-122.3486057,47.63763662
-122.3435246,47.63015404,AURORA AVE N BETWEEN HIGHLAND DR AND COMSTOCK ST,2,Injury Collision,Rear Ended,2,2,1,0,0,9/30/08 8:55,Clear or Partly Cloudy,Dry,Daylight,Queen Anne-East Queen Anne,-122.3486057,47.63763662
-122.3553794,47.631,LEE ST BETWEEN 1ST AVE N AND TOWER PL,1,Property Damage Only Collision,Parked Car,2,2,0,0,0,1/9/12 15:00,Unknown,Unknown,Unknown,Queen Anne-East Queen Anne,-122.3486057,47.63763662
-122.3569193,47.63898918,QUEEN ANNE AVE N BETWEEN BOSTON ST AND MCGRAW ST,1,Property Damage Only Collision,Parked Car,3,2,0,0,0,12/14/04 12:45,Overcast,Wet,Daylight,Queen Anne-East Queen Anne,-122.3486057,47.63763662
-122.3550389,47.63316591,GARFIELD ST BETWEEN 1ST S AVE N AND WARREN AVE N,1,Property Damage Only Collision,Parked Car,2,2,0,0,0,12/19/04 9:39,Overcast,Wet,Dark - Street Lights On,Queen Anne-East Queen Anne,-122.3486057,47.63763662
-122.3473007,47.64502969,WESTLAKE AVE N BETWEEN NEWELL ST AND NICKERSON ST,2,Injury Collision,Rear Ended,5,2,1,0,0,8/7/04,Clear or Partly Cloudy,Dry,Daylight,QUEEN ANNE-East QUEEN ANNE,-122.3486057,47.63763662
-122.3501234,47.63740848,CROCKETT ST BETWEEN NOB HILL AVE N AND 4TH AVE N,1,Property Damage Only Collision,Parked Car,2,2,0,0,0,10/22/18 7:00,Clear or Partly Cloudy,Dry,Daylight,Queen Anne-East Queen Anne,-122.3486057,47.63763662
-122.3466941,47.6422552,HALLADAY ST BETWEEN AURORA AVE N AND BIRCH AVE N,2,Injury Collision,Rear Ended,4,2,2,0,0,5/14/19 16:49,Overcast,Dry,Daylight,Queen Anne-East Queen Anne,-122.3486057,47.63763662
-122.347533,47.62932483,5TH AVE N BETWEEN PROSPECT ST AND HIGHLAND DR,0,Unknown,,2,0,0,0,0,5/31/17,,,,Queen Anne-East Queen Anne,-122.3486057,47.63763662
-122.3444887,47.63758771,AURORA AVE N BETWEEN HOWE ST AND LYNN ST,0,Unknown,,0,0,0,0,0,10/30/04,,,,Queen Anne-East Queen Anne,-122.3486057,47.63763662
-122.3460864,47.64009495,AURORA AVE N BETWEEN MCGRAW ST AND DEXTER WAY N,1,Property Damage Only Collision,Rear Ended,3,3,0,0,0,7/18/18 17:53,Clear or Partly Cloudy,Dry,Daylight,Queen Anne-East Queen Anne,-122.3486057,47.63763662
-122.3484855,47.63570848,BIGELOW AVE N BETWEEN BLAINE ST AND NEWTON ST,0,Unknown,,0,0,0,0,0,6/11/18,,,,Queen Anne-East Queen Anne,-122.3486057,47.63763662
-122.3466941,47.6422552,HALLADAY ST BETWEEN AURORA AVE N AND BIRCH AVE N,2,Injury Collision,Rear Ended,3,2,1,0,0,8/25/04 16:22,Raining,Wet,Daylight,Queen Anne-East Queen Anne,-122.3486057,47.63763662
-122.3466941,47.6422552,HALLADAY ST BETWEEN AURORA AVE N AND BIRCH AVE N,1,Property Damage Only Collision,Rear Ended,2,2,0,0,0,9/22/04 6:53,Overcast,Dry,Daylight,Queen Anne-East Queen Anne,-122.3486057,47.63763662
-122.3466941,47.6422552,HALLADAY ST BETWEEN AURORA AVE N AND BIRCH AVE N,1,Property Damage Only Collision,Right Turn,2,2,0,0,0,4/22/19 8:40,Clear or Partly Cloudy,Dry,Daylight,Queen Anne-East Queen Anne,-122.3486057,47.63763662
-122.3556521,47.6327405,1ST AVE N BETWEEN GALER ST AND GARFIELD S ST,0,Unknown,,0,0,0,0,0,6/5/18,,,,Queen Anne-East Queen Anne,-122.3486057,47.63763662
-122.347529,47.62974057,5TH AVE N AND HIGHLAND DR,2,Injury Collision,Angles,2,2,1,0,0,4/14/04 7:10,Overcast,Dry,Daylight,Queen Anne-East Queen Anne,-122.3486057,47.63763662
-122.3435002,47.63285877,AURORA AVE N BETWEEN GALER ST AND GARFIELD ST,1,Property Damage Only Collision,Rear Ended,3,3,0,0,0,3/17/04 14:35,Overcast,Dry,Daylight,Queen Anne-East Queen Anne,-122.3486057,47.63763662
-122.3469433,47.64225512,AURORA AVE N AND HALLADAY ST,2,Injury Collision,Rear Ended,4,2,2,0,0,4/4/13 16:20,Raining,Wet,Daylight,Queen Anne-East Queen Anne,-122.3486057,47.63763662
-122.3444887,47.63758771,AURORA AVE N BETWEEN HOWE ST AND LYNN ST,2,Injury Collision,Other,1,1,1,0,0,9/9/18 23:42,Raining,Wet,Dark - Street Lights On,Queen Anne-East Queen Anne,-122.3486057,47.63763662
-122.3434717,47.63473486,AURORA AVE N BETWEEN GARFIELD ST AND HOWE ST,1,Property Damage Only Collision,Rear Ended,5,2,0,0,0,7/21/04 15:58,Clear or Partly Cloudy,Dry,Daylight,Queen Anne-East Queen Anne,-122.3486057,47.63763662
-122.3513027,47.63994564,MCGRAW ST AND MCGRAW NR ST,2,Injury Collision,Angles,2,2,1,0,0,4/10/13 20:45,Overcast,Dry,Dark - Street Lights On,Queen Anne-East Queen Anne,-122.3486057,47.63763662
-122.3440707,47.64312027,WESTLAKE AVE N BETWEEN HALLADAY ST AND NEWELL ST,2,Injury Collision,Other,1,1,1,0,0,5/29/04 2:00,Overcast,Dry,Dark - Street Lights On,Queen Anne-East Queen Anne,-122.3486057,47.63763662