X,Y,LOCATION,SEVERITYCODE,SEVERITYDESC,COLLISIONTYPE,PERSONCOUNT,VEHCOUNT,INJURIES,SERIOUSINJURIES,FATALITIES,INCDTTM,WEATHER,ROADCOND,LIGHTCOND,NEIGHBORHOOD,NX,NY
-122.3456858,47.63935423,AURORA AVE N BETWEEN LYNN ST AND MCGRAW ST,0,Unknown,,0,0,0,0,0,12/6/04,,,,Queen Anne-East Queen Anne,-122.3486057,47.63763662
-122.3425346,47.64096165,WESTLAKE AVE N BETWEEN MCGRAW ST AND HALLADAY ST,2,Injury Collision,Rear Ended,2,2,1,0,0,5/19/04 9:57,Clear or Partly Cloudy,Dry,Daylight,Queen Anne-East Queen Anne,-122.3486057,47.63763662
-122.3435002,47.63285877,AURORA AVE N BETWEEN GALER ST AND GARFIELD ST,0,Unknown,,0,0,0,0,0,6/12/04,,,,Queen Anne-East Queen Anne,-122.3486057,47.63763662
-122.3466941,47.6422552,HALLADAY ST BETWEEN AURORA AVE N AND BIRCH AVE N,0,Unknown,,0,0,0,0,0,6/19/04,,,,Queen Anne-East Queen Anne,-122.3486057,47.63763662
-122.3532137,47.63316292,2ND AVE N AND GARFIELD ST,0,Unknown,,0,0,0,0,0,10/19/04,,,,Queen Anne-East Queen Anne,-122.3486057,47.63763662
-122.3466941,47.6422552,HALLADAY ST BETWEEN AURORA AVE N AND BIRCH AVE N,0,Unknown,,0,0,0,0,0,10/8/04,,,,Queen Anne-East Queen Anne,-122.3486057,47.63763662
-122.34493,47.62846294,6TH AVE N BETWEEN WARD ST AND PROSPECT ST,1,Property Damage Only Collision,Parked Car,2,2,0,0,0,7/10/04 20:00,Clear or Partly Cloudy,Dry,Daylight,Queen Anne-East Queen Anne,-122.3486057,47.63763662
-122.3531939,47.6348625,2ND AVE N AND BLAINE ST,2b,Serious Injury Collision,Angles,2,2,1,1,0,4/13/04 17:16,Clear or Partly Cloudy,Dry,Daylight,Queen Anne-East Queen Anne,-122.3486057,47.63763662
-122.3476535,47.63528686,5TH AVE N BETWEEN TAYLOR AVE N AND HOWE ST,0,Unknown,,0,0,0,0,0,1/4/04,,,,Queen Anne-East Queen Anne,-122.3486057,47.63763662
-122.34773,47.63655486,NEWTON ST BETWEEN BIGELOW AVE N AND 5TH AVE N,0,Unknown,,0,0,0,0,0,11/3/04,,,,Queen Anne-East Queen Anne,-122.3486057,47.63763662
-122.3485372,47.64149911,SMITH ST BETWEEN 4TH AVE N AND DEAD END,1,Property Damage Only Collision,Parked Car,2,2,0,0,0,1/17/04 23:30,Unknown,Dry,Dark - No Street Lights,Queen Anne-East Queen Anne,-122.3486057,47.63763662
-122.3470551,47.6426257,AURORA AVE N BETWEEN HALLADAY ST AND RAYE ST,0,Unknown,,0,0,0,0,0,9/12/04,,,,Queen Anne-East Queen Anne,-122.3486057,47.63763662
-122.3716721,47.63534761,11TH AVE W BETWEEN W BLAINE ST AND W HOWE ST,0,Unknown,,0,0,0,0,0,12/20/04,,,,Queen Anne-West Queen Anne,-122.3665187,47.6340759
-122.356977,47.63413623,QUEEN ANNE AVE N BETWEEN GARFIELD ST AND BLAINE ST,0,Unknown,,0,0,0,0,0,10/30/04,,,,Queen Anne-West Queen Anne,-122.3665187,47.6340759
-122.3739146,47.63088021,ELLIOTT AVE W BETWEEN W LEE ST AND W GALER ST FLYOVER,1,Property Damage Only Collision,Rear Ended,4,3,0,0,0,3/29/13 12:12,Clear or Partly Cloudy,Dry,Daylight,Queen Anne-West Queen Anne,-122.3665187,47.6340759
-122.356977,47.63413623,QUEEN ANNE AVE N BETWEEN GARFIELD ST AND BLAINE ST,1,Property Damage Only Collision,Parked Car,2,2,0,0,0,9/17/06 12:54,Clear or Partly Cloudy,Dry,Daylight,Queen Anne-West Queen Anne,-122.3665187,47.6340759
-122.3569626,47.63534934,QUEEN ANNE AVE N BETWEEN BLAINE ST AND HOWE ST,1,Property Damage Only Collision,Parked Car,3,2,0,0,0,3/29/13 14:55,Clear or Partly Cloudy,Dry,Daylight,Queen Anne-West Queen Anne,-122.3665187,47.6340759
-122.3669607,47.6395844,W MCGRAW ST BETWEEN 7TH AVE W AND 8TH AVE W,1,Property Damage Only Collision,Parked Car,2,2,0,0,0,8/17/04 18:05,Clear or Partly Cloudy,Dry,Daylight,Queen Anne-West Queen Anne,-122.3665187,47.6340759
-122.3690352,47.62934958,9TH AVE W BETWEEN W PROSPECT ST AND OLYMPIC WAY W,1,Property Damage Only Collision,Parked Car,2,2,0,0,0,5/11/19 19:31,Clear or Partly Cloudy,Dry,Daylight,Queen Anne-West Queen Anne,-122.3665187,47.6340759
-122.3739146,47.63088021,ELLIOTT AVE W BETWEEN W LEE ST AND W GALER ST FLYOVER,1,Property Damage Only Collision,Rear Ended,4,4,0,0,0,9/26/06 7:39,Clear or Partly Cloudy,Dry,Daylight,Queen Anne-West Queen Anne,-122.3665187,47.6340759
-122.3676398,47.63867692,8TH AVE W BETWEEN W CROCKETT ST AND W MCGRAW ST,0,Unknown,,0,0,0,0,0,5/10/19,,,,Queen Anne-West Queen Anne,-122.3665187,47.6340759
-122.3596588,47.63413575,2ND AVE W BETWEEN W GARFIELD ST AND W BLAINE ST,1,Property Damage Only Collision,Sideswipe,2,2,0,0,0,2/23/05 9:12,Clear or Partly Cloudy,Dry,Daylight,Queen Anne-West Queen Anne,-122.3665187,47.6340759
-122.3610158,47.63292666,3RD AVE W BETWEEN W GALER W ST AND W GARFIELD ST,1,Property Damage Only Collision,Parked Car,2,2,0,0,0,6/9/13 17:44,Clear or Partly Cloudy,Dry,Daylight,Queen Anne-West Queen Anne,-122.3665187,47.6340759
-122.369686,47.63595448,W HOWE ST BETWEEN 9TH AVE W AND 10TH AVE W,0,Unknown,,0,0,0,0,0,8/21/12,,,,Queen Anne-West Queen Anne,-122.3665187,47.6340759
-122.3610235,47.632324,3RD AVE W AND W GALER W ST,0,Unknown,,0,0,0,0,0,10/11/11,,,,Queen Anne-West Queen Anne,-122.3665187,47.6340759
-122.3637963,47.62873936,W PROSPECT ST BETWEEN 5TH AVE W AND 6TH AVE W,1,Property Damage Only Collision,Parked Car,2,2,0,0,0,4/12/13 1:30,Unknown,Unknown,Unknown,Queen Anne-West Queen Anne,-122.3665187,47.6340759
-122.3646941,47.62764275,6TH AVE W BETWEEN W OLYMPIC W PL AND W KINNEAR PL,1,Property Damage Only Collision,Parked Car,3,3,0,0,0,3/31/13 9:54,Clear or Partly Cloudy,Dry,Daylight,Queen Anne-West Queen Anne,-122.3665187,47.6340759
-122.371003,47.62858892,ELLIOTT AVE W AND W PROSPECT ST,1,Property Damage Only Collision,Left Turn,2,2,0,0,0,4/4/13 9:02,Raining,Wet,Daylight,Queen Anne-West Queen Anne,-122.3665187,47.6340759
-122.369099,47.6353506,9TH AVE W BETWEEN W BLAINE ST AND W HOWE ST,1,Property Damage Only Collision,Parked Car,2,2,0,0,0,5/21/04 14:10,Clear or Partly Cloudy,Dry,Daylight,Queen Anne-West Queen Anne,-122.3665187,47.6340759
-122.3702416,47.6312875,OLYMPIC WAY W BETWEEN W LEE ST AND 10TH AVE W,2,Injury Collision,Rear Ended,2,2,1,0,0,6/28/19 20:56,Clear or Partly Cloudy,Dry,Dusk,Queen Anne-West Queen Anne,-122.3665187,47.6340759
-122.3634069,47.63232686,W GALER ST BETWEEN 5TH E AVE W AND 5TH W AVE W,1,Property Damage Only Collision,Parked Car,2,2,0,0,0,10/3/04,Clear or Partly Cloudy,Dry,Dark - Street Lights On,Queen Anne-West Queen Anne,-122.3665187,47.6340759
-122.3609694,47.6365624,3RD AVE W BETWEEN W HOWE ST AND W CROCKETT S ST,1,Property Damage Only Collision,Parked Car,2,2,0,0,0,5/1/10 12:00,Unknown,Unknown,Unknown,Queen Anne-West Queen Anne,-122.3665187,47.6340759
-122.36235,47.63352915,4TH AVE W AND W GARFIELD ST,0,Unknown,,0,0,0,0,0,6/23/16,,,,Queen Anne-West Queen Anne,-122.3665187,47.6340759
-122.3761597,47.64067899,15TH AVE W AND W WHEELER ST,2,Injury Collision,Pedestrian,2,1,1,0,0,12/10/12 7:26,Overcast,Dry,Dark - Street Lights On,Queen Anne-West Queen Anne,-122.3665187,47.6340759
-122.3582886,47.63656294,1ST AVE W BETWEEN W HOWE ST AND W CROCKETT ST,0,Unknown,,2,0,0,0,0,4/11/19,,,,Queen Anne-West Queen Anne,-122.3665187,47.6340759
-122.3569935,47.63290142,QUEEN ANNE AVE N BETWEEN W GALER ST AND GARFIELD ST,1,Property Damage Only Collision,Parked Car,2,2,0,0,0,3/28/13 12:00,Clear or Partly Cloudy,Dry,Daylight,Queen Anne-West Queen Anne,-122.3665187,47.6340759
-122.3761803,47.63326969,15TH AVE W BETWEEN MAGNOLIA BR OFF RP AND MAGNOLIA BR,2,Injury Collision,Rear Ended,4,3,2,0,0,5/7/04,Clear or Partly Cloudy,Dry,Dark - Street Lights On,Queen Anne-West Queen Anne,-122.3665187,47.6340759
-122.356977,47.63413623,QUEEN ANNE AVE N BETWEEN GARFIELD ST AND BLAINE ST,1,Property Damage Only Collision,Parked Car,2,2,0,0,0,5/22/04 12:54,Unknown,Unknown,Unknown,Queen Anne-West Queen Anne,-122.3665187,47.6340759
-122.3623345,47.63474219,4TH AVE W AND W BLAINE ST,2,Injury Collision,Angles,5,2,3,0,0,4/13/13 14:57,Raining,Wet,Daylight,Queen Anne-West Queen Anne,-122.3665187,47.6340759
-122.3582659,47.63838322,1ST AVE W AND W BOSTON ST,1,Property Damage Only Collision,Angles,5,2,0,0,0,4/8/13 7:44,Clear or Partly Cloudy,Wet,Daylight,Queen Anne-West Queen Anne,-122.3665187,47.6340759
-122.3629395,47.63959676,W MCGRAW ST BETWEEN 4TH AVE W AND 5TH AVE W,1,Property Damage Only Collision,Parked Car,2,2,0,0,0,4/14/13 12:28,Clear or Partly Cloudy,Dry,Unknown,Queen Anne-West Queen Anne,-122.3665187,47.6340759
-122.3761675,47.64244869,15TH AVE W AND GILMAN DR W,2,Injury Collision,Angles,3,2,3,0,0,8/3/18 11:40,Clear or Partly Cloudy,Dry,Daylight,Queen Anne-West Queen Anne,-122.3665187,47.6340759
-122.3684198,47.62939312,OLYMPIC WAY W BETWEEN W PROSPECT ST AND 9TH AVE W,0,Unknown,,0,0,0,0,0,11/13/04,,,,Queen Anne-West Queen Anne,-122.3665187,47.6340759
-122.3576236,47.63595585,W HOWE ST BETWEEN QUEEN ANNE AVE N AND 1ST AVE W,1,Property Damage Only Collision,Parked Car,2,2,0,0,0,12/6/04,Unknown,Unknown,Unknown,Queen Anne-West Queen Anne,-122.3665187,47.6340759
-122.3720883,47.62943789,ELLIOTT AVE W BETWEEN W PROSPECT ST AND W LEE ST,1,Property Damage Only Collision,Sideswipe,2,2,0,0,0,6/23/04 23:02,Clear or Partly Cloudy,Dry,Dark - Street Lights On,Queen Anne-West Queen Anne,-122.3665187,47.6340759
-122.3602603,47.63959716,W MCGRAW ST BETWEEN W MCGRAW E PL AND W MCGRAW W PL,1,Property Damage Only Collision,Parked Car,3,2,0,0,0,4/9/04,Clear or Partly Cloudy,Dry,Daylight,QUEEN ANNE-West QUEEN ANNE,-122.3665187,47.6340759
-122.3739146,47.63088021,ELLIOTT AVE W BETWEEN W LEE ST AND W GALER ST FLYOVER,0,Unknown,,0,0,0,0,0,3/25/04,,,,Queen Anne-West Queen Anne,-122.3665187,47.6340759
-122.3569626,47.63534934,QUEEN ANNE AVE N BETWEEN BLAINE ST AND HOWE ST,1,Property Damage Only Collision,,2,0,0,0,0,1/30/18,,,,Queen Anne-West Queen Anne,-122.3665187,47.6340759
-122.3762008,47.6335986,MAGNOLIA BR WB BETWEEN W GALER ST FLYOVER AND MAGNOLIA E BR,0,Unknown,,0,0,0,0,0,12/16/04,,,,Queen Anne-West Queen Anne,-122.3665187,47.6340759
-122.3717057,47.63291966,11TH AVE W BETWEEN W GALER ST AND W GARFIELD ST,0,Unknown,,0,0,0,0,0,9/1/19,,,,Queen Anne-West Queen Anne,-122.3665187,47.6340759
-122.3582659,47.63838322,1ST AVE W AND W BOSTON ST,2,Injury Collision,Angles,4,2,1,0,0,6/28/04 9:30,Clear or Partly Cloudy,Dry,Daylight,Queen Anne-West Queen Anne,-122.3665187,47.6340759
-122.3623189,47.63595524,4TH AVE W AND W HOWE ST,1,Property Damage Only Collision,Other,2,2,0,0,0,11/1/04,Raining,Wet,Daylight,Queen Anne-West Queen Anne,-122.3665187,47.6340759
-122.3663999,47.6259934,W MERCER PL BETWEEN 6TH AVE W AND ELLIOTT AVE W,1,Property Damage Only Collision,Sideswipe,2,2,0,0,0,5/25/04 8:45,Clear or Partly Cloudy,Dry,Daylight,Queen Anne-West Queen Anne,-122.3665187,47.6340759
-122.3676527,47.63775956,8TH AVE W AND W CROCKETT ST,1,Property Damage Only Collision,Angles,2,2,0,0,0,2/13/04 7:52,Clear or Partly Cloudy,Dry,Daylight,Queen Anne-West Queen Anne,-122.3665187,47.6340759
-122.3676309,47.63347062,8TH AVE W BETWEEN W GALER ST AND W BLAINE UPPER ST,1,Property Damage Only Collision,Parked Car,2,2,0,0,0,7/17/04 17:08,Clear or Partly Cloudy,Dry,Daylight,Queen Anne-West Queen Anne,-122.3665187,47.6340759
-122.3580398,47.62152984,1ST AVE W BETWEEN W THOMAS ST AND W HARRISON ST,1,Property Damage Only Collision,Parked Car,2,2,0,0,0,5/14/19 11:57,Overcast,Wet,Daylight,Queen Anne-Lower Queen Anne,-122.3560547,47.62545834
-122.3554338,47.62093571,1ST AVE N AND THOMAS ST,1,Property Damage Only Collision,Angles,4,3,0,0,0,1/6/05,Clear or Partly Cloudy,Dry,Dark - Street Lights On,Queen Anne-Lower Queen Anne,-122.3560547,47.62545834
-122.3636233,47.62291347,ELLIOTT AVE W BETWEEN W HARRISON ST AND 6TH AVE W,2,Injury Collision,Left Turn,4,2,1,0,0,5/16/16 7:24,Clear or Partly Cloudy,Dry,Daylight,Queen Anne-Lower Queen Anne,-122.3560547,47.62545834
-122.3547811,47.62093338,THOMAS ST BETWEEN 1ST AVE N AND WARREN AVE N,0,Unknown,,0,0,0,0,0,3/30/13,,,,Queen Anne-Lower Queen Anne,-122.3560547,47.62545834
-122.3593582,47.61978515,2ND AVE W AND WESTERN AVE W,1,Property Damage Only Collision,Left Turn,2,2,0,0,0,3/25/13 18:30,Clear or Partly Cloudy,Dry,Daylight,Queen Anne-Lower Queen Anne,-122.3560547,47.62545834
-122.3554386,47.62035192,1ST AVE N BETWEEN JOHN ST AND THOMAS ST,1,Property Damage Only Collision,Other,3,2,0,0,0,2/27/08 19:15,Clear or Partly Cloudy,Dry,Dusk,Queen Anne-Lower Queen Anne,-122.3560547,47.62545834
-122.3475573,47.6262813,5TH AVE N AND VALLEY ST,0,Unknown,,0,0,0,0,0,12/18/04,,,,Queen Anne-Lower Queen Anne,-122.3560547,47.62545834
-122.356706,47.62501857,QUEEN ANNE AVE N BETWEEN MERCER ST AND ROY ST,1,Property Damage Only Collision,Parked Car,2,2,0,0,0,10/16/05 22:00,Unknown,Unknown,Unknown,Queen Anne-Lower Queen Anne,-122.3560547,47.62545834
-122.3554146,47.62327152,1ST AVE N AND REPUBLICAN ST,1,Property Damage Only Collision,Left Turn,2,2,0,0,0,5/14/19 10:08,Overcast,Wet,Daylight,Queen Anne-Lower Queen Anne,-122.3560547,47.62545834
-122.3547512,47.62457689,MERCER ST BETWEEN 1ST AVE N AND WARREN AVE N,1,Property Damage Only Collision,,2,0,0,0,0,12/8/18,,,,Queen Anne-Lower Queen Anne,-122.3560547,47.62545834
-122.3488537,47.62757232,4TH AVE N BETWEEN ALOHA ST AND WARD ST,1,Property Damage Only Collision,Parked Car,2,2,0,0,0,11/11/05 18:31,Raining,Wet,Dark - Street Lights On,Queen Anne-Lower Queen Anne,-122.3560547,47.62545834
-122.3482173,47.62542541,ROY ST BETWEEN 4TH AVE N AND 5TH AVE N,1,Property Damage Only Collision,Parked Car,2,2,0,0,0,3/4/05,Clear or Partly Cloudy,Dry,Dark - Street Lights On,Queen Anne-Lower Queen Anne,-122.3560547,47.62545834
-122.3541284,47.62093106,THOMAS ST AND WARREN AVE N,2,Injury Collision,Pedestrian,2,1,1,0,0,5/14/19 13:13,Clear or Partly Cloudy,Dry,Daylight,Queen Anne-Lower Queen Anne,-122.3560547,47.62545834
-122.3599793,47.62572641,W ROY ST BETWEEN 2ND AVE W AND 3RD AVE W,1,Property Damage Only Collision,,1,0,0,0,0,3/25/13,,,,Queen Anne-Lower Queen Anne,-122.3560547,47.62545834
-122.3482257,47.62455294,MERCER ST BETWEEN 4TH AVE N AND 5TH AVE N,2,Injury Collision,Rear Ended,4,3,1,0,0,10/10/04 22:07,Clear or Partly Cloudy,Dry,Dark - Street Lights On,Queen Anne-Lower Queen Anne,-122.3560547,47.62545834
-122.3476013,47.62090802,5TH AVE N AND BROAD ST,1,Property Damage Only Collision,Sideswipe,2,2,0,0,0,11/10/05 18:10,Overcast,Dry,Dark - Street Lights On,Queen Anne-Lower Queen Anne,-122.3560547,47.62545834
-122.3501609,47.62716847,ALOHA ST AND NOB HILL AVE N,1,Property Damage Only Collision,Parked Car,2,2,0,0,0,11/11/11 11:30,Overcast,Unknown,Daylight,Queen Anne-Lower Queen Anne,-122.3560547,47.62545834
-122.3619294,47.62522696,4TH AVE W BETWEEN W MERCER ST AND W ROY ST,1,Property Damage Only Collision,Parked Car,2,2,0,0,0,10/15/08 6:00,Unknown,Unknown,Daylight,Queen Anne-Lower Queen Anne,-122.3560547,47.62545834
-122.3462484,47.62671434,TAYLOR AVE N BETWEEN VALLEY ST AND ALOHA ST,1,Property Damage Only Collision,Parked Car,2,2,0,0,0,7/9/07,Clear or Partly Cloudy,Dry,Unknown,QUEEN ANNE-Lower QUEEN ANNE,-122.3560547,47.62545834
-122.3488698,47.62542788,4TH AVE N AND ROY ST,1,Property Damage Only Collision,Left Turn,2,2,0,0,0,9/14/16 20:54,Clear or Partly Cloudy,Dry,Dark - Street Lights On,Queen Anne-Lower Queen Anne,-122.3560547,47.62545834
-122.3560566,47.62458061,MERCER ST BETWEEN QUEEN ANNE AVE N AND 1ST AVE N,2,Injury Collision,Parked Car,3,2,1,0,0,5/2/15 1:35,Clear or Partly Cloudy,Dry,Dark - Street Lights On,Queen Anne-Lower Queen Anne,-122.3560547,47.62545834
-122.3574424,47.62618491,W QUEEN ANNE DRWY BETWEEN QUEEN ANNE AVE N AND W OLYMPIC PL,1,Property Damage Only Collision,Parked Car,5,2,0,0,0,8/22/12 10:19,Overcast,Dry,Daylight,Queen Anne-Lower Queen Anne,-122.3560547,47.62545834
-122.3469171,47.6244693,MERCER ST BETWEEN 5TH AVE N AND TAYLOR AVE N,1,Property Damage Only Collision,Left Turn,3,2,0,0,0,9/4/07,Raining,Wet,Dark - Street Lights On,Queen Anne-Lower Queen Anne,-122.3560547,47.62545834
-122.3554039,47.62457825,1ST AVE N AND MERCER ST,1,Property Damage Only Collision,Right Turn,2,2,0,0,0,5/14/11 21:47,Raining,Wet,Dark - Street Lights On,Queen Anne-Lower Queen Anne,-122.3560547,47.62545834
-122.3656929,47.6246028,ELLIOTT AVE W AND W MERCER ST,1,Property Damage Only Collision,Rear Ended,2,2,0,0,0,1/9/17 8:12,Clear or Partly Cloudy,Wet,Daylight,Queen Anne-Lower Queen Anne,-122.3560547,47.62545834
-122.3501711,47.62586048,NOB HILL AVE N BETWEEN ROY ST AND VALLEY ST,1,Property Damage Only Collision,Parked Car,2,2,0,0,0,12/1/08,Unknown,Unknown,Daylight,QUEEN ANNE-Lower QUEEN ANNE,-122.3560547,47.62545834
-122.3636233,47.62291347,ELLIOTT AVE W BETWEEN W HARRISON ST AND 6TH AVE W,1,Property Damage Only Collision,Sideswipe,2,2,0,0,0,3/18/14 17:35,Clear or Partly Cloudy,Unknown,Daylight,Queen Anne-Lower Queen Anne,-122.3560547,47.62545834
-122.3623578,47.62185645,ELLIOTT AVE W BETWEEN 4TH AVE W AND W HARRISON ST,1,Property Damage Only Collision,Rear Ended,2,2,0,0,0,8/23/04 17:40,Overcast,Dry,Daylight,Queen Anne-Lower Queen Anne,-122.3560547,47.62545834
-122.3591978,47.63181858,2ND AVE W BETWEEN W LEE ST AND W GALER E ST,1,Property Damage Only Collision,Parked Car,2,2,0,0,0,10/16/04 15:00,Unknown,Unknown,Daylight,Queen Anne-Lower Queen Anne,-122.3560547,47.62545834
-122.3528348,47.61917538,2ND AVE N BETWEEN DENNY WAY AND JOHN ST,1,Property Damage Only Collision,Other,2,2,0,0,0,6/19/04 12:00,Clear or Partly Cloudy,Dry,Daylight,Queen Anne-Lower Queen Anne,-122.3560547,47.62545834
-122.3641968,47.62489166,W MERCER PL BETWEEN W MERCER ST AND 6TH AVE W,1,Property Damage Only Collision,Sideswipe,2,2,0,0,0,4/14/13 19:43,Overcast,Dry,Dark - Street Lights On,Queen Anne-Lower Queen Anne,-122.3560547,47.62545834
-122.3580123,47.62515146,1ST AVE W BETWEEN W MERCER ST AND W ROY ST,1,Property Damage Only Collision,Parked Car,2,2,0,0,0,5/28/04 22:00,Overcast,Wet,Dark - Street Lights On,Queen Anne-Lower Queen Anne,-122.3560547,47.62545834
-122.3462687,47.62446291,MERCER ST AND TAYLOR AVE N,2,Injury Collision,Angles,3,2,2,0,0,11/20/04 22:34,Clear or Partly Cloudy,Dry,Dark - Street Lights On,Queen Anne-Lower Queen Anne,-122.3560547,47.62545834
-122.356706,47.62501857,QUEEN ANNE AVE N BETWEEN MERCER ST AND ROY ST,1,Property Damage Only Collision,Parked Car,3,2,0,0,0,12/14/17 10:02,Overcast,Dry,Daylight,Queen Anne-Lower Queen Anne,-122.3560547,47.62545834
-122.3455983,47.6262743,VALLEY ST BETWEEN TAYLOR AVE N AND 6TH AVE N,0,Unknown,,0,0,0,0,0,11/23/13,,,,Queen Anne-Lower Queen Anne,-122.3560547,47.62545834
-122.3527922,47.62457274,2ND AVE N AND MERCER ST,2,Injury Collision,Cycles,2,1,1,0,0,5/15/14 18:22,Clear or Partly Cloudy,Dry,Daylight,Queen Anne-Lower Queen Anne,-122.3560547,47.62545834
-122.3593397,47.62211776,2ND AVE W AND W HARRISON ST,2,Injury Collision,Angles,3,2,2,0,0,3/23/14 16:54,Clear or Partly Cloudy,Dry,Daylight,Queen Anne-Lower Queen Anne,-122.3560547,47.62545834
-122.355429,47.62151945,1ST AVE N BETWEEN THOMAS ST AND HARRISON ST,1,Property Damage Only Collision,Left Turn,2,2,0,0,0,9/8/11 15:23,Clear or Partly Cloudy,Dry,Daylight,Queen Anne-Lower Queen Anne,-122.3560547,47.62545834
-122.3514802,47.62543769,3RD AVE N AND ROY ST,2,Injury Collision,Cycles,2,1,1,0,0,8/25/14 15:26,Clear or Partly Cloudy,Dry,Daylight,Queen Anne-Lower Queen Anne,-122.3560547,47.62545834
-122.3540949,47.62501008,WARREN AVE N BETWEEN MERCER ST AND ROY ST,0,Unknown,,0,0,0,0,0,11/4/11,,,,Queen Anne-Lower Queen Anne,-122.3560547,47.62545834
-122.3623578,47.62185645,ELLIOTT AVE W BETWEEN 4TH AVE W AND W HARRISON ST,2,Injury Collision,Rear Ended,5,2,1,0,0,7/24/17 10:09,Clear or Partly Cloudy,Dry,Daylight,Queen Anne-Lower Queen Anne,-122.3560547,47.62545834
-122.3469171,47.6244693,MERCER ST BETWEEN 5TH AVE N AND TAYLOR AVE N,2,Injury Collision,Cycles,2,1,1,0,0,12/20/17 18:15,Unknown,Unknown,Unknown,Queen Anne-Lower Queen Anne,-122.3560547,47.62545834
-122.3638817,47.62586164,W ROY ST BETWEEN 5TH AVE W AND DEAD END 1,1,Property Damage Only Collision,Parked Car,2,2,0,0,0,8/29/11 4:30,Clear or Partly Cloudy,Dry,Dark - Street Lights On,Queen Anne-Lower Queen Anne,-122.3560547,47.62545834
-122.3527815,47.6258703,2ND AVE N BETWEEN ROY ST AND VALLEY ST,1,Property Damage Only Collision,Parked Car,2,2,0,0,0,12/12/09 19:46,Overcast,Dry,Dark - Street Lights Off,Queen Anne-Lower Queen Anne,-122.3560547,47.62545834
-122.3475648,47.62542294,5TH AVE N AND ROY ST,0,Unknown,,0,0,0,0,0,2/12/11,,,,Queen Anne-Lower Queen Anne,-122.3560547,47.62545834
-122.3567002,47.62601546,QUEEN ANNE AVE N BETWEEN W ROY ST AND VALLEY ST,2,Injury Collision,Rear Ended,2,2,1,0,0,6/15/15 23:06,Clear or Partly Cloudy,Dry,Dark - Street Lights On,Queen Anne-Lower Queen Anne,-122.3560547,47.62545834
-122.3475681,47.62449513,5TH AVE N AND MERCER ST,1,Property Damage Only Collision,Left Turn,2,2,0,0,0,1/5/08,Clear or Partly Cloudy,Wet,Dark - Street Lights On,Queen Anne-Lower Queen Anne,-122.3560547,47.62545834
-122.3534473,47.62457414,MERCER ST BETWEEN WARREN AVE N AND 2ND AVE N,1,Property Damage Only Collision,,2,0,0,0,0,6/17/16,,,,Queen Anne-Lower Queen Anne,-122.3560547,47.62545834
-122.3567002,47.62601546,QUEEN ANNE AVE N BETWEEN W ROY ST AND VALLEY ST,1,Property Damage Only Collision,Rear Ended,6,2,0,0,0,12/13/17 23:32,Clear or Partly Cloudy,Dry,Dark - Street Lights On,Queen Anne-Lower Queen Anne,-122.3560547,47.62545834
-122.3553969,47.62545228,1ST AVE N AND ROY ST,2,Injury Collision,Pedestrian,2,1,1,0,0,4/2/11 19:36,Overcast,Dry,Dusk,Queen Anne-Lower Queen Anne,-122.3560547,47.62545834
-122.3560672,47.62327417,REPUBLICAN ST BETWEEN QUEEN ANNE AVE N AND 1ST AVE N,1,Property Damage Only Collision,Parked Car,2,2,0,0,0,6/24/07 13:00,Clear or Partly Cloudy,Dry,Daylight,Queen Anne-Lower Queen Anne,-122.3560547,47.62545834
-122.3527849,47.62544255,2ND AVE N AND ROY ST,2,Injury Collision,Pedestrian,2,1,1,0,0,7/31/15 17:48,,,,Queen Anne-Lower Queen Anne,-122.3560547,47.62545834
-122.3586666,47.62458989,W MERCER ST BETWEEN 1ST AVE W AND 2ND AVE W,1,Property Damage Only Collision,Other,4,2,0,0,0,5/27/04 8:50,Raining,Wet,Daylight,Queen Anne-Lower Queen Anne,-122.3560547,47.62545834
-122.3618036,47.63132861,4TH AVE W AND W LEE ST,2,Injury Collision,Angles,2,2,1,0,0,7/19/04 9:01,Clear or Partly Cloudy,Dry,Daylight,Queen Anne-Lower Queen Anne,-122.3560547,47.62545834
-122.3554194,47.62268599,1ST AVE N BETWEEN HARRISON ST AND REPUBLICAN ST,1,Property Damage Only Collision,Rear Ended,2,2,0,0,0,9/5/04,Clear or Partly Cloudy,Dry,Dark - Street Lights On,Queen Anne-Lower Queen Anne,-122.3560547,47.62545834
-122.3443025,47.62541059,ROY ST BETWEEN 6TH AVE N AND AURORA AVE N,1,Property Damage Only Collision,Parked Car,2,2,0,0,0,4/11/13 12:00,Overcast,Unknown,Daylight,Queen Anne-Lower Queen Anne,-122.3560547,47.62545834
-122.3455983,47.6262743,VALLEY ST BETWEEN TAYLOR AVE N AND 6TH AVE N,1,Property Damage Only Collision,Parked Car,2,2,0,0,0,4/5/13 1:41,Raining,Wet,Dark - Street Lights On,Queen Anne-Lower Queen Anne,-122.3560547,47.62545834
-122.3656929,47.6246028,ELLIOTT AVE W AND W MERCER ST,1,Property Damage Only Collision,Sideswipe,6,3,0,0,0,4/9/13 21:20,Clear or Partly Cloudy,Dry,Dark - Street Lights On,Queen Anne-Lower Queen Anne,-122.3560547,47.62545834
-122.3566896,47.62719239,ALOHA ST AND QUEEN ANNE AVE N,1,Property Damage Only Collision,Angles,2,2,0,0,0,11/8/18 16:26,Clear or Partly Cloudy,Dry,Dusk,Queen Anne-Lower Queen Anne,-122.3560547,47.62545834
-122.3475918,47.62207494,5TH AVE N AND HARRISON ST,2,Injury Collision,Angles,7,3,1,0,0,12/4/04,Raining,Wet,Daylight,Queen Anne-Lower Queen Anne,-122.3560547,47.62545834
-122.3469171,47.6244693,MERCER ST BETWEEN 5TH AVE N AND TAYLOR AVE N,1,Property Damage Only Collision,,1,0,0,0,0,12/16/19,,,,Queen Anne-Lower Queen Anne,-122.3560547,47.62545834