X,Y,LOCATION,SEVERITYCODE,SEVERITYDESC,COLLISIONTYPE,PERSONCOUNT,VEHCOUNT,INJURIES,SERIOUSINJURIES,FATALITIES,INCDTTM,WEATHER,ROADCOND,LIGHTCOND,NEIGHBORHOOD,NX,NY
-122.3475681,47.62449513,5TH AVE N AND MERCER ST,1,Property Damage Only Collision,Angles,4,2,0,0,0,4/3/13 20:30,Clear or Partly Cloudy,Dry,Dark - Street Lights On,Queen Anne-Lower Queen Anne,-122.3560547,47.62545834
-122.3547512,47.62457689,MERCER ST BETWEEN 1ST AVE N AND WARREN AVE N,0,Unknown,,0,0,0,0,0,11/6/04,,,,Queen Anne-Lower Queen Anne,-122.3560547,47.62545834
-122.3475966,47.62149011,5TH AVE N BETWEEN BROAD ST AND HARRISON ST,1,Property Damage Only Collision,Sideswipe,2,2,0,0,0,9/9/04,Clear or Partly Cloudy,Dry,Daylight,Queen Anne-Lower Queen Anne,-122.3560547,47.62545834
-122.3593582,47.61978515,2ND AVE W AND WESTERN AVE W,1,Property Damage Only Collision,,2,0,0,0,0,4/13/13,,,,Queen Anne-Lower Queen Anne,-122.3560547,47.62545834
-122.3650637,47.62461386,W MERCER ST BETWEEN 6TH AVE W AND ELLIOTT AVE W,1,Property Damage Only Collision,Sideswipe,2,2,0,0,0,4/4/13 16:44,Raining,Wet,Daylight,Queen Anne-Lower Queen Anne,-122.3560547,47.62545834
-122.3593359,47.62270037,2ND AVE W BETWEEN W HARRISON ST AND W REPUBLICAN ST,0,Unknown,,0,0,0,0,0,12/13/04,,,,Queen Anne-Lower Queen Anne,-122.3560547,47.62545834
-122.3475675,47.62492483,5TH AVE N BETWEEN MERCER ST AND ROY ST,0,Unknown,,0,0,0,0,0,8/14/04,,,,Queen Anne-Lower Queen Anne,-122.3560547,47.62545834
-122.3560566,47.62458061,MERCER ST BETWEEN QUEEN ANNE AVE N AND 1ST AVE N,0,Unknown,,0,0,0,0,0,10/5/04,,,,Queen Anne-Lower Queen Anne,-122.3560547,47.62545834
-122.3554146,47.62327152,1ST AVE N AND REPUBLICAN ST,2,Injury Collision,Left Turn,2,2,1,0,0,5/18/04 16:36,Clear or Partly Cloudy,Dry,Unknown,Queen Anne-Lower Queen Anne,-122.3560547,47.62545834
-122.3619519,47.62212956,4TH AVE W AND W HARRISON ST,1,Property Damage Only Collision,Angles,2,2,0,0,0,4/10/13 17:45,Clear or Partly Cloudy,Dry,Daylight,Queen Anne-Lower Queen Anne,-122.3560547,47.62545834
-122.3573611,47.61860942,WESTERN AVE W AND W DENNY WAY,1,Property Damage Only Collision,Sideswipe,3,2,0,0,0,5/6/04,Clear or Partly Cloudy,Dry,Dark - Street Lights On,QUEEN ANNE-Lower QUEEN ANNE,-122.3560547,47.62545834
-122.3482257,47.62455294,MERCER ST BETWEEN 4TH AVE N AND 5TH AVE N,1,Property Damage Only Collision,Sideswipe,2,2,0,0,0,5/3/19 10:40,Clear or Partly Cloudy,Dry,Daylight,Queen Anne-Lower Queen Anne,-122.3560547,47.62545834
-122.3597002,47.61998687,WESTERN AVE W BETWEEN 2ND AVE W AND ELLIOTT ER AVE W,1,Property Damage Only Collision,Parked Car,2,2,0,0,0,10/16/04 11:59,Overcast,Wet,Daylight,Queen Anne-Lower Queen Anne,-122.3560547,47.62545834
-122.3626951,47.62214027,ELLIOTT AVE W AND W HARRISON ST,1,Property Damage Only Collision,Angles,5,2,0,0,0,2/14/04 10:41,Overcast,Wet,Daylight,Queen Anne-Lower Queen Anne,-122.3560547,47.62545834
-122.3580261,47.62328137,1ST AVE W AND W REPUBLICAN ST,0,Unknown,,0,0,0,0,0,12/17/04,,,,Queen Anne-Lower Queen Anne,-122.3560547,47.62545834
-122.3554386,47.62035192,1ST AVE N BETWEEN JOHN ST AND THOMAS ST,1,Property Damage Only Collision,Parked Car,2,2,0,0,0,12/5/04,Overcast,Dry,Dark - Street Lights On,Queen Anne-Lower Queen Anne,-122.3560547,47.62545834
-122.3554386,47.62035192,1ST AVE N BETWEEN JOHN ST AND THOMAS ST,2,Injury Collision,Other,3,2,2,0,0,4/3/04,Unknown,Dry,Unknown,Queen Anne-Lower Queen Anne,-122.3560547,47.62545834
-122.3566931,47.6267531,QUEEN ANNE AVE N BETWEEN VALLEY ST AND ALOHA ST,0,Unknown,,0,0,0,0,0,12/31/04,,,,Queen Anne-Lower Queen Anne,-122.3560547,47.62545834
-122.3577102,47.61881611,WESTERN AVE W BETWEEN W DENNY WAY AND 1ST AVE W,1,Property Damage Only Collision,Parked Car,0,2,0,0,0,1/12/04 20:00,Other,Unknown,Unknown,Queen Anne-Lower Queen Anne,-122.3560547,47.62545834
-122.3462484,47.62671434,TAYLOR AVE N BETWEEN VALLEY ST AND ALOHA ST,2,Injury Collision,Rear Ended,2,2,1,0,0,11/30/04 7:48,Overcast,Wet,Daylight,Queen Anne-Lower Queen Anne,-122.3560547,47.62545834
-122.356706,47.62501857,QUEEN ANNE AVE N BETWEEN MERCER ST AND ROY ST,1,Property Damage Only Collision,Parked Car,2,2,0,0,0,10/28/04 8:45,Overcast,Dry,Daylight,Queen Anne-Lower Queen Anne,-122.3560547,47.62545834
-122.3567515,47.61918879,QUEEN ANNE AVE N BETWEEN DENNY WAY AND JOHN ST,1,Property Damage Only Collision,Other,2,2,0,0,0,6/18/04 1:30,Clear or Partly Cloudy,Dry,Dark - Street Lights On,Queen Anne-Lower Queen Anne,-122.3560547,47.62545834
-122.3597002,47.61998687,WESTERN AVE W BETWEEN 2ND AVE W AND ELLIOTT ER AVE W,0,Unknown,,0,0,0,0,0,4/12/04,,,,Queen Anne-Lower Queen Anne,-122.3560547,47.62545834
-122.358661,47.62572106,W ROY ST BETWEEN 1ST AVE W AND 2ND AVE W,1,Property Damage Only Collision,Other,2,2,0,0,0,11/24/04 14:40,Raining,Wet,Daylight,Queen Anne-Lower Queen Anne,-122.3560547,47.62545834
-122.3488815,47.62398874,4TH AVE N BETWEEN REPUBLICAN ST AND MERCER ST,1,Property Damage Only Collision,Other,3,2,0,0,0,2/12/04 23:03,Clear or Partly Cloudy,Dry,Dark - Street Lights On,Queen Anne-Lower Queen Anne,-122.3560547,47.62545834
-122.3469171,47.6244693,MERCER ST BETWEEN 5TH AVE N AND TAYLOR AVE N,0,Unknown,,0,0,0,0,0,12/28/04,,,,Queen Anne-Lower Queen Anne,-122.3560547,47.62545834
-122.3638817,47.62586164,W ROY ST BETWEEN 5TH AVE W AND DEAD END 1,1,Property Damage Only Collision,Parked Car,0,2,0,0,0,2/23/04 7:00,Unknown,Unknown,Unknown,Queen Anne-Lower Queen Anne,-122.3560547,47.62545834
-122.3580446,47.62094629,1ST AVE W AND W THOMAS ST,1,Property Damage Only Collision,Angles,2,2,0,0,0,6/8/04,Clear or Partly Cloudy,Dry,Daylight,Queen Anne-Lower Queen Anne,-122.3560547,47.62545834
-122.355429,47.62151945,1ST AVE N BETWEEN THOMAS ST AND HARRISON ST,0,Unknown,,0,0,0,0,0,9/9/04,,,,Queen Anne-Lower Queen Anne,-122.3560547,47.62545834
-122.358706,47.61940404,WESTERN AVE W BETWEEN 1ST AVE W AND 2ND AVE W,2,Injury Collision,Rear Ended,3,3,2,0,0,4/20/04 7:06,Clear or Partly Cloudy,Wet,Daylight,Queen Anne-Lower Queen Anne,-122.3560547,47.62545834
-122.3580123,47.62515146,1ST AVE W BETWEEN W MERCER ST AND W ROY ST,1,Property Damage Only Collision,Other,4,2,0,0,0,4/24/04 23:44,Clear or Partly Cloudy,Dry,Dark - Street Lights On,Queen Anne-Lower Queen Anne,-122.3560547,47.62545834
-122.3462592,47.6254181,ROY ST AND TAYLOR AVE N,1,Property Damage Only Collision,Angles,2,2,0,0,0,3/17/04 7:05,Raining,Wet,Daylight,Queen Anne-Lower Queen Anne,-122.3560547,47.62545834
-122.3592036,47.63131726,2ND AVE W AND W LEE ST,1,Property Damage Only Collision,Angles,5,2,0,0,0,5/28/04 23:15,Overcast,Dry,Dark - No Street Lights,Queen Anne-Lower Queen Anne,-122.3560547,47.62545834
-122.3534745,47.62092875,THOMAS ST BETWEEN WARREN AVE N AND 2ND AVE N,0,Unknown,,0,0,0,0,0,11/7/04,,,,Queen Anne-Lower Queen Anne,-122.3560547,47.62545834
-122.3748857,47.6475355,14TH AVE W BETWEEN W BARRETT ST AND W DRAVUS ST,0,Unknown,,0,0,0,0,0,11/16/18,,,,Queen Anne-North Queen Anne,-122.3629716,47.64876764
-122.3742777,47.65536214,W NICKERSON ST BETWEEN 13TH AVE W AND 14TH AVE W,1,Property Damage Only Collision,Other,1,1,0,0,0,3/31/13 23:19,Clear or Partly Cloudy,Dry,Dark - Street Lights On,Queen Anne-North Queen Anne,-122.3629716,47.64876764
-122.3680008,47.65358535,W EWING ST BETWEEN 6TH AVE W AND W EWING PL,0,Unknown,,1,0,0,0,0,3/27/13,,,,Queen Anne-North Queen Anne,-122.3629716,47.64876764
-122.3628634,47.64579546,W FULTON ST BETWEEN 4TH AVE W AND 5TH AVE W,0,Unknown,,2,0,0,0,0,12/9/18,,,,Queen Anne-North Queen Anne,-122.3629716,47.64876764
-122.356463,47.64865856,DRAVUS ST BETWEEN QUEEN ANNE AVE N AND NICKERSON ST,1,Property Damage Only Collision,Parked Car,2,2,0,0,0,3/16/13 13:00,Unknown,Unknown,Unknown,Queen Anne-North Queen Anne,-122.3629716,47.64876764
-122.3626677,47.65123294,W NICKERSON ST BETWEEN 3RD AVE W AND 6TH AVE W,1,Property Damage Only Collision,Other,3,2,0,0,0,12/1/05,Snowing,Wet,Daylight,Queen Anne-North Queen Anne,-122.3629716,47.64876764
-122.3608773,47.65082921,3RD AVE W AND W NICKERSON ST,1,Property Damage Only Collision,Rear Ended,3,3,0,0,0,5/13/19 10:30,Clear or Partly Cloudy,Dry,Daylight,Queen Anne-North Queen Anne,-122.3629716,47.64876764
-122.3646643,47.65123369,6TH AVE W BETWEEN W EMERSON ST AND W NICKERSON ST,0,Unknown,,0,0,0,0,0,2/6/04,,,,Queen Anne-North Queen Anne,-122.3629716,47.64876764
-122.3742777,47.65536214,W NICKERSON ST BETWEEN 13TH AVE W AND 14TH AVE W,2,Injury Collision,Other,1,1,1,0,0,10/15/06 8:30,Raining,Wet,Daylight,Queen Anne-North Queen Anne,-122.3629716,47.64876764
-122.3589094,47.6414314,W SMITH ST BETWEEN 1ST AVE W AND 2ND AVE W,0,Unknown,,0,0,0,0,0,2/12/16,,,,Queen Anne-North Queen Anne,-122.3629716,47.64876764
-122.3497555,47.64651291,4TH AVE N BETWEEN NICKERSON ST AND FREMONT BR,2,Injury Collision,Rear Ended,0,2,1,0,0,10/20/17 10:08,Raining,Wet,Daylight,Queen Anne-North Queen Anne,-122.3629716,47.64876764
-122.356463,47.64865856,DRAVUS ST BETWEEN QUEEN ANNE AVE N AND NICKERSON ST,2,Injury Collision,Rear Ended,2,2,1,0,0,1/23/07 12:45,Clear or Partly Cloudy,Dry,Daylight,Queen Anne-North Queen Anne,-122.3629716,47.64876764
-122.3757024,47.65393223,15TH AV W OFF RP AND W NICKERSON ST,1,Property Damage Only Collision,Angles,2,2,0,0,0,5/12/17 16:41,Overcast,Dry,Daylight,Queen Anne-North Queen Anne,-122.3629716,47.64876764
-122.3761087,47.64846829,15TH AV W NB OFF RP AND W DRAVUS ST,1,Property Damage Only Collision,,2,0,0,0,0,7/6/14,,,,Queen Anne-North Queen Anne,-122.3629716,47.64876764
-122.3729259,47.64847518,W DRAVUS ST BETWEEN 12TH AVE W AND 13TH AVE W,1,Property Damage Only Collision,Angles,2,2,0,0,0,9/24/15 9:30,Unknown,Unknown,Unknown,Queen Anne-North Queen Anne,-122.3629716,47.64876764
-122.3652216,47.65049597,W BERTONA ST BETWEEN 6TH AVE W AND IRONDALE AVE W,2,Injury Collision,Rear Ended,3,2,2,0,0,4/11/13 10:27,Raining,Wet,Daylight,Queen Anne-North Queen Anne,-122.3629716,47.64876764
-122.3555296,47.64688578,1ST AVE N AND FLORENTIA ST,2b,Serious Injury Collision,Cycles,3,1,1,1,0,8/11/04 18:35,Clear or Partly Cloudy,Dry,Daylight,Queen Anne-North Queen Anne,-122.3629716,47.64876764
-122.3539097,47.64804078,NICKERSON ST BETWEEN WARREN AVE N AND ETRURIA ST,1,Property Damage Only Collision,Parked Car,2,2,0,0,0,1/19/04 9:21,Overcast,Wet,Daylight,Queen Anne-North Queen Anne,-122.3629716,47.64876764
-122.3762633,47.64566405,15TH AVE W BETWEEN W ARMOUR ST AND 15TH AV W NB OFF RP,1,Property Damage Only Collision,Rear Ended,3,2,0,0,0,9/11/14 18:15,Clear or Partly Cloudy,Dry,Daylight,Queen Anne-North Queen Anne,-122.3629716,47.64876764
-122.3642051,47.65066666,W EMERSON ST BETWEEN W BERTONA ST AND 6TH AVE W,1,Property Damage Only Collision,Other,1,1,0,0,0,11/28/14 19:27,Raining,Wet,Dark - Street Lights On,Queen Anne-North Queen Anne,-122.3629716,47.64876764
-122.349741,47.64614703,NICKERSON ST AND WESTLAKE AVE N,1,Property Damage Only Collision,Sideswipe,4,2,0,0,0,7/4/13 23:42,Clear or Partly Cloudy,Dry,Dark - Street Lights On,Queen Anne-North Queen Anne,-122.3629716,47.64876764
-122.3576798,47.64910077,QUEEN ANNE AVE N BETWEEN DRAVUS ST AND CREMONA ST,0,Unknown,,0,0,0,0,0,3/3/10,,,,Queen Anne-North Queen Anne,-122.3629716,47.64876764
-122.3688616,47.65048786,9TH AVE W AND W BERTONA ST,2,Injury Collision,Angles,3,2,1,0,0,8/4/12 19:00,Clear or Partly Cloudy,Dry,Daylight,Queen Anne-North Queen Anne,-122.3629716,47.64876764
-122.3736643,47.64181453,13TH AVE W BETWEEN W WHEELER ST AND W RAYE ST,1,Property Damage Only Collision,Other,5,2,0,0,0,7/8/04,Clear or Partly Cloudy,Dry,Daylight,Queen Anne-North Queen Anne,-122.3629716,47.64876764
-122.3608773,47.65082921,3RD AVE W AND W NICKERSON ST,1,Property Damage Only Collision,Left Turn,2,2,0,0,0,4/11/13 22:08,Clear or Partly Cloudy,Dry,Dark - Street Lights On,Queen Anne-North Queen Anne,-122.3629716,47.64876764
-122.3544934,47.64831023,NICKERSON ST AND WARREN AVE N,2,Injury Collision,Angles,2,2,1,0,0,4/24/19 9:25,Clear or Partly Cloudy,Dry,Daylight,Queen Anne-North Queen Anne,-122.3629716,47.64876764
-122.3579396,47.64689331,W FLORENTIA ST BETWEEN QUEEN ANNE AVE N AND 1ST AVE W,1,Property Damage Only Collision,Parked Car,2,2,0,0,0,8/14/19 14:30,Clear or Partly Cloudy,Dry,Daylight,Queen Anne-North Queen Anne,-122.3629716,47.64876764
-122.364462,47.65163751,6TH AVE W AND W NICKERSON ST,2,Injury Collision,Angles,2,2,1,0,0,5/25/04 21:08,Raining,Wet,Dark - Street Lights On,Queen Anne-North Queen Anne,-122.3629716,47.64876764
-122.3608955,47.64580295,3RD AVE W AND W FULTON ST,1,Property Damage Only Collision,Left Turn,3,2,0,0,0,4/13/13 11:18,Clear or Partly Cloudy,Dry,Daylight,Queen Anne-North Queen Anne,-122.3629716,47.64876764
-122.3608797,47.65041734,3RD AVE W AND W BERTONA ST,2,Injury Collision,Angles,2,2,1,0,0,5/15/18 19:44,Clear or Partly Cloudy,Dry,Daylight,Queen Anne-North Queen Anne,-122.3629716,47.64876764
-122.351337,47.64624848,3RD AVE N BETWEEN FULTON ST AND FLORENTIA ST,2,Injury Collision,Other,1,1,1,0,0,4/12/04 14:57,Clear or Partly Cloudy,Dry,Daylight,Queen Anne-North Queen Anne,-122.3629716,47.64876764
-122.3511598,47.64440229,NEWELL ST BETWEEN 3RD AVE N AND NOB HILL AVE N,1,Property Damage Only Collision,Parked Car,2,2,0,0,0,6/22/19 17:15,Clear or Partly Cloudy,Dry,Daylight,Queen Anne-North Queen Anne,-122.3629716,47.64876764
-122.3761733,47.64385527,15TH AVE W BETWEEN GILMAN UPPER DR W AND W ARMOUR ST,2,Injury Collision,Rear Ended,3,2,3,0,0,10/8/04,Raining,Wet,Daylight,Queen Anne-North Queen Anne,-122.3629716,47.64876764
-122.3761087,47.64846829,15TH AV W NB OFF RP AND W DRAVUS ST,1,Property Damage Only Collision,Sideswipe,2,2,0,0,0,9/28/18 14:45,Clear or Partly Cloudy,Dry,Daylight,Queen Anne-North Queen Anne,-122.3629716,47.64876764
-122.3574235,47.64965732,NICKERSON ST BETWEEN QUEEN ANNE AVE N AND CREMONA ST,2,Injury Collision,Other,2,2,1,0,0,10/15/04 6:10,Overcast,Dry,Dark - Street Lights On,Queen Anne-North Queen Anne,-122.3629716,47.64876764
-122.3544998,47.6473284,WARREN AVE N BETWEEN FLORENTIA ST AND ETRURIA ST,2,Injury Collision,,2,0,1,0,0,11/7/19,,,,Queen Anne-North Queen Anne,-122.3629716,47.64876764
-122.3550183,47.64688694,FLORENTIA ST BETWEEN 1ST AVE N AND WARREN AVE N,0,Unknown,,0,0,0,0,0,12/10/04,,,,Queen Anne-North Queen Anne,-122.3629716,47.64876764
-122.3735784,47.64847419,13TH AVE W AND W DRAVUS ST,1,Property Damage Only Collision,Angles,2,2,0,0,0,2/16/04 10:26,Raining,Wet,Daylight,Queen Anne-North Queen Anne,-122.3629716,47.64876764
-122.3736643,47.64181453,13TH AVE W BETWEEN W WHEELER ST AND W RAYE ST,1,Property Damage Only Collision,Parked Car,2,2,0,0,0,5/8/04,Overcast,Wet,Daylight,Queen Anne-North Queen Anne,-122.3629716,47.64876764
-122.3749087,47.65399631,14TH AVE W AND W EMERSON ST,0,Unknown,,0,0,0,0,0,9/30/04,,,,Queen Anne-North Queen Anne,-122.3629716,47.64876764
-122.3545029,47.64688811,FLORENTIA ST AND WARREN AVE N,0,Unknown,,0,0,0,0,0,12/30/04,,,,Queen Anne-North Queen Anne,-122.3629716,47.64876764
-122.3642051,47.65066666,W EMERSON ST BETWEEN W BERTONA ST AND 6TH AVE W,0,Unknown,,0,0,0,0,0,10/24/04,,,,Queen Anne-North Queen Anne,-122.3629716,47.64876764
-122.3659647,47.65198248,W NICKERSON ST BETWEEN 6TH AVE W AND 8TH AVE W,2,Injury Collision,Rear Ended,2,2,1,0,0,6/3/04,Clear or Partly Cloudy,Dry,Daylight,Queen Anne-North Queen Anne,-122.3629716,47.64876764
-122.3523783,47.64513807,MAYFAIR AVE N BETWEEN NEWELL ST AND FULTON ST,1,Property Damage Only Collision,Parked Car,2,2,0,0,0,9/21/04 12:47,Other,Unknown,Daylight,Queen Anne-North Queen Anne,-122.3629716,47.64876764
-122.3659647,47.65198248,W NICKERSON ST BETWEEN 6TH AVE W AND 8TH AVE W,2,Injury Collision,Rear Ended,2,2,2,0,0,6/5/04,Clear or Partly Cloudy,Dry,Daylight,Queen Anne-North Queen Anne,-122.3629716,47.64876764
-122.3422889,47.63141078,DEXTER AVE N AND LEE ST,2,Injury Collision,Angles,2,2,1,0,0,11/8/06,Overcast,Dry,Daylight,Cascade-WESTLAKE,-122.3416297,47.63254987
-122.341692,47.6339689,HAYES ST BETWEEN DEXTER AVE N AND 8TH AVE N,1,Property Damage Only Collision,Parked Car,2,2,0,0,0,12/22/08 8:00,Snowing,Snow/Slush,Other,Cascade-Westlake,-122.3416297,47.63254987
-122.340203,47.63583807,WESTLAKE EAST RDWY AVE N BETWEEN HOWE ST AND NEWTON ST,0,Unknown,,0,0,0,0,0,6/3/08,,,,Cascade-Westlake,-122.3416297,47.63254987
-122.3402108,47.63677193,WESTLAKE EAST RDWY AVE N BETWEEN NEWTON ST AND WESTLAKE SHORE RDWY 3 AVE N,0,Unknown,,0,0,0,0,0,10/22/08,,,,Cascade-Westlake,-122.3416297,47.63254987
-122.3422834,47.63369315,DEXTER AVE N BETWEEN GARFIELD N ST AND HAYES ST,2,Injury Collision,Cycles,2,1,1,0,0,4/2/13 8:59,Clear or Partly Cloudy,Dry,Daylight,Cascade-Westlake,-122.3416297,47.63254987
-122.3404498,47.63555002,WESTLAKE AVE N BETWEEN BLAINE ST AND NEWTON ST,2b,Serious Injury Collision,Rear Ended,2,2,1,1,0,8/21/12 19:13,Clear or Partly Cloudy,Dry,Daylight,Cascade-Westlake,-122.3416297,47.63254987
-122.3401647,47.62792521,WESTLAKE AVE N BETWEEN ALOHA N ST AND 8TH S AVE N,1,Property Damage Only Collision,Right Turn,4,2,0,0,0,12/13/12 9:12,Overcast,Dry,Daylight,Cascade-Westlake,-122.3416297,47.63254987
-122.3422814,47.63230009,DEXTER AVE N AND GALER ST,1,Property Damage Only Collision,Pedestrian,2,1,0,0,0,6/23/16 7:38,Raining,Wet,Daylight,Cascade-Westlake,-122.3416297,47.63254987
-122.3396224,47.6271709,9TH AVE N AND WESTLAKE AVE N,1,Property Damage Only Collision,Left Turn,4,2,0,0,0,9/8/04,Clear or Partly Cloudy,Dry,Dark - Street Lights On,Cascade-Westlake,-122.3416297,47.63254987
-122.3435477,47.6275805,AURORA AVE N BETWEEN ALOHA ST AND WARD ST,1,Property Damage Only Collision,Other,1,1,0,0,0,4/13/13 17:09,Sleet/Hail/Freezing Rain,Snow/Slush,Daylight,Cascade-Westlake,-122.3416297,47.63254987
-122.3422924,47.63099853,DEXTER AVE N BETWEEN COMSTOCK ST AND LEE ST,1,Property Damage Only Collision,Other,5,2,0,0,0,12/20/14 22:01,Overcast,Wet,Dark - Street Lights On,Cascade-Westlake,-122.3416297,47.63254987
-122.3435477,47.6275805,AURORA AVE N BETWEEN ALOHA ST AND WARD ST,1,Property Damage Only Collision,,1,0,0,0,0,2/26/16,,,,Cascade-Westlake,-122.3416297,47.63254987
-122.3423227,47.62757213,DEXTER AVE N BETWEEN ALOHA ST AND WARD ST,1,Property Damage Only Collision,Rear Ended,2,2,0,0,0,7/12/19 14:20,Clear or Partly Cloudy,Dry,Daylight,Cascade-Westlake,-122.3416297,47.63254987
-122.3422819,47.6326496,DEXTER AVE N BETWEEN GALER ST AND GARFIELD S ST,1,Property Damage Only Collision,Parked Car,2,2,0,0,0,7/14/19 15:51,Clear or Partly Cloudy,Dry,Daylight,Cascade-Westlake,-122.3416297,47.63254987
-122.3422852,47.63498836,DEXTER AVE N BETWEEN HAYES ST AND HOWE ST,1,Property Damage Only Collision,Rear Ended,3,2,0,0,0,3/8/04,Clear or Partly Cloudy,Dry,Dusk,Cascade-WESTLAKE,-122.3416297,47.63254987
-122.3409539,47.63227123,GALER ST AND WESTLAKE S AVE N,2,Injury Collision,Rear Ended,2,2,1,0,0,9/14/04 10:32,Clear or Partly Cloudy,Dry,Daylight,Cascade-Westlake,-122.3416297,47.63254987
-122.3422852,47.63498836,DEXTER AVE N BETWEEN HAYES ST AND HOWE ST,0,Unknown,,0,0,0,0,0,10/8/04,,,,Cascade-Westlake,-122.3416297,47.63254987
-122.340459,47.63644438,NEWTON ST AND WESTLAKE AVE N,2,Injury Collision,Angles,2,2,1,0,0,5/12/04 19:10,Clear or Partly Cloudy,Dry,Daylight,Cascade-Westlake,-122.3416297,47.63254987
-122.3403195,47.62713775,ALOHA ST BETWEEN 8TH AVE N AND 9TH AVE N,1,Property Damage Only Collision,Parked Car,2,2,0,0,0,7/20/04 17:00,Clear or Partly Cloudy,Dry,Daylight,Cascade-Westlake,-122.3416297,47.63254987
-122.3246626,47.64087698,FRANKLIN AVE E BETWEEN E LYNN ST AND E LOUISA ST,1,Property Damage Only Collision,Parked Car,2,2,0,0,0,6/19/09 12:47,Overcast,Dry,Daylight,Cascade-Eastlake,-122.3253129,47.64362104
-122.3239772,47.64808425,EASTLAKE AVE E BETWEEN E SHELBY ST AND E ALLISON ST,0,Unknown,,0,0,0,0,0,3/30/13,,,,Cascade-Eastlake,-122.3253129,47.64362104
-122.3252905,47.63676668,E NEWTON ST BETWEEN EASTLAKE AVE E AND FRANKLIN AVE E,1,Property Damage Only Collision,,1,0,0,0,0,3/25/13,,,,Cascade-Eastlake,-122.3253129,47.64362104
-122.3234661,47.6375274,BOYLSTON AVE E BETWEEN LAKEVIEW N BV E AND E BOSTON ST,1,Property Damage Only Collision,Parked Car,6,2,0,0,0,10/5/05,Clear or Partly Cloudy,Dry,Daylight,Cascade-EASTLAKE,-122.3253129,47.64362104
-122.3257422,47.63631984,EASTLAKE AVE E BETWEEN E HOWE ST AND E NEWTON ST,2,Injury Collision,Cycles,1,0,1,0,0,1/30/07 7:27,Clear or Partly Cloudy,Ice,Daylight,Cascade-Eastlake,-122.3253129,47.64362104
-122.3258848,47.64384056,EASTLAKE AVE E BETWEEN E ROANOKE ST AND E EDGAR ST,1,Property Damage Only Collision,Parked Car,2,2,0,0,0,5/15/14 2:00,Clear or Partly Cloudy,Dry,Dark - Street Lights On,Cascade-Eastlake,-122.3253129,47.64362104
-122.3288694,47.63972759,E LYNN ST BETWEEN FAIRVIEW AVE E AND MINOR AVE E,0,Unknown,,0,0,0,0,0,3/7/16,,,,Cascade-Eastlake,-122.3253129,47.64362104
-122.3271068,47.64087776,YALE AVE E BETWEEN E LYNN ST AND E LOUISA ST,1,Property Damage Only Collision,Parked Car,2,2,0,0,0,9/10/11 16:00,Unknown,Unknown,Unknown,Cascade-Eastlake,-122.3253129,47.64362104
-122.3258971,47.63750541,EASTLAKE AVE E BETWEEN E NEWTON ST AND E BOSTON ST,1,Property Damage Only Collision,Parked Car,2,2,0,0,0,10/4/10 21:15,Unknown,Unknown,Unknown,Cascade-Eastlake,-122.3253129,47.64362104
-122.3271037,47.64319149,YALE AVE E AND E ROANOKE ST,1,Property Damage Only Collision,Parked Car,2,2,0,0,0,9/18/15 17:00,Overcast,Unknown,Daylight,Cascade-Eastlake,-122.3253129,47.64362104
-122.3283619,47.63750531,MINOR AVE E BETWEEN E NEWTON ST AND E BOSTON ST,1,Property Damage Only Collision,Parked Car,2,2,0,0,0,11/13/14 0:01,Unknown,Unknown,Unknown,Cascade-Eastlake,-122.3253129,47.64362104
-122.3227663,47.64965019,EASTLAKE AVE E BETWEEN E ALLISON ST AND HARVARD AVE E,1,Property Damage Only Collision,Parked Car,2,2,0,0,0,1/25/11 14:00,Unknown,Unknown,Unknown,Cascade-Eastlake,-122.3253129,47.64362104
-122.3276026,47.63595465,FAIRVIEW AVE E BETWEEN E BLAINE ST AND E NEWTON ST,1,Property Damage Only Collision,Parked Car,2,2,0,0,0,9/1/15 17:00,Unknown,Unknown,Unknown,Cascade-Eastlake,-122.3253129,47.64362104
-122.3258876,47.6426092,EASTLAKE AVE E BETWEEN E LOUISA ST AND E ROANOKE ST,1,Property Damage Only Collision,Sideswipe,2,2,0,0,0,1/15/04 17:36,Clear or Partly Cloudy,Wet,Dark - Street Lights On,Cascade-Eastlake,-122.3253129,47.64362104
-122.3234161,47.64318602,BOYLSTON AVE E AND E ROANOKE ST,1,Property Damage Only Collision,Angles,2,2,0,0,0,4/13/13 2:17,Raining,Wet,Dark - Street Lights On,Cascade-Eastlake,-122.3253129,47.64362104
-122.3258868,47.64319064,EASTLAKE AVE E AND E ROANOKE ST,1,Property Damage Only Collision,Angles,3,2,0,0,0,2/17/04 16:30,Overcast,Dry,Daylight,Cascade-Eastlake,-122.3253129,47.64362104
-122.3251984,47.64650426,EASTLAKE AVE E BETWEEN E HAMLIN ST AND E SHELBY ST,1,Property Damage Only Collision,Rear Ended,2,2,0,0,0,7/16/04 18:20,Clear or Partly Cloudy,Dry,Daylight,Cascade-Eastlake,-122.3253129,47.64362104
-122.3240692,47.63972666,E LYNN ST BETWEEN FRANKLIN AVE E AND BOYLSTON AVE E,1,Property Damage Only Collision,Parked Car,3,3,0,0,0,3/24/04 9:30,Clear or Partly Cloudy,Dry,Daylight,Cascade-Eastlake,-122.3253129,47.64362104
-122.3240549,47.64202972,E LOUISA ST BETWEEN FRANKLIN AVE E AND BOYLSTON AVE E,0,Unknown,,0,0,0,0,0,6/30/04,,,,Cascade-Eastlake,-122.3253129,47.64362104