X,Y,LOCATION,SEVERITYCODE,SEVERITYDESC,COLLISIONTYPE,PERSONCOUNT,VEHCOUNT,INJURIES,SERIOUSINJURIES,FATALITIES,INCDTTM,WEATHER,ROADCOND,LIGHTCOND,NEIGHBORHOOD,NX,NY
-122.3252862,47.6397269,E LYNN ST BETWEEN EASTLAKE AVE E AND FRANKLIN AVE E,2,Injury Collision,Rear Ended,2,2,1,0,0,5/10/04 11:35,Raining,Wet,Daylight,Cascade-Eastlake,-122.3253129,47.64362104
-122.3234362,47.6487836,EASTLAKE AVE E AND E ALLISON ST,1,Property Damage Only Collision,Parked Car,2,2,0,0,0,6/29/04 7:30,Clear or Partly Cloudy,Dry,Daylight,Cascade-Eastlake,-122.3253129,47.64362104
-122.3239772,47.64808425,EASTLAKE AVE E BETWEEN E SHELBY ST AND E ALLISON ST,0,Unknown,,0,0,0,0,0,12/15/04,,,,Cascade-Eastlake,-122.3253129,47.64362104
-122.3234682,47.63680809,BOYLSTON AVE E AND LAKEVIEW N BV E,0,Unknown,,0,0,0,0,0,11/27/04,,,,Cascade-Eastlake,-122.3253129,47.64362104
-122.3252035,47.64562309,E HAMLIN ST BETWEEN EASTLAKE AVE E AND FRANKLIN AVE E,1,Property Damage Only Collision,Parked Car,2,2,0,0,0,4/26/04 9:18,Unknown,Unknown,Unknown,Cascade-Eastlake,-122.3253129,47.64362104
-122.3397406,47.62454416,9TH AVE N AND MERCER SR ST,2,Injury Collision,Angles,5,2,2,0,0,6/13/04 10:40,Clear or Partly Cloudy,Dry,Daylight,Cascade-South Lake Union,-122.3368411,47.62910883
-122.3304444,47.62427541,MERCER ST AND YALE AVE N,1,Property Damage Only Collision,Left Turn,4,2,0,0,0,12/4/04,Overcast,Dry,Daylight,Cascade-South Lake Union,-122.3368411,47.62910883
-122.347606,47.62032232,5TH AVE N BETWEEN JOHN ST AND BROAD ST,2,Injury Collision,Rear Ended,2,2,1,0,0,3/30/13 16:49,Clear or Partly Cloudy,Dry,Daylight,Cascade-South Lake Union,-122.3368411,47.62910883
-122.3424019,47.61855016,DENNY WAY AND DEXTER AVE,2,Injury Collision,Left Turn,7,3,4,0,0,6/14/05 16:21,Clear or Partly Cloudy,Dry,Daylight,Cascade-South Lake Union,-122.3368411,47.62910883
-122.329804,47.62427706,MERCER ST BETWEEN YALE AVE N AND EASTLAKE AVE E,1,Property Damage Only Collision,Parked Car,2,2,0,0,0,11/11/04 1:44,Clear or Partly Cloudy,Dry,Dark - Street Lights On,Cascade-South Lake Union,-122.3368411,47.62910883
-122.3390988,47.62321161,REPUBLICAN ST BETWEEN 9TH AVE N AND WESTLAKE AVE N,1,Property Damage Only Collision,Pedestrian,2,1,0,0,0,5/10/19 17:20,Overcast,Dry,Daylight,Cascade-South Lake Union,-122.3368411,47.62910883
-122.3436235,47.62583781,AURORA AVE N BETWEEN ROY ST AND VALLEY ST,2,Injury Collision,Rear Ended,5,4,2,0,0,7/7/06,Clear or Partly Cloudy,Dry,Daylight,Cascade-South Lake Union,-122.3368411,47.62910883
-122.3291934,47.6259987,EASTLAKE AVE E BETWEEN LAKEVIEW BLVD E AND ALOHA ST,2,Injury Collision,Sideswipe,2,2,2,0,0,3/30/13 13:05,Clear or Partly Cloudy,Dry,Daylight,Cascade-South Lake Union,-122.3368411,47.62910883
-122.3398055,47.61912394,9TH AVE N BETWEEN DENNY WAY AND JOHN ST,1,Property Damage Only Collision,Sideswipe,4,2,0,0,0,5/10/19 10:30,Clear or Partly Cloudy,Dry,Daylight,Cascade-South Lake Union,-122.3368411,47.62910883
-122.3297738,47.61922127,STEWART ST BETWEEN YALE AVE N AND EASTLAKE AVE E,2,Injury Collision,Sideswipe,2,2,1,0,0,3/25/13 23:57,Clear or Partly Cloudy,Dry,Dark - Street Lights On,Cascade-South Lake Union,-122.3368411,47.62910883
-122.3324647,47.62748318,FAIRVIEW AVE N BETWEEN ALOHA ST AND WARD ST,2,Injury Collision,Cycles,2,1,1,0,0,12/6/07,Clear or Partly Cloudy,Dry,Dark - Street Lights On,Cascade-South Lake Union,-122.3368411,47.62910883
-122.3378801,47.62579262,VALLEY ST BETWEEN WESTLAKE AVE N AND TERRY AVE N,2,Injury Collision,Rear Ended,3,2,1,0,0,8/19/05 16:12,Clear or Partly Cloudy,Dry,Daylight,Cascade-South Lake Union,-122.3368411,47.62910883
-122.3462964,47.62090273,TAYLOR AVE N AND THOMAS ST,2,Injury Collision,Angles,4,2,3,0,0,6/3/06,Clear or Partly Cloudy,Dry,Daylight,Cascade-South Lake Union,-122.3368411,47.62910883
-122.3423266,47.62713838,DEXTER AVE N AND ALOHA ST,2,Injury Collision,Other,3,2,1,0,0,5/12/19 20:29,Clear or Partly Cloudy,Dry,Dusk,Cascade-South Lake Union,-122.3368411,47.62910883
-122.3423664,47.62263838,DEXTER AVE N BETWEEN HARRISON ST AND REPUBLICAN ST,2,Injury Collision,Cycles,2,1,1,0,0,1/23/04 8:45,Unknown,Unknown,Daylight,Cascade-South Lake Union,-122.3368411,47.62910883
-122.3436535,47.62030595,7TH NB AVE N BETWEEN JOHN ST AND THOMAS ST,1,Property Damage Only Collision,Sideswipe,3,2,0,0,0,3/27/13 16:45,Overcast,Wet,Daylight,Cascade-South Lake Union,-122.3368411,47.62910883
-122.3361586,47.61969639,JOHN ST BETWEEN DEAD END AND BOREN AVE N,0,Unknown,,0,0,0,0,0,3/4/04,,,,Cascade-South Lake Union,-122.3368411,47.62910883
-122.34433,47.61855858,DENNY WAY BETWEEN 6TH AVE AND BOREALIS AVE,2,Injury Collision,Rear Ended,2,2,1,0,0,5/11/05 15:34,Clear or Partly Cloudy,Dry,Daylight,Cascade-South Lake Union,-122.3368411,47.62910883
-122.3371515,47.62203646,HARRISON ST AND TERRY AVE N,2,Injury Collision,Angles,2,2,1,0,0,12/14/18 17:10,Overcast,Dry,Dark - Street Lights On,Cascade-South Lake Union,-122.3368411,47.62910883
-122.3423537,47.62446537,DEXTER AVE N AND MERCER ST,1,Property Damage Only Collision,Rear Ended,2,2,0,0,0,3/31/13 11:56,Clear or Partly Cloudy,Dry,Daylight,Cascade-South Lake Union,-122.3368411,47.62910883
-122.3242949,47.63436177,FRANKLIN AVE E BETWEEN E GARFIELD ST AND E BLAINE ST,1,Property Damage Only Collision,Parked Car,2,2,0,0,0,3/30/13 23:09,Clear or Partly Cloudy,Dry,Dark - Street Lights On,Cascade-South Lake Union,-122.3368411,47.62910883
-122.3436235,47.62583781,AURORA AVE N BETWEEN ROY ST AND VALLEY ST,2,Injury Collision,Rear Ended,2,2,1,0,0,10/26/07 16:40,Clear or Partly Cloudy,Dry,Daylight,Cascade-South Lake Union,-122.3368411,47.62910883
-122.334288,47.62469378,FAIRVIEW AVE N AND MERCER ST,0,Unknown,,0,0,0,0,0,11/14/04,,,,Cascade-South Lake Union,-122.3368411,47.62910883
-122.3297738,47.61922127,STEWART ST BETWEEN YALE AVE N AND EASTLAKE AVE E,1,Property Damage Only Collision,Rear Ended,2,2,0,0,0,6/18/11 15:53,Raining,Wet,Daylight,Cascade-South Lake Union,-122.3368411,47.62910883
-122.3323471,47.62081537,THOMAS ST BETWEEN MINOR AVE N AND PONTIUS AVE N,1,Property Damage Only Collision,Parked Car,2,2,0,0,0,9/1/10 23:45,Overcast,Dry,Dark - Street Lights On,Cascade-South Lake Union,-122.3368411,47.62910883
-122.3297738,47.61922127,STEWART ST BETWEEN YALE AVE N AND EASTLAKE AVE E,1,Property Damage Only Collision,Other,1,1,0,0,0,5/23/15 9:02,Raining,Wet,Daylight,Cascade-South Lake Union,-122.3368411,47.62910883
-122.3435755,47.62670593,AURORA AVE N BETWEEN VALLEY ST AND ALOHA ST,1,Property Damage Only Collision,,2,0,0,0,0,2/26/16,,,,Cascade-South Lake Union,-122.3368411,47.62910883
-122.3343443,47.62544337,FAIRVIEW AVE N BETWEEN ROY ST AND VALLEY ST,2,Injury Collision,Rear Ended,3,3,2,0,0,10/4/07,Clear or Partly Cloudy,Dry,Daylight,Cascade-South Lake Union,-122.3368411,47.62910883
-122.3436535,47.62030595,7TH NB AVE N BETWEEN JOHN ST AND THOMAS ST,2,Injury Collision,Rear Ended,2,2,1,0,0,10/23/14 15:30,Overcast,Wet,Daylight,Cascade-South Lake Union,-122.3368411,47.62910883
-122.3482732,47.61857373,DENNY WAY BETWEEN 4TH AVE AND 5TH AVE,0,Unknown,,0,0,0,0,0,3/16/17,,,,Cascade-South Lake Union,-122.3368411,47.62910883
-122.3439816,47.62260732,AURORA AVE N BETWEEN HARRISON ST AND REPUBLICAN ST,0,Unknown,,0,0,0,0,0,9/26/11,,,,Cascade-South Lake Union,-122.3368411,47.62910883
-122.3436842,47.62471211,AURORA AVE N BETWEEN AURORA AV SB OFF RP AND ROY ST,1,Property Damage Only Collision,Rear Ended,2,2,0,0,0,3/2/17 14:49,Overcast,Wet,Daylight,Cascade-South Lake Union,-122.3368411,47.62910883
-122.343675,47.62206083,7TH AVE N AND HARRISON ST,1,Property Damage Only Collision,Other,1,1,0,0,0,3/29/11 1:30,Raining,Wet,Dark - Street Lights On,Cascade-South Lake Union,-122.3368411,47.62910883
-122.3364782,47.62468353,MERCER NR ST BETWEEN TERRY AVE N AND BOREN AVE N,1,Property Damage Only Collision,Parked Car,2,2,0,0,0,9/8/16 19:19,Clear or Partly Cloudy,Dry,Dusk,Cascade-South Lake Union,-122.3368411,47.62910883
-122.3435755,47.62670593,AURORA AVE N BETWEEN VALLEY ST AND ALOHA ST,1,Property Damage Only Collision,Rear Ended,2,2,0,0,0,6/30/15 18:03,Clear or Partly Cloudy,Dry,Daylight,Cascade-South Lake Union,-122.3368411,47.62910883
-122.3418871,47.61854842,DENNY WAY BETWEEN DEXTER AVE AND 8TH AVE,1,Property Damage Only Collision,Sideswipe,4,3,0,0,0,12/4/15 11:51,Clear or Partly Cloudy,Dry,Daylight,Cascade-South Lake Union,-122.3368411,47.62910883
-122.3396788,47.62628067,9TH AVE N BETWEEN ROY ST AND WESTLAKE AVE N,1,Property Damage Only Collision,Sideswipe,3,2,0,0,0,4/6/13 12:50,Raining,Wet,Daylight,Cascade-South Lake Union,-122.3368411,47.62910883
-122.3342037,47.62613482,FAIRVIEW AVE N BETWEEN VALLEY UPPER ST AND FAIRVIEW PL N,2,Injury Collision,Other,2,2,1,0,0,4/10/13 15:49,Clear or Partly Cloudy,Dry,Daylight,Cascade-South Lake Union,-122.3368411,47.62910883
-122.3258295,47.63305621,EASTLAKE AVE E BETWEEN FAIRVIEW AVE N AND E GARFIELD ST,2b,Serious Injury Collision,Other,2,2,1,1,0,4/8/04,Clear or Partly Cloudy,Dry,Daylight,Cascade-South Lake Union,-122.3368411,47.62910883
-122.3269228,47.6343614,FAIRVIEW AVE E BETWEEN E GARFIELD ST AND E BLAINE ST,1,Property Damage Only Collision,Parked Car,2,2,0,0,0,4/8/13 17:42,Overcast,Dry,Daylight,Cascade-South Lake Union,-122.3368411,47.62910883
-122.3371315,47.62454774,MERCER SR ST AND TERRY AVE N,1,Property Damage Only Collision,Left Turn,2,2,0,0,0,9/6/04,Clear or Partly Cloudy,Dry,Daylight,Cascade-South Lake Union,-122.3368411,47.62910883
-122.3424019,47.61855016,DENNY WAY AND DEXTER AVE,1,Property Damage Only Collision,Left Turn,2,2,0,0,0,6/3/04,Unknown,Unknown,Daylight,Cascade-South Lake Union,-122.3368411,47.62910883
-122.3260688,47.63486593,E BLAINE ST BETWEEN FAIRVIEW AVE E AND EASTLAKE AVE E,2,Injury Collision,Parked Car,5,2,3,0,0,4/14/13 1:40,Clear or Partly Cloudy,Dry,Dark - Street Lights On,Cascade-South Lake Union,-122.3368411,47.62910883
-122.3390899,47.62469131,MERCER NR ST BETWEEN 9TH AVE N AND WESTLAKE AVE N,0,Unknown,,0,0,0,0,0,1/6/16,,,,Cascade-South Lake Union,-122.3368411,47.62910883
-122.3423613,47.62322375,DEXTER AVE N AND REPUBLICAN ST,2,Injury Collision,Angles,2,2,1,0,0,4/9/13 8:30,Clear or Partly Cloudy,Dry,Daylight,Cascade-South Lake Union,-122.3368411,47.62910883
-122.339088,47.62454826,MERCER SR ST BETWEEN 9TH AVE N AND WESTLAKE AVE N,0,Unknown,,0,0,0,0,0,1/28/04,,,,Cascade-South Lake Union,-122.3368411,47.62910883
-122.3397689,47.62087893,9TH AVE N AND THOMAS ST,1,Property Damage Only Collision,Angles,2,2,0,0,0,4/9/13 10:59,Clear or Partly Cloudy,Dry,Daylight,Cascade-South Lake Union,-122.3368411,47.62910883
-122.3358714,47.61910821,BOREN AVE N BETWEEN DENNY WAY AND JOHN ST,1,Property Damage Only Collision,Sideswipe,2,2,0,0,0,10/15/06 9:45,Raining,Wet,Daylight,Cascade-South Lake Union,-122.3368411,47.62910883
-122.3436846,47.62089317,7TH AVE N AND THOMAS ST,2,Injury Collision,Right Turn,3,2,1,0,0,9/18/06 18:29,Overcast,Dry,Dusk,Cascade-South Lake Union,-122.3368411,47.62910883
-122.3342644,47.62025066,FAIRVIEW AVE N BETWEEN JOHN ST AND THOMAS ST,2,Injury Collision,Rear Ended,3,3,1,0,0,7/11/04 17:25,Clear or Partly Cloudy,Dry,Daylight,Cascade-South Lake Union,-122.3368411,47.62910883
-122.3342792,47.62316241,FAIRVIEW AVE N AND REPUBLICAN ST,2,Injury Collision,Pedestrian,2,1,1,0,0,5/19/08 7:40,Clear or Partly Cloudy,Dry,Daylight,Cascade-South Lake Union,-122.3368411,47.62910883
-122.3336357,47.6219867,HARRISON ST BETWEEN FAIRVIEW AVE N AND MINOR AVE N,1,Property Damage Only Collision,Parked Car,2,2,0,0,0,10/16/13 18:42,Clear or Partly Cloudy,Dry,Dark - Street Lights On,Cascade-South Lake Union,-122.3368411,47.62910883
-122.3350596,47.62461807,MERCER SR ST BETWEEN BOREN AVE N AND FAIRVIEW N AVE N,2,Injury Collision,Rear Ended,2,2,1,0,0,5/5/14 10:35,Clear or Partly Cloudy,Dry,Daylight,Cascade-South Lake Union,-122.3368411,47.62910883
-122.3350596,47.62461807,MERCER SR ST BETWEEN BOREN AVE N AND FAIRVIEW N AVE N,1,Property Damage Only Collision,Rear Ended,6,2,0,0,0,4/23/17 21:28,Raining,Wet,Dark - Street Lights On,Cascade-South Lake Union,-122.3368411,47.62910883
-122.335087,47.62577679,VALLEY ST BETWEEN BOREN AVE N AND FAIRVIEW AVE N,0,Unknown,,0,0,0,0,0,9/17/09,,,,Cascade-South Lake Union,-122.3368411,47.62910883
-122.3342851,47.62426535,FAIRVIEW AVE N AND MERCER S SR ST,1,Property Damage Only Collision,Right Turn,6,2,0,0,0,7/6/14 21:19,Clear or Partly Cloudy,Dry,Dark - Street Lights On,Cascade-South Lake Union,-122.3368411,47.62910883
-122.3404153,47.62204871,HARRISON ST BETWEEN 8TH AVE N AND 9TH AVE N,2,Injury Collision,Angles,2,2,1,0,0,2/8/11,Clear or Partly Cloudy,Dry,Dusk,Cascade-South Lake Union,-122.3368411,47.62910883
-122.34433,47.61855858,DENNY WAY BETWEEN 6TH AVE AND BOREALIS AVE,1,Property Damage Only Collision,Sideswipe,3,2,0,0,0,12/21/13 22:43,Raining,Wet,Dark - Street Lights On,Cascade-South Lake Union,-122.3368411,47.62910883
-122.3323612,47.62311779,REPUBLICAN ST BETWEEN MINOR AVE N AND PONTIUS AVE N,2,Injury Collision,Rear Ended,3,2,1,0,0,5/12/12 8:43,Clear or Partly Cloudy,Dry,Daylight,Cascade-South Lake Union,-122.3368411,47.62910883
-122.3439816,47.62260732,AURORA AVE N BETWEEN HARRISON ST AND REPUBLICAN ST,1,Property Damage Only Collision,Sideswipe,0,2,0,0,0,9/25/17 9:47,Clear or Partly Cloudy,Dry,Daylight,Cascade-South Lake Union,-122.3368411,47.62910883
-122.330034,47.62686964,ALOHA ST BETWEEN YALE AVE N AND EASTLAKE AVE E,1,Property Damage Only Collision,Parked Car,2,2,0,0,0,5/18/09 9:35,Clear or Partly Cloudy,Dry,Daylight,Cascade-South Lake Union,-122.3368411,47.62910883
-122.347616,47.61915389,5TH AVE N BETWEEN DENNY WAY AND JOHN ST,2,Injury Collision,Rear Ended,0,2,2,0,0,1/31/17 7:50,Clear or Partly Cloudy,Dry,Daylight,Cascade-South Lake Union,-122.3368411,47.62910883
-122.3418871,47.61854842,DENNY WAY BETWEEN DEXTER AVE AND 8TH AVE,2,Injury Collision,Rear Ended,8,3,5,0,0,7/24/15 14:41,Clear or Partly Cloudy,Dry,Daylight,Cascade-South Lake Union,-122.3368411,47.62910883
-122.3269228,47.6343614,FAIRVIEW AVE E BETWEEN E GARFIELD ST AND E BLAINE ST,1,Property Damage Only Collision,Parked Car,2,2,0,0,0,12/22/08 14:30,Unknown,Unknown,Daylight,Cascade-South Lake Union,-122.3368411,47.62910883
-122.3289764,47.62122862,STEWART ST OFF RP BETWEEN I5 SB AND STEWART ST,1,Property Damage Only Collision,Rear Ended,3,2,0,0,0,3/5/13 17:10,Overcast,Dry,Daylight,Cascade-South Lake Union,-122.3368411,47.62910883
-122.334288,47.62469378,FAIRVIEW AVE N AND MERCER ST,1,Property Damage Only Collision,Angles,2,2,0,0,0,7/10/07 6:01,Clear or Partly Cloudy,Dry,Daylight,Cascade-South Lake Union,-122.3368411,47.62910883
-122.334288,47.62469378,FAIRVIEW AVE N AND MERCER ST,1,Property Damage Only Collision,Left Turn,3,2,0,0,0,1/12/11 10:00,Raining,Wet,Daylight,Cascade-South Lake Union,-122.3368411,47.62910883
-122.3366616,47.62578783,VALLEY ST BETWEEN TERRY AVE N AND LAKE UNION PARK ACCESS RD,1,Property Damage Only Collision,Rear Ended,3,2,0,0,0,1/24/10 22:02,Raining,Wet,Dark - Street Lights On,Cascade-South Lake Union,-122.3368411,47.62910883
-122.3424019,47.61855016,DENNY WAY AND DEXTER AVE,2,Injury Collision,Left Turn,6,2,6,0,0,4/13/13 0:22,Raining,Wet,Dark - Street Lights On,Cascade-South Lake Union,-122.3368411,47.62910883
-122.3364782,47.62468353,MERCER NR ST BETWEEN TERRY AVE N AND BOREN AVE N,1,Property Damage Only Collision,Sideswipe,2,2,0,0,0,4/4/13 19:26,Raining,Wet,Dusk,Cascade-South Lake Union,-122.3368411,47.62910883
-122.3427497,47.61855196,DENNY WAY BETWEEN 7TH NB AVE N AND DEXTER AVE,0,Unknown,,0,0,0,0,0,10/27/04,,,,Cascade-South Lake Union,-122.3368411,47.62910883
-122.3304262,47.62139465,YALE AVE N BETWEEN THOMAS ST AND HARRISON ST,1,Property Damage Only Collision,Parked Car,2,2,0,0,0,11/16/04 22:45,Unknown,Unknown,Unknown,Cascade-South Lake Union,-122.3368411,47.62910883
-122.3371216,47.62578951,TERRY AVE N AND VALLEY ST,2,Injury Collision,Left Turn,3,2,1,0,0,1/20/04 15:05,Clear or Partly Cloudy,Dry,Daylight,Cascade-South Lake Union,-122.3368411,47.62910883
-122.3391191,47.62087652,THOMAS ST BETWEEN 9TH AVE N AND WESTLAKE AVE N,1,Property Damage Only Collision,Other,1,1,0,0,0,8/5/04,Clear or Partly Cloudy,Dry,Daylight,Cascade-South Lake Union,-122.3368411,47.62910883
-122.3397737,47.62029334,9TH AVE N BETWEEN JOHN ST AND THOMAS ST,1,Property Damage Only Collision,Parked Car,2,2,0,0,0,2/25/19 14:00,Clear or Partly Cloudy,Dry,Daylight,Cascade-South Lake Union,-122.3368411,47.62910883
-122.3371611,47.62086897,TERRY AVE N AND THOMAS ST,0,Unknown,,0,0,0,0,0,4/4/13,,,,Cascade-South Lake Union,-122.3368411,47.62910883
-122.3469687,47.61856847,DENNY WAY BETWEEN 5TH AVE AND TAYLOR AVE N,1,Property Damage Only Collision,Sideswipe,3,3,0,0,0,4/8/13 7:44,Clear or Partly Cloudy,Dry,Daylight,Cascade-South Lake Union,-122.3368411,47.62910883
-122.334288,47.62469378,FAIRVIEW AVE N AND MERCER ST,1,Property Damage Only Collision,Other,2,2,0,0,0,1/4/04,Clear or Partly Cloudy,Dry,Daylight,Cascade-South Lake Union,-122.3368411,47.62910883
-122.3423474,47.62460833,DEXTER AVE N BETWEEN MERCER ST AND BROAD ST,2,Injury Collision,Rear Ended,7,3,1,0,0,9/25/18 16:12,Clear or Partly Cloudy,Dry,Daylight,Cascade-South Lake Union,-122.3368411,47.62910883
-122.3390899,47.62469131,MERCER NR ST BETWEEN 9TH AVE N AND WESTLAKE AVE N,1,Property Damage Only Collision,Sideswipe,2,2,0,0,0,3/27/13 6:56,Clear or Partly Cloudy,Dry,Daylight,Cascade-South Lake Union,-122.3368411,47.62910883
-122.3336357,47.6219867,HARRISON ST BETWEEN FAIRVIEW AVE N AND MINOR AVE N,1,Property Damage Only Collision,Parked Car,3,3,0,0,0,7/21/04 9:26,Clear or Partly Cloudy,Dry,Daylight,Cascade-South Lake Union,-122.3368411,47.62910883
-122.329804,47.62427706,MERCER ST BETWEEN YALE AVE N AND EASTLAKE AVE E,0,Unknown,,0,0,0,0,0,11/13/04,,,,Cascade-South Lake Union,-122.3368411,47.62910883
-122.3436235,47.62583781,AURORA AVE N BETWEEN ROY ST AND VALLEY ST,1,Property Damage Only Collision,Sideswipe,2,2,0,0,0,3/19/19 17:22,Clear or Partly Cloudy,Dry,Daylight,Cascade-South Lake Union,-122.3368411,47.62910883
-122.3434932,47.61855579,DENNY WAY BETWEEN BOREALIS AVE AND 7TH AVE,1,Property Damage Only Collision,Other,2,2,0,0,0,6/18/04 18:39,Clear or Partly Cloudy,Dry,Daylight,Cascade-South Lake Union,-122.3368411,47.62910883
-122.343675,47.62206083,7TH AVE N AND HARRISON ST,0,Unknown,,0,0,0,0,0,8/2/04,,,,Cascade-South Lake Union,-122.3368411,47.62910883
-122.3291351,47.61971505,EASTLAKE AVE E AND STEWART ST,0,Unknown,,0,0,0,0,0,11/13/04,,,,Cascade-South Lake Union,-122.3368411,47.62910883
-122.3404034,47.62321651,REPUBLICAN ST BETWEEN 8TH AVE N AND 9TH AVE N,1,Property Damage Only Collision,Parked Car,3,2,0,0,0,6/9/04,Clear or Partly Cloudy,Dry,Daylight,Cascade-South Lake Union,-122.3368411,47.62910883
-122.3436846,47.62089317,7TH AVE N AND THOMAS ST,1,Property Damage Only Collision,Angles,2,2,0,0,0,4/5/13 17:46,Raining,Wet,Daylight,Cascade-South Lake Union,-122.3368411,47.62910883
-122.3423382,47.62583103,DEXTER AVE N BETWEEN ROY ST AND VALLEY ST,1,Property Damage Only Collision,Sideswipe,2,2,0,0,0,9/30/04 13:09,Clear or Partly Cloudy,Dry,Daylight,Cascade-South Lake Union,-122.3368411,47.62910883
-122.343675,47.62206083,7TH AVE N AND HARRISON ST,2,Injury Collision,Left Turn,4,2,2,0,0,4/26/19 21:08,Clear or Partly Cloudy,Dry,Dark - Street Lights On,Cascade-South Lake Union,-122.3368411,47.62910883
-122.347606,47.62032232,5TH AVE N BETWEEN JOHN ST AND BROAD ST,0,Unknown,,0,0,0,0,0,12/17/04,,,,Cascade-South Lake Union,-122.3368411,47.62910883
-122.3489252,47.61857627,4TH AVE AND DENNY WAY,2,Injury Collision,Angles,3,2,1,0,0,8/3/04,Clear or Partly Cloudy,Dry,Dark - Street Lights On,Cascade-South Lake Union,-122.3368411,47.62910883
-122.3323402,47.61966366,JOHN ST BETWEEN MINOR AVE N AND PONTIUS E AVE N,1,Property Damage Only Collision,Parked Car,2,2,0,0,0,6/3/04,Clear or Partly Cloudy,Dry,Daylight,Cascade-South Lake Union,-122.3368411,47.62910883
-122.3434932,47.61855579,DENNY WAY BETWEEN BOREALIS AVE AND 7TH AVE,1,Property Damage Only Collision,Rear Ended,2,2,0,0,0,3/26/04 1:10,Clear or Partly Cloudy,Dry,Dark - Street Lights On,Cascade-South Lake Union,-122.3368411,47.62910883
-122.3342037,47.62613482,FAIRVIEW AVE N BETWEEN VALLEY UPPER ST AND FAIRVIEW PL N,2,Injury Collision,Sideswipe,2,2,2,0,0,1/26/04 12:05,Overcast,Dry,Daylight,Cascade-South Lake Union,-122.3368411,47.62910883
-122.334288,47.62469378,FAIRVIEW AVE N AND MERCER ST,1,Property Damage Only Collision,Angles,2,2,0,0,0,1/24/04 1:36,Raining,Wet,Dark - Street Lights On,Cascade-South Lake Union,-122.3368411,47.62910883
-122.3397351,47.62539318,9TH AVE N AND ROY ST,2,Injury Collision,Angles,2,2,1,0,0,3/13/04 2:15,Overcast,Wet,Dark - Street Lights On,Cascade-South Lake Union,-122.3368411,47.62910883
-122.3436798,47.621477,7TH AVE N BETWEEN THOMAS ST AND HARRISON ST,2,Injury Collision,Rear Ended,2,2,1,0,0,1/5/04,Clear or Partly Cloudy,Dry,Dusk,Cascade-South Lake Union,-122.3368411,47.62910883
-122.3364793,47.62454525,MERCER SR ST BETWEEN TERRY AVE N AND BOREN AVE N,2,Injury Collision,Other,4,2,2,0,0,9/17/04 11:28,Clear or Partly Cloudy,Dry,Daylight,Cascade-South Lake Union,-122.3368411,47.62910883
-122.334288,47.62469378,FAIRVIEW AVE N AND MERCER ST,1,Property Damage Only Collision,Sideswipe,2,2,0,0,0,10/6/04,Clear or Partly Cloudy,Dry,Daylight,Cascade-South Lake Union,-122.3368411,47.62910883
-122.3366616,47.62578783,VALLEY ST BETWEEN TERRY AVE N AND LAKE UNION PARK ACCESS RD,0,Unknown,,0,0,0,0,0,6/21/04,,,,Cascade-South Lake Union,-122.3368411,47.62910883
-122.343123,47.61971929,JOHN ST BETWEEN AURORA NB AVE N AND DEXTER AVE N,0,Unknown,,0,0,0,0,0,12/22/04,,,,Cascade-South Lake Union,-122.3368411,47.62910883
-122.334288,47.62469378,FAIRVIEW AVE N AND MERCER ST,1,Property Damage Only Collision,Pedestrian,2,1,0,0,0,8/22/04 7:30,Raining,Wet,Unknown,Cascade-South Lake Union,-122.3368411,47.62910883
-122.332799,47.62722135,ALOHA ST AND FAIRVIEW AVE N,1,Property Damage Only Collision,Sideswipe,3,2,0,0,0,5/30/04 2:52,Clear or Partly Cloudy,Dry,Dark - Street Lights On,Cascade-South Lake Union,-122.3368411,47.62910883
-122.3391284,47.62648333,WESTLAKE AVE N BETWEEN VALLEY ST AND 9TH AVE N,2,Injury Collision,Other,7,2,6,0,0,6/30/04 21:45,Clear or Partly Cloudy,Dry,Dark - Street Lights On,Cascade-South Lake Union,-122.3368411,47.62910883
-122.3317002,47.62023988,PONTIUS AVE N BETWEEN JOHN E ST AND THOMAS ST,1,Property Damage Only Collision,Parked Car,2,2,0,0,0,7/26/04 20:45,Clear or Partly Cloudy,Dry,Daylight,Cascade-South Lake Union,-122.3368411,47.62910883
-122.3329999,47.62311601,MINOR AVE N AND REPUBLICAN ST,2,Injury Collision,Angles,3,2,2,0,0,7/17/04 10:31,Clear or Partly Cloudy,Dry,Daylight,Cascade-South Lake Union,-122.3368411,47.62910883
-122.3450058,47.61856055,6TH AVE AND DENNY WAY,2,Injury Collision,Pedestrian,2,1,1,0,0,8/9/04,Clear or Partly Cloudy,Dry,Dark - Street Lights On,Cascade-South Lake Union,-122.3368411,47.62910883
-122.3317038,47.62081714,PONTIUS AVE N AND THOMAS ST,2,Injury Collision,Angles,2,2,1,0,0,3/10/04 12:53,Clear or Partly Cloudy,Dry,Daylight,Cascade-South Lake Union,-122.3368411,47.62910883
-122.4003494,47.65977588,W GOVERNMENT WAY BETWEEN 33RD AVE W AND 34TH AVE W,1,Property Damage Only Collision,Parked Car,2,2,0,0,0,3/8/04,Clear or Partly Cloudy,Dry,Daylight,Magnolia-Lawton Park,-122.408966,47.65918052
-122.4015797,47.65889504,W GOVERNMENT WAY BETWEEN 34TH AVE W AND 35TH AVE W,1,Property Damage Only Collision,Rear Ended,2,2,0,0,0,12/11/11 11:45,Overcast,Unknown,Daylight,Magnolia-Lawton Park,-122.408966,47.65918052