X,Y,LOCATION,SEVERITYCODE,SEVERITYDESC,COLLISIONTYPE,PERSONCOUNT,VEHCOUNT,INJURIES,SERIOUSINJURIES,FATALITIES,INCDTTM,WEATHER,ROADCOND,LIGHTCOND,NEIGHBORHOOD,NX,NY
-122.384018,47.65032742,W BERTONA ST BETWEEN 21ST AVE W AND 22ND AVE W,1,Property Damage Only Collision,Parked Car,2,2,0,0,0,4/23/16 1:07,Clear or Partly Cloudy,Dry,Dark - Street Lights On,Magnolia-Lawton Park,-122.408966,47.65918052
-122.3982313,47.65587044,32ND AVE W AND W THURMAN ST,0,Unknown,,0,0,0,0,0,6/12/08,,,,Magnolia-Lawton Park,-122.408966,47.65918052
-122.3898931,47.65764449,26TH AVE W AND W ELMORE ST,1,Property Damage Only Collision,Angles,3,2,0,0,0,4/5/16 8:30,Clear or Partly Cloudy,Dry,Daylight,Magnolia-Lawton Park,-122.408966,47.65918052
-122.4009258,47.64682271,34TH AVE W AND W BARRETT ST,1,Property Damage Only Collision,Angles,2,2,0,0,0,5/27/04 13:02,Raining,Wet,Daylight,Magnolia-Lawton Park,-122.408966,47.65918052
-122.3982634,47.66006748,32ND AVE W AND W GOVERNMENT S WAY,1,Property Damage Only Collision,Angles,9,2,0,0,0,8/9/04,Clear or Partly Cloudy,Dry,Daylight,Magnolia-Lawton Park,-122.408966,47.65918052
-122.3980279,47.66103615,W GOVERNMENT WAY BETWEEN W FORT ST AND 32ND N AVE W,1,Property Damage Only Collision,Parked Car,2,2,0,0,0,4/6/13 0:01,Unknown,Unknown,Unknown,Magnolia-Lawton Park,-122.408966,47.65918052
-122.3893164,47.65813476,GILMAN AVE W BETWEEN 25TH AVE W AND 26TH AVE W,1,Property Damage Only Collision,Other,1,1,0,0,0,5/19/12 9:10,Clear or Partly Cloudy,Dry,Daylight,Magnolia-Lawton Park,-122.408966,47.65918052
-122.3833615,47.64939104,21ST AVE W BETWEEN W DRAVUS ST AND W BERTONA ST,0,Unknown,,2,0,0,0,0,5/5/19,,,,Magnolia-Lawton Park,-122.408966,47.65918052
-122.4008949,47.65677248,34TH AVE W BETWEEN W THURMAN ST AND W ELMORE ST,1,Property Damage Only Collision,Other,4,2,0,0,0,7/6/04,Clear or Partly Cloudy,Wet,Daylight,Magnolia-Lawton Park,-122.408966,47.65918052
-122.3898931,47.65764449,26TH AVE W AND W ELMORE ST,1,Property Damage Only Collision,Angles,3,3,0,0,0,12/27/17 23:15,Overcast,Wet,Dark - No Street Lights,Magnolia-Lawton Park,-122.408966,47.65918052
-122.400891,47.65849444,34TH AVE W BETWEEN W ELMORE ST AND W GOVERNMENT WAY,0,Unknown,,0,0,0,0,0,3/3/04,,,,Magnolia-Lawton Park,-122.408966,47.65918052
-122.3859966,47.6547349,23RD AVE W BETWEEN W EMERSON ST AND GILMAN AVE W,0,Unknown,,0,0,0,0,0,12/3/04,,,,Magnolia-Lawton Park,-122.408966,47.65918052
-122.3928813,47.65271956,28TH AVE W BETWEEN W RUFFNER ST AND W TILDEN ST,2b,Serious Injury Collision,Parked Car,2,2,1,1,0,8/17/04 23:47,Clear or Partly Cloudy,Dry,Dark - Street Lights On,Magnolia-Lawton Park,-122.408966,47.65918052
-122.4073572,47.64862792,W DRAVUS ST BETWEEN 39TH AVE W AND 40TH AVE W,0,Unknown,,0,0,0,0,0,11/29/14,,,,Magnolia-Briarcliff,-122.4067786,47.64227455
-122.4095636,47.64862786,W DRAVUS ST AND WEST VIEWMONT WAY W,2,Injury Collision,Angles,11,2,1,0,0,1/13/12 8:59,Clear or Partly Cloudy,Dry,Daylight,Magnolia-Briarcliff,-122.4067786,47.64227455
-122.4002553,47.6351847,W BLAINE ST BETWEEN W HOWE ST AND 35TH AVE W,1,Property Damage Only Collision,Parked Car,2,2,0,0,0,6/3/07,Clear or Partly Cloudy,Dry,Daylight,Magnolia-Briarcliff,-122.4067786,47.64227455
-122.4066957,47.64171085,CRESTMONT PL W BETWEEN 38TH AVE W AND 39TH AVE W,1,Property Damage Only Collision,Parked Car,2,2,0,0,0,4/5/04,Unknown,Unknown,Unknown,Magnolia-Briarcliff,-122.4067786,47.64227455
-122.4149738,47.64468511,MAGNOLIA LN W BETWEEN DEAD END AND W ARMOUR ST,1,Property Damage Only Collision,Parked Car,2,2,0,0,0,10/20/04 13:00,Unknown,Unknown,Daylight,Magnolia-Briarcliff,-122.4067786,47.64227455
-122.3930479,47.63593491,28TH AVE W AND W HOWE ST,2,Injury Collision,Angles,4,2,3,0,0,3/27/13 16:52,Clear or Partly Cloudy,Dry,Daylight,Magnolia-Southeast Magnolia,-122.391526,47.63934218
-122.3942425,47.64773751,29TH AVE W BETWEEN W BARRETT ST AND W DRAVUS ST,1,Property Damage Only Collision,Parked Car,2,2,0,0,0,3/30/13 13:00,Clear or Partly Cloudy,Dry,Daylight,Magnolia-Southeast Magnolia,-122.391526,47.63934218
-122.3912318,47.6345982,THORNDYKE AVE W BETWEEN W HAYES ST AND W BLAINE ST,2,Injury Collision,Sideswipe,3,3,1,0,0,12/16/13 22:50,Clear or Partly Cloudy,Dry,Dark - No Street Lights,Magnolia-Southeast Magnolia,-122.391526,47.63934218
-122.38916,47.63841488,W BOSTON ST BETWEEN THORNDYKE AVE W AND 26TH AVE W,1,Property Damage Only Collision,Parked Car,0,2,0,0,0,10/20/16,Clear or Partly Cloudy,Dry,Dark - Street Lights On,Magnolia-Southeast Magnolia,-122.391526,47.63934218
-122.3969496,47.64460745,31ST AVE W AND W ARMOUR ST,1,Property Damage Only Collision,Angles,2,2,0,0,0,11/4/18 15:17,Clear or Partly Cloudy,Dry,Daylight,Magnolia-Southeast Magnolia,-122.391526,47.63934218
-122.3875726,47.64559678,24TH AVE W BETWEEN W ARMOUR ST AND W BARRETT ST,0,Unknown,,0,0,0,0,0,9/19/19,,,,Magnolia-Southeast Magnolia,-122.391526,47.63934218
-122.3929362,47.64461184,28TH AVE W AND W ARMOUR ST,1,Property Damage Only Collision,Other,2,2,0,0,0,4/13/13 11:03,Clear or Partly Cloudy,Dry,Daylight,Magnolia-Southeast Magnolia,-122.391526,47.63934218
-122.3969852,47.6411555,31ST AVE W AND W SMITH ST,1,Property Damage Only Collision,Angles,3,3,0,0,0,2/5/06,Clear or Partly Cloudy,Dry,Daylight,Magnolia-Southeast Magnolia,-122.391526,47.63934218
-122.4003154,47.63955639,W MCGRAW ST BETWEEN 33RD AVE W AND 34TH AVE W,0,Unknown,,0,0,0,0,0,12/6/17,,,,Magnolia-Southeast Magnolia,-122.391526,47.63934218
-122.3887533,47.63734607,THORNDYKE AVE W BETWEEN W NEWTON ST AND W CROCKETT ST,1,Property Damage Only Collision,Parked Car,2,2,0,0,0,4/15/04 15:24,Clear or Partly Cloudy,Dry,Daylight,Magnolia-Southeast Magnolia,-122.391526,47.63934218
-122.3956281,47.64319456,30TH AVE W AND W RAYE ST,2,Injury Collision,Angles,3,3,2,0,0,1/19/04 14:39,Clear or Partly Cloudy,Dry,Daylight,Magnolia-Southeast Magnolia,-122.391526,47.63934218
-122.3833526,47.64751804,21ST AVE W BETWEEN W BARRETT ST AND W DRAVUS ST,1,Property Damage Only Collision,Parked Car,2,2,0,0,0,9/6/04,Clear or Partly Cloudy,Dry,Dark - No Street Lights,Magnolia-Southeast Magnolia,-122.391526,47.63934218
-122.4009926,47.64004088,34TH AVE W BETWEEN W MCGRAW ST AND W SMITH S ST,1,Property Damage Only Collision,Parked Car,2,2,0,0,0,3/12/04 19:57,Clear or Partly Cloudy,Dry,Dark - Street Lights On,Magnolia-Southeast Magnolia,-122.391526,47.63934218
-122.4009651,47.64318668,34TH AVE W AND W RAYE ST,2,Injury Collision,Angles,5,2,1,0,0,6/11/04 8:40,Raining,Wet,Daylight,Magnolia-Southeast Magnolia,-122.391526,47.63934218
-122.2961163,47.61889933,M L KING JR WAY AND E DENNY WAY,1,Property Damage Only Collision,Angles,2,2,0,0,0,3/28/13 7:35,Overcast,Wet,Daylight,Central Area-Madrona,-122.2881272,47.61271153
-122.2860775,47.60979756,37TH AVE BETWEEN E COLUMBIA ST AND E MARION ST,0,Unknown,,0,0,0,0,0,11/26/18,,,,Central Area-Madrona,-122.2881272,47.61271153
-122.2835769,47.61478762,MADRONA DR BETWEEN NEWPORT WAY AND GRAND AVE,0,Unknown,,0,0,0,0,0,3/14/13,,,,Central Area-Madrona,-122.2881272,47.61271153
-122.2962504,47.60850176,M L KING JR WAY BETWEEN E CHERRY ST AND E COLUMBIA ST,1,Property Damage Only Collision,Parked Car,2,2,0,0,0,5/7/19 9:38,Clear or Partly Cloudy,Dry,Daylight,Central Area-Madrona,-122.2881272,47.61271153
-122.2949704,47.61295618,E UNION ST BETWEEN M L KING JR WAY AND 30TH AVE,1,Property Damage Only Collision,Parked Car,2,2,0,0,0,3/31/13 23:00,Unknown,Dry,Unknown,Central Area-Madrona,-122.2881272,47.61271153
-122.2893597,47.61101705,34TH AVE BETWEEN E MARION ST AND E SPRING ST,1,Property Damage Only Collision,Rear Ended,2,2,0,0,0,11/30/18 15:45,Clear or Partly Cloudy,Wet,Daylight,Central Area-Madrona,-122.2881272,47.61271153
-122.2962311,47.61001042,M L KING JR WAY AND E MARION ST,1,Property Damage Only Collision,Rear Ended,2,2,0,0,0,6/9/16 15:59,Overcast,Dry,Daylight,Central Area-Madrona,-122.2881272,47.61271153
-122.281651,47.61427298,LAKE WASHINGTON BLVD BETWEEN MADRONA DR AND E OLIVE LN,0,Unknown,,0,0,0,0,0,4/9/16,,,,Central Area-Madrona,-122.2881272,47.61271153
-122.2935186,47.61824595,30TH AVE BETWEEN E HOWELL ST AND E DENNY WAY,1,Property Damage Only Collision,Parked Car,2,2,0,0,0,11/8/04,Unknown,Unknown,Dark - Street Lights On,Central Area-Madrona,-122.2881272,47.61271153
-122.2850606,47.60916148,E COLUMBIA ST BETWEEN RANDOLPH PL AND 38TH AVE,2,Injury Collision,Parked Car,2,2,1,0,0,1/5/08,Clear or Partly Cloudy,Dry,Dark - Street Lights On,Central Area-Madrona,-122.2881272,47.61271153
-122.2948372,47.61761524,29TH AVE AND E HOWELL ST,2,Injury Collision,Angles,3,2,1,0,0,5/7/04,Overcast,Wet,Daylight,Central Area-Madrona,-122.2881272,47.61271153
-122.2892054,47.61649591,34TH AVE AND E OLIVE ST,2,Injury Collision,Angles,2,2,1,0,0,4/9/13 17:28,Clear or Partly Cloudy,Dry,Dusk,Central Area-Madrona,-122.2881272,47.61271153
-122.2949704,47.61295618,E UNION ST BETWEEN M L KING JR WAY AND 30TH AVE,1,Property Damage Only Collision,Sideswipe,2,2,0,0,0,3/26/19 8:15,Clear or Partly Cloudy,Dry,Daylight,Central Area-Madrona,-122.2881272,47.61271153
-122.28815,47.61520486,35TH AVE AND E PINE ST,1,Property Damage Only Collision,Angles,6,2,0,0,0,5/29/04 8:00,Overcast,Dry,Daylight,Central Area-Madrona,-122.2881272,47.61271153
-122.2918286,47.61760008,E HOWELL ST BETWEEN 31ST AVE AND 32ND AVE,1,Property Damage Only Collision,Parked Car,2,2,0,0,0,6/16/04 1:16,Clear or Partly Cloudy,Dry,Dark - Street Lights On,Central Area-Madrona,-122.2881272,47.61271153
-122.2819915,47.61577009,40TH AVE BETWEEN E PINE ST AND E OLIVE ST,1,Property Damage Only Collision,Other,2,1,0,0,0,5/4/04,Clear or Partly Cloudy,Dry,Dark - Street Lights On,Central Area-Madrona,-122.2881272,47.61271153
-122.2893247,47.61225612,34TH AVE BETWEEN E SPRING ST AND E UNION ST,0,Unknown,,0,0,0,0,0,12/19/04,,,,Central Area-Madrona,-122.2881272,47.61271153
-122.2937373,47.61294414,30TH AVE AND E UNION ST,2,Injury Collision,Angles,3,2,1,0,0,4/20/04 16:05,Clear or Partly Cloudy,Dry,Daylight,Central Area-Madrona,-122.2881272,47.61271153
-122.2947942,47.62133876,29TH AVE E AND E THOMAS ST,2,Injury Collision,Angles,2,2,1,0,0,5/5/19 10:06,Clear or Partly Cloudy,Dry,Daylight,Central Area-Harrison - Denny-Blaine,-122.2876542,47.62429137
-122.2895251,47.62708551,33RD AVE E BETWEEN E VALLEY ST AND E MADISON ST,1,Property Damage Only Collision,Parked Car,2,2,0,0,0,5/3/19 14:49,Clear or Partly Cloudy,Dry,Daylight,Central Area-Harrison - Denny-Blaine,-122.2876542,47.62429137
-122.291259,47.61887456,32ND AVE AND E DENNY N WAY,1,Property Damage Only Collision,Other,0,1,0,0,0,11/20/15 15:55,Clear or Partly Cloudy,Dry,Dusk,Central Area-Harrison - Denny-Blaine,-122.2876542,47.62429137
-122.2942921,47.6225024,E HARRISON ST BETWEEN 29TH AVE E AND DEWEY PL E,1,Property Damage Only Collision,Parked Car,2,2,0,0,0,7/27/15 12:32,Clear or Partly Cloudy,Dry,Daylight,Central Area-Harrison - Denny-Blaine,-122.2876542,47.62429137
-122.29548,47.62250944,E HARRISON ST BETWEEN M L KING JR WAY E AND 29TH AVE E,1,Property Damage Only Collision,Parked Car,2,2,0,0,0,4/17/18 14:30,Clear or Partly Cloudy,Wet,Daylight,Central Area-Harrison - Denny-Blaine,-122.2876542,47.62429137
-122.2961888,47.62347605,28TH AVE E AND E MADISON ST,2,Injury Collision,Cycles,2,1,1,0,0,6/10/04 17:06,Clear or Partly Cloudy,Dry,Daylight,Central Area-Harrison - Denny-Blaine,-122.2876542,47.62429137
-122.2951844,47.62381278,29TH AVE E BETWEEN E REPUBLICAN ST AND E MADISON W ST,0,Unknown,,0,0,0,0,0,12/23/04,,,,Central Area-Harrison - Denny-Blaine,-122.2876542,47.62429137
-122.2961888,47.62347605,28TH AVE E AND E MADISON ST,2,Injury Collision,Left Turn,3,2,2,0,0,10/23/16 10:06,Overcast,Wet,Daylight,Central Area-Harrison - Denny-Blaine,-122.2876542,47.62429137
-122.2912672,47.61862346,32ND AVE BETWEEN E DENNY S WAY AND E DENNY N WAY,2,Injury Collision,Pedestrian,2,1,1,0,0,3/17/11 8:55,Clear or Partly Cloudy,Dry,Daylight,Central Area-Harrison - Denny-Blaine,-122.2876542,47.62429137
-122.2961888,47.62347605,28TH AVE E AND E MADISON ST,1,Property Damage Only Collision,Rear Ended,2,2,0,0,0,4/12/13 22:56,Raining,Wet,Dark - Street Lights On,Central Area-Harrison - Denny-Blaine,-122.2876542,47.62429137
-122.2861384,47.63028815,E MADISON ST BETWEEN 36TH AVE E AND 37TH AVE E,2,Injury Collision,Rear Ended,3,3,1,0,0,4/12/13 12:21,Overcast,Dry,Daylight,Central Area-Harrison - Denny-Blaine,-122.2876542,47.62429137
-122.2937773,47.62511156,E MADISON ST BETWEEN 29TH E AVE E AND LAKE WASHINGTON BLVD E,1,Property Damage Only Collision,Rear Ended,2,2,0,0,0,4/14/13 18:13,Clear or Partly Cloudy,Dry,Daylight,Central Area-Harrison - Denny-Blaine,-122.2876542,47.62429137
-122.2911242,47.62247316,32ND AVE E AND E HARRISON ST,1,Property Damage Only Collision,Angles,4,3,0,0,0,9/15/04 17:30,Clear or Partly Cloudy,Dry,Daylight,Central Area-Harrison - Denny-Blaine,-122.2876542,47.62429137
-122.2961324,47.62251331,M L KING JR WAY E AND E HARRISON ST,0,Unknown,,0,0,0,0,0,9/3/04,,,,Central Area-Harrison - Denny-Blaine,-122.2876542,47.62429137
-122.3095853,47.60802868,E CHERRY ST BETWEEN 17TH AVE AND 18TH AVE,2,Injury Collision,Head On,3,2,3,0,0,9/14/08 20:52,Clear or Partly Cloudy,Dry,Dark - Street Lights On,Central Area-Minor,-122.3095282,47.61040753
-122.3049896,47.61147434,21ST AVE BETWEEN E MARION ST AND E UNION ST,1,Property Damage Only Collision,Other,2,2,0,0,0,3/25/13 14:42,Clear or Partly Cloudy,Dry,Daylight,Central Area-Minor,-122.3095282,47.61040753
-122.3127798,47.61291174,15TH AVE AND E UNION ST,2,Injury Collision,Angles,3,3,1,0,0,8/12/08 9:28,Clear or Partly Cloudy,Dry,Daylight,Central Area-Minor,-122.3095282,47.61040753
-122.3135196,47.60168756,E YESLER WAY BETWEEN 14TH AVE AND 15TH AVE,2,Injury Collision,Rear Ended,3,2,1,0,0,11/23/05 15:57,Clear or Partly Cloudy,Dry,Daylight,Central Area-Minor,-122.3095282,47.61040753
-122.311466,47.6141094,16TH AVE AND E PIKE ST,2,Injury Collision,Other,2,1,1,0,0,3/28/13 17:20,Other,Unknown,Daylight,Central Area-Minor,-122.3095282,47.61040753
-122.3063317,47.60616745,20TH AVE AND E JEFFERSON ST,1,Property Damage Only Collision,Angles,2,2,0,0,0,8/26/05 19:04,Clear or Partly Cloudy,Dry,Daylight,Central Area-Minor,-122.3095282,47.61040753
-122.3115478,47.60710904,16TH AVE BETWEEN E JEFFERSON ST AND E CHERRY ST,0,Unknown,,0,0,0,0,0,10/7/04,,,,Central Area-Minor,-122.3095282,47.61040753
-122.3141474,47.6122349,14TH AVE BETWEEN E SPRING ST AND E UNION ST,0,Unknown,,0,0,0,0,0,11/28/18,,,,Central Area-Minor,-122.3095282,47.61040753
-122.3115674,47.60217944,16TH AVE BETWEEN E YESLER WAY AND E FIR W ST,1,Property Damage Only Collision,Parked Car,2,2,0,0,0,6/28/06 18:51,Clear or Partly Cloudy,Dry,Daylight,Central Area-Minor,-122.3095282,47.61040753
-122.3102153,47.60433315,17TH AVE AND E ALDER ST,1,Property Damage Only Collision,Angles,2,2,0,0,0,4/3/13 19:12,Clear or Partly Cloudy,Dry,Dusk,Central Area-Minor,-122.3095282,47.61040753
-122.3167334,47.61288924,12TH AVE AND E MADISON ST,0,Unknown,,0,0,0,0,0,9/10/09,,,,Central Area-Minor,-122.3095282,47.61040753
-122.3050362,47.60474707,21ST AVE BETWEEN E ALDER ST AND E TERRACE ST,1,Property Damage Only Collision,Parked Car,2,2,0,0,0,3/27/13 19:00,Raining,Wet,Daylight,Central Area-Minor,-122.3095282,47.61040753
-122.3141483,47.6086306,14TH AVE BETWEEN E CHERRY ST AND E COLUMBIA ST,1,Property Damage Only Collision,Rear Ended,2,2,0,0,0,4/14/04 14:21,Overcast,Dry,Daylight,Central Area-Minor,-122.3095282,47.61040753
-122.3055975,47.61291546,E UNION ST BETWEEN 20TH AVE AND 21ST AVE,2,Injury Collision,Rear Ended,5,3,5,0,0,4/30/05 0:05,Raining,Wet,Dark - Street Lights On,Central Area-Minor,-122.3095282,47.61040753
-122.3114702,47.61350755,16TH AVE BETWEEN E UNION ST AND E PIKE ST,1,Property Damage Only Collision,Parked Car,2,2,0,0,0,5/14/06 10:30,Clear or Partly Cloudy,Dry,Daylight,Central Area-Minor,-122.3095282,47.61040753
-122.3063282,47.6066682,20TH AVE BETWEEN E JEFFERSON ST AND E JAMES ST,1,Property Damage Only Collision,Parked Car,2,2,0,0,0,11/18/18 22:00,Unknown,Unknown,Unknown,Central Area-Minor,-122.3095282,47.61040753
-122.3113129,47.61510565,E MADISON ST BETWEEN 16TH AVE AND E PINE ST,2,Injury Collision,Rear Ended,4,2,2,0,0,12/13/18 21:42,Overcast,Wet,Dark - Street Lights On,Central Area-Minor,-122.3095282,47.61040753
-122.3167334,47.61288924,12TH AVE AND E MADISON ST,2,Injury Collision,Angles,2,2,1,0,0,11/24/05 19:53,Raining,Wet,Dark - Street Lights Off,Central Area-Minor,-122.3095282,47.61040753
-122.3141523,47.60804798,14TH AVE AND E CHERRY ST,1,Property Damage Only Collision,Rear Ended,2,2,0,0,0,5/28/17 13:08,Clear or Partly Cloudy,Dry,Daylight,Central Area-Minor,-122.3095282,47.61040753
-122.3101522,47.61543076,17TH AVE BETWEEN E PINE ST AND E MADISON ST,1,Property Damage Only Collision,Parked Car,2,2,0,0,0,5/27/15 10:00,Unknown,Unknown,Unknown,Central Area-Minor,-122.3095282,47.61040753
-122.3141274,47.61155241,14TH AVE AND E SPRING ST,1,Property Damage Only Collision,Angles,2,2,0,0,0,3/11/07 0:02,Raining,Wet,Dark - Street Lights On,Central Area-Minor,-122.3095282,47.61040753
-122.3167334,47.61288924,12TH AVE AND E MADISON ST,2,Injury Collision,Left Turn,4,4,2,0,0,11/13/16 16:40,Raining,Wet,Dark - Street Lights On,Central Area-Minor,-122.3095282,47.61040753
-122.3088425,47.61613523,18TH AVE AND E MADISON ST,2,Injury Collision,Angles,0,2,1,0,0,3/31/15 17:18,Raining,Wet,Daylight,Central Area-Minor,-122.3095282,47.61040753
-122.3101512,47.61558986,17TH AVE AND E MADISON ST,1,Property Damage Only Collision,Left Turn,3,2,0,0,0,8/17/08 18:03,Clear or Partly Cloudy,Dry,Daylight,Central Area-Minor,-122.3095282,47.61040753
-122.3089636,47.60217717,18TH AVE BETWEEN E YESLER WAY AND E FIR ST,1,Property Damage Only Collision,Parked Car,2,2,0,0,0,6/19/14 12:45,Unknown,Unknown,Daylight,Central Area-Minor,-122.3095282,47.61040753
-122.307006,47.60267403,E FIR ST BETWEEN 19TH AVE AND 20TH AVE,1,Property Damage Only Collision,Parked Car,2,2,0,0,0,1/12/13 9:44,Unknown,Ice,Unknown,Central Area-Minor,-122.3095282,47.61040753
-122.3122094,47.60618397,E JEFFERSON ST BETWEEN 15TH AVE AND 16TH AVE,1,Property Damage Only Collision,Parked Car,2,2,0,0,0,1/14/04 16:30,Raining,Wet,Daylight,Central Area-Minor,-122.3095282,47.61040753
-122.3049896,47.61147434,21ST AVE BETWEEN E MARION ST AND E UNION ST,2,Injury Collision,,1,0,1,0,0,3/16/19,,,,Central Area-Minor,-122.3095282,47.61040753
-122.3050362,47.60474707,21ST AVE BETWEEN E ALDER ST AND E TERRACE ST,1,Property Damage Only Collision,Parked Car,2,2,0,0,0,9/28/04 19:00,Clear or Partly Cloudy,Dry,Dark - Street Lights On,Central Area-Minor,-122.3095282,47.61040753
-122.3154576,47.60805331,13TH AVE AND E CHERRY ST,1,Property Damage Only Collision,Angles,4,2,0,0,0,4/10/04 16:41,Clear or Partly Cloudy,Dry,Daylight,Central Area-Minor,-122.3095282,47.61040753
-122.3048885,47.61528946,21ST AVE AND E PINE ST,1,Property Damage Only Collision,Parked Car,2,2,0,0,0,4/11/18 9:31,Raining,Dry,Daylight,Central Area-Minor,-122.3095282,47.61040753
-122.3154598,47.60773613,13TH AVE BETWEEN E JAMES CT AND E CHERRY ST,1,Property Damage Only Collision,Parked Car,2,2,0,0,0,4/12/13 13:08,Clear or Partly Cloudy,Dry,Daylight,Central Area-Minor,-122.3095282,47.61040753
-122.3101512,47.61558986,17TH AVE AND E MADISON ST,1,Property Damage Only Collision,Left Turn,3,2,0,0,0,12/17/18 19:42,Clear or Partly Cloudy,Wet,Dark - Street Lights On,Central Area-Minor,-122.3095282,47.61040753
-122.3108232,47.61290677,E UNION ST BETWEEN 16TH AVE AND 17TH AVE,0,Unknown,,0,0,0,0,0,11/3/08,,,,Central Area-Minor,-122.3095282,47.61040753
-122.3141588,47.6071186,14TH AVE BETWEEN E JEFFERSON ST AND E CHERRY ST,2,Injury Collision,Rear Ended,2,2,1,0,0,4/20/05 8:50,Clear or Partly Cloudy,Dry,Daylight,Central Area-Minor,-122.3095282,47.61040753
-122.3161231,47.60742437,E JAMES CT BETWEEN 12TH AVE AND 13TH AVE,0,Unknown,,0,0,0,0,0,3/22/13,,,,Central Area-Minor,-122.3095282,47.61040753
-122.3141274,47.61155241,14TH AVE AND E SPRING ST,1,Property Damage Only Collision,Angles,3,2,0,0,0,10/30/16 20:10,Raining,Wet,Dark - Street Lights On,Central Area-Minor,-122.3095282,47.61040753
-122.311466,47.6141094,16TH AVE AND E PIKE ST,1,Property Damage Only Collision,Angles,2,2,0,0,0,4/22/11 20:10,Clear or Partly Cloudy,Dry,Dusk,Central Area-Minor,-122.3095282,47.61040753
-122.3148244,47.60555876,E REMINGTON CT BETWEEN 13TH AVE AND 14TH AVE,1,Property Damage Only Collision,Parked Car,2,2,0,0,0,4/22/09 18:00,Unknown,Unknown,Unknown,Central Area-Minor,-122.3095282,47.61040753
-122.3135196,47.60168756,E YESLER WAY BETWEEN 14TH AVE AND 15TH AVE,1,Property Damage Only Collision,Head On,0,2,0,0,0,10/11/17 17:22,Clear or Partly Cloudy,Dry,Dusk,Central Area-Minor,-122.3095282,47.61040753
-122.3161276,47.60620027,E JEFFERSON ST BETWEEN 12TH AVE AND 13TH AVE,1,Property Damage Only Collision,Rear Ended,3,2,0,0,0,6/24/14 17:31,Clear or Partly Cloudy,Dry,Daylight,Central Area-Minor,-122.3095282,47.61040753
-122.3089662,47.60309461,18TH AVE BETWEEN E FIR ST AND E SPRUCE ST,1,Property Damage Only Collision,Parked Car,2,2,0,0,0,1/25/16 16:30,Unknown,Unknown,Unknown,Central Area-Minor,-122.3095282,47.61040753
-122.305025,47.60801396,21ST AVE AND E CHERRY ST,1,Property Damage Only Collision,Angles,3,2,0,0,0,6/5/07,Overcast,Dry,Daylight,Central Area-Minor,-122.3095282,47.61040753
-122.3076226,47.60802107,19TH AVE AND E CHERRY ST,1,Property Damage Only Collision,Angles,3,2,0,0,0,3/12/13 9:40,Overcast,Dry,Daylight,Central Area-Minor,-122.3095282,47.61040753
-122.3161079,47.61156009,E SPRING ST BETWEEN 12TH AVE AND 13TH AVE,1,Property Damage Only Collision,Other,2,2,0,0,0,6/9/13 19:37,Clear or Partly Cloudy,Dry,Daylight,Central Area-Minor,-122.3095282,47.61040753
-122.3102322,47.605253,17TH AVE BETWEEN E ALDER ST AND E JEFFERSON ST,0,Unknown,,0,0,0,0,0,2/7/11,,,,Central Area-Minor,-122.3095282,47.61040753
-122.3135196,47.60168756,E YESLER WAY BETWEEN 14TH AVE AND 15TH AVE,1,Property Damage Only Collision,Left Turn,2,2,0,0,0,11/5/14 22:19,Raining,Wet,Dark - Street Lights On,Central Area-Minor,-122.3095282,47.61040753
-122.3089264,47.60860905,18TH AVE BETWEEN E CHERRY ST AND E COLUMBIA ST,1,Property Damage Only Collision,Parked Car,2,2,0,0,0,3/8/12 22:00,Unknown,Unknown,Dark - Street Lights On,Central Area-Minor,-122.3095282,47.61040753
-122.3167334,47.61288924,12TH AVE AND E MADISON ST,1,Property Damage Only Collision,Angles,2,2,0,0,0,10/18/15 20:44,Raining,Wet,Dark - Street Lights On,Central Area-Minor,-122.3095282,47.61040753
-122.3063502,47.60351265,20TH AVE AND E SPRUCE ST,1,Property Damage Only Collision,,2,0,0,0,0,11/27/19,,,,Central Area-Minor,-122.3095282,47.61040753
-122.3049896,47.61147434,21ST AVE BETWEEN E MARION ST AND E UNION ST,1,Property Damage Only Collision,Head On,2,2,0,0,0,9/3/04,Clear or Partly Cloudy,Dry,Daylight,Central Area-Minor,-122.3095282,47.61040753
-122.3088448,47.61570181,18TH AVE BETWEEN E PINE ST AND E MADISON ST,1,Property Damage Only Collision,Angles,3,3,0,0,0,4/9/13 12:10,Overcast,Dry,Daylight,Central Area-Minor,-122.3095282,47.61040753
-122.3076542,47.60391666,19TH AVE BETWEEN E SPRUCE ST AND E ALDER ST,1,Property Damage Only Collision,Parked Car,2,2,0,0,0,7/25/04 13:10,Clear or Partly Cloudy,Dry,Daylight,Central Area-Minor,-122.3095282,47.61040753