X,Y,LOCATION,SEVERITYCODE,SEVERITYDESC,COLLISIONTYPE,PERSONCOUNT,VEHCOUNT,INJURIES,SERIOUSINJURIES,FATALITIES,INCDTTM,WEATHER,ROADCOND,LIGHTCOND,NEIGHBORHOOD,NX,NY
-122.3161252,47.60683497,E BARCLAY CT BETWEEN 12TH AVE AND 13TH AVE,0,Unknown,,0,0,0,0,0,12/26/04,,,,Central Area-Minor,-122.3095282,47.61040753
-122.3026942,47.61354827,23RD AVE BETWEEN E UNION ST AND E PIKE ST,1,Property Damage Only Collision,Rear Ended,4,2,0,0,0,4/4/13 11:06,Overcast,Wet,Daylight,Central Area-Minor,-122.3095282,47.61040753
-122.3062455,47.61290962,20TH AVE AND E UNION ST,1,Property Damage Only Collision,Left Turn,4,2,0,0,0,4/13/04 16:39,Clear or Partly Cloudy,Dry,Daylight,Central Area-Minor,-122.3095282,47.61040753
-122.3141274,47.61155241,14TH AVE AND E SPRING ST,1,Property Damage Only Collision,Angles,2,2,0,0,0,12/3/17 10:18,Clear or Partly Cloudy,Dry,Daylight,Central Area-Minor,-122.3095282,47.61040753
-122.3056979,47.6016727,E YESLER WAY BETWEEN 20TH AVE AND 21ST AVE,1,Property Damage Only Collision,Parked Car,3,3,0,0,0,12/22/18 23:30,Overcast,Dry,Dark - Street Lights On,Central Area-Minor,-122.3095282,47.61040753
-122.3147822,47.61155496,E SPRING ST BETWEEN 13TH AVE AND 14TH AVE,0,Unknown,,0,0,0,0,0,1/29/04,,,,Central Area-Minor,-122.3095282,47.61040753
-122.3082907,47.60616717,E JEFFERSON ST BETWEEN 18TH AVE AND 19TH AVE,2,Injury Collision,Parked Car,3,2,1,0,0,4/4/13 10:00,Raining,Wet,Daylight,Central Area-Minor,-122.3095282,47.61040753
-122.3076567,47.60167609,19TH AVE AND E YESLER WAY,1,Property Damage Only Collision,Left Turn,2,2,0,0,0,9/25/04 11:18,Clear or Partly Cloudy,Dry,Daylight,Central Area-Minor,-122.3095282,47.61040753
-122.3154576,47.60805331,13TH AVE AND E CHERRY ST,2,Injury Collision,Angles,2,2,1,0,0,2/2/04,Overcast,Wet,Daylight,Central Area-Minor,-122.3095282,47.61040753
-122.3032814,47.60616932,E JEFFERSON ST BETWEEN 22ND AVE AND 23RD AVE,2,Injury Collision,Pedestrian,2,1,1,0,0,11/22/04 12:00,Unknown,Dry,Daylight,Central Area-Minor,-122.3095282,47.61040753
-122.3063518,47.60167383,20TH AVE AND E YESLER WAY,2,Injury Collision,Left Turn,2,2,1,0,0,4/6/13 12:22,Raining,Wet,Daylight,Central Area-Minor,-122.3095282,47.61040753
-122.3035537,47.61621367,22ND AVE BETWEEN E PINE ST AND E OLIVE ST,1,Property Damage Only Collision,Parked Car,2,2,0,0,0,4/8/13 15:15,Clear or Partly Cloudy,Dry,Daylight,Central Area-Minor,-122.3095282,47.61040753
-122.3135196,47.60168756,E YESLER WAY BETWEEN 14TH AVE AND 15TH AVE,0,Unknown,,0,0,0,0,0,8/19/04,,,,Central Area-Minor,-122.3095282,47.61040753
-122.3115674,47.60217944,16TH AVE BETWEEN E YESLER WAY AND E FIR W ST,1,Property Damage Only Collision,Angles,5,2,0,0,0,4/6/13 13:19,Raining,Wet,Daylight,Central Area-Minor,-122.3095282,47.61040753
-122.305019,47.60902404,21ST AVE AND E COLUMBIA ST,1,Property Damage Only Collision,Angles,3,2,0,0,0,4/12/13 8:29,Overcast,Dry,Daylight,Central Area-Minor,-122.3095282,47.61040753
-122.3076567,47.60167609,19TH AVE AND E YESLER WAY,1,Property Damage Only Collision,Rear Ended,3,2,0,0,0,4/5/13 11:50,Raining,Wet,Daylight,Central Area-Minor,-122.3095282,47.61040753
-122.3037144,47.60952225,22ND AVE BETWEEN E COLUMBIA ST AND E MARION ST,1,Property Damage Only Collision,Parked Car,2,2,0,0,0,12/23/04 17:09,Clear or Partly Cloudy,Dry,Dark - Street Lights On,Central Area-Minor,-122.3095282,47.61040753
-122.3094986,47.61586183,E MADISON ST BETWEEN 17TH AVE AND 18TH AVE,0,Unknown,,0,0,0,0,0,4/10/04,,,,Central Area-Minor,-122.3095282,47.61040753
-122.3114744,47.61290843,16TH AVE AND E UNION ST,2,Injury Collision,Angles,2,2,1,0,0,7/30/18 9:41,Overcast,Dry,Daylight,Central Area-Minor,-122.3095282,47.61040753
-122.3076181,47.60860368,19TH AVE BETWEEN E CHERRY ST AND E COLUMBIA ST,1,Property Damage Only Collision,Sideswipe,2,2,0,0,0,4/9/13 13:35,Overcast,Dry,Daylight,Central Area-Minor,-122.3095282,47.61040753
-122.3070043,47.60167496,E YESLER WAY BETWEEN 19TH AVE AND 20TH AVE,1,Property Damage Only Collision,Sideswipe,2,2,0,0,0,4/11/13 11:26,Raining,Wet,Daylight,Central Area-Minor,-122.3095282,47.61040753
-122.3095165,47.61290343,E UNION ST BETWEEN 17TH AVE AND 18TH AVE,1,Property Damage Only Collision,Parked Car,2,2,0,0,0,3/19/04 17:30,Unknown,Unknown,Unknown,Central Area-Minor,-122.3095282,47.61040753
-122.3075048,47.61289827,19TH AVE AND E UNION ST,2,Injury Collision,Cycles,2,1,1,0,0,8/18/04 17:07,Clear or Partly Cloudy,Dry,Daylight,Central Area-Minor,-122.3095282,47.61040753
-122.308942,47.60616997,18TH AVE AND E JEFFERSON ST,1,Property Damage Only Collision,Cycles,2,1,0,0,0,4/8/13 17:40,Unknown,Unknown,Daylight,Central Area-Minor,-122.3095282,47.61040753
-122.3141653,47.60619196,14TH AVE AND E JEFFERSON ST,2,Injury Collision,Angles,4,2,1,0,0,5/13/04 14:31,Clear or Partly Cloudy,Dry,Daylight,Central Area-Minor,-122.3095282,47.61040753
-122.3076355,47.60616435,19TH AVE AND E JEFFERSON ST,1,Property Damage Only Collision,Angles,3,2,0,0,0,4/14/04 11:44,Clear or Partly Cloudy,Dry,Daylight,Central Area-Minor,-122.3095282,47.61040753
-122.3141939,47.61340616,14TH AVE BETWEEN E UNION ST AND E MADISON ST,2,Injury Collision,Parked Car,2,2,1,0,0,1/2/04,Overcast,Wet,Dark - Street Lights On,Central Area-Minor,-122.3095282,47.61040753
-122.3095748,47.60267667,E FIR ST BETWEEN 17TH AVE AND 18TH AVE,1,Property Damage Only Collision,Parked Car,2,2,0,0,0,11/27/04 12:45,Overcast,Dry,Daylight,Central Area-Minor,-122.3095282,47.61040753
-122.3141674,47.6129174,14TH AVE AND E UNION ST,2,Injury Collision,Left Turn,5,2,2,0,0,1/10/04 11:48,Overcast,Wet,Daylight,Central Area-Minor,-122.3095282,47.61040753
-122.3056993,47.60351176,E SPRUCE ST BETWEEN 20TH AVE AND 21ST AVE,1,Property Damage Only Collision,Parked Car,2,2,0,0,0,3/31/04 16:18,Clear or Partly Cloudy,Dry,Daylight,Central Area-Minor,-122.3095282,47.61040753
-122.3037322,47.60432793,22ND AVE AND E ALDER ST,1,Property Damage Only Collision,Left Turn,2,2,0,0,0,1/5/04,Overcast,Dry,Daylight,Central Area-Minor,-122.3095282,47.61040753
-122.3037184,47.60851477,22ND AVE BETWEEN E CHERRY ST AND E COLUMBIA ST,1,Property Damage Only Collision,Sideswipe,4,2,0,0,0,4/30/04 15:30,Clear or Partly Cloudy,Dry,Daylight,Central Area-Minor,-122.3095282,47.61040753
-122.3062154,47.61409263,20TH AVE BETWEEN E UNION ST AND E PINE ST,1,Property Damage Only Collision,Other,2,2,0,0,0,11/30/04 15:00,Other,Unknown,Daylight,Central Area-Minor,-122.3095282,47.61040753
-122.3051476,47.61767457,E MADISON ST BETWEEN 20TH AVE AND E DENNY WAY,2,Injury Collision,Pedestrian,2,1,1,0,0,4/19/04 0:15,Overcast,Wet,Dark - Street Lights On,Central Area-Minor,-122.3095282,47.61040753
-122.3102649,47.60168055,17TH AVE AND E YESLER WAY,2,Injury Collision,Angles,2,2,1,0,0,1/23/04 9:11,Raining,Wet,Daylight,Central Area-Minor,-122.3095282,47.61040753
-122.3161276,47.60620027,E JEFFERSON ST BETWEEN 12TH AVE AND 13TH AVE,1,Property Damage Only Collision,Angles,2,2,0,0,0,1/6/04,Snowing,Snow/Slush,Daylight,Central Area-Minor,-122.3095282,47.61040753
-122.3089363,47.60709669,18TH AVE BETWEEN E JEFFERSON ST AND E CHERRY ST,1,Property Damage Only Collision,Parked Car,2,2,0,0,0,7/22/04 11:48,Clear or Partly Cloudy,Dry,Daylight,Central Area-Minor,-122.3095282,47.61040753
-122.3122232,47.60168456,E YESLER WAY BETWEEN 15TH AVE AND 16TH AVE,2,Injury Collision,Parked Car,2,2,1,0,0,6/27/04 3:27,Clear or Partly Cloudy,Dry,Dark - Street Lights On,Central Area-Minor,-122.3095282,47.61040753
-122.3115294,47.60978864,16TH AVE BETWEEN E COLUMBIA ST AND E MARION ST,0,Unknown,,0,0,0,0,0,11/10/04,,,,Central Area-Minor,-122.3095282,47.61040753
-122.291297,47.60194922,32ND AVE BETWEEN E YESLER WAY AND LAKE DELL AVE,1,Property Damage Only Collision,Parked Car,2,2,0,0,0,3/26/09 22:37,Clear or Partly Cloudy,Dry,Dark - Street Lights On,Central Area-Leschi,-122.2904328,47.60014425
-122.2936929,47.60468703,30TH AVE BETWEEN E ALDER ST AND E TERRACE ST,1,Property Damage Only Collision,Parked Car,2,2,0,0,0,4/1/13 7:00,Unknown,Unknown,Unknown,Central Area-Leschi,-122.2904328,47.60014425
-122.2974318,47.59864753,M L KING JR WAY S BETWEEN S JACKSON ST AND S KING ST,1,Property Damage Only Collision,Rear Ended,2,2,0,0,0,6/9/05,Clear or Partly Cloudy,Dry,Daylight,Central Area-Leschi,-122.2904328,47.60014425
-122.2895712,47.60007006,S FRINK PL BETWEEN S WASHINGTON ST AND LAKE WASHINGTON BLVD S,1,Property Damage Only Collision,Other,1,1,0,0,0,3/24/07 17:34,Raining,Wet,Daylight,Central Area-Leschi,-122.2904328,47.60014425
-122.2860788,47.60203441,ERIE AVE BETWEEN DEAD END AND LAKE WASHINGTON BLVD,1,Property Damage Only Collision,Parked Car,2,2,0,0,0,2/1/15 19:00,Unknown,Dry,Dark - Street Lights On,Central Area-Leschi,-122.2904328,47.60014425
-122.2972219,47.59331501,S NORMAN ST BETWEEN M L KING JR WAY S AND 28TH AVE S,1,Property Damage Only Collision,Sideswipe,2,2,0,0,0,11/21/14 7:46,Overcast,Wet,Daylight,Central Area-Leschi,-122.2904328,47.60014425
-122.2954099,47.59513503,29TH AVE S BETWEEN S DEARBORN W ST AND S CHARLES ST,1,Property Damage Only Collision,Parked Car,2,2,0,0,0,8/31/12 8:00,Clear or Partly Cloudy,Dry,Unknown,Central Area-Leschi,-122.2904328,47.60014425
-122.2960022,47.59448493,S CHARLES ST BETWEEN 28TH AVE S AND 29TH AVE S,1,Property Damage Only Collision,Parked Car,2,2,0,0,0,4/4/04,Clear or Partly Cloudy,Dry,Dark - Street Lights On,Central Area-Leschi,-122.2904328,47.60014425
-122.2949335,47.6016523,29TH AVE AND E YESLER WAY,1,Property Damage Only Collision,Angles,2,2,0,0,0,1/26/05 9:26,Clear or Partly Cloudy,Dry,Daylight,Central Area-Leschi,-122.2904328,47.60014425
-122.2933382,47.59387454,30TH AVE S BETWEEN S CHARLES ST AND S NORMAN ST,1,Property Damage Only Collision,Parked Car,2,2,0,0,0,6/21/11 0:01,Unknown,Dry,Unknown,Central Area-Leschi,-122.2904328,47.60014425
-122.2974147,47.59923284,M L KING JR WAY S AND S JACKSON ST,2,Injury Collision,Left Turn,2,2,1,0,0,11/18/09 18:18,Raining,Wet,Dark - Street Lights On,Central Area-Leschi,-122.2904328,47.60014425
-122.2926522,47.6041858,31ST AVE AND E ALDER ST,1,Property Damage Only Collision,Other,1,1,0,0,0,8/2/14 15:11,Clear or Partly Cloudy,Dry,Daylight,Central Area-Leschi,-122.2904328,47.60014425
-122.2876414,47.59629349,LAKESIDE AVE S BETWEEN S LANE ST AND 35TH AVE S,1,Property Damage Only Collision,Parked Car,2,2,0,0,0,3/23/14 22:00,Unknown,Unknown,Unknown,Central Area-Leschi,-122.2904328,47.60014425
-122.2962543,47.60799662,M L KING JR WAY AND E CHERRY ST,0,Unknown,,0,0,0,0,0,6/1/09,,,,Central Area-Leschi,-122.2904328,47.60014425
-122.2976339,47.59204989,M L KING JR WAY S AND S JUDKINS ST,1,Property Damage Only Collision,,3,0,0,0,0,11/2/16,,,,Central Area-Leschi,-122.2904328,47.60014425
-122.2864721,47.59937468,LAKESIDE AVE S BETWEEN S LESCHI PL AND S JACKSON ST,0,Unknown,,0,0,0,0,0,1/28/14,,,,Central Area-Leschi,-122.2904328,47.60014425
-122.2960404,47.59168789,BRADNER PL S BETWEEN S JUDKINS ST AND S IRVING ST,1,Property Damage Only Collision,Other,1,1,0,0,0,9/13/14 9:46,Clear or Partly Cloudy,Dry,Daylight,Central Area-Leschi,-122.2904328,47.60014425
-122.2921261,47.60418127,E ALDER ST BETWEEN 31ST AVE AND 32ND S AVE,1,Property Damage Only Collision,Other,2,2,0,0,0,4/16/04 21:38,Clear or Partly Cloudy,Dry,Dark - Street Lights On,Central Area-Leschi,-122.2904328,47.60014425
-122.2975068,47.5961278,M L KING JR WAY S BETWEEN S LANE ST AND S DEARBORN ST,2b,Serious Injury Collision,Other,1,1,1,1,0,4/10/04 21:08,Clear or Partly Cloudy,Dry,Dark - Street Lights On,Central Area-Leschi,-122.2904328,47.60014425
-122.2915573,47.60647974,32ND AVE BETWEEN E JEFFERSON ST AND E JAMES ST,1,Property Damage Only Collision,Parked Car,2,2,0,0,0,11/2/04,Raining,Wet,Daylight,Central Area-Leschi,-122.2904328,47.60014425
-122.2975068,47.5961278,M L KING JR WAY S BETWEEN S LANE ST AND S DEARBORN ST,2,Injury Collision,Rear Ended,3,2,1,0,0,8/19/18 23:23,Clear or Partly Cloudy,Dry,Dark - Street Lights On,Central Area-Leschi,-122.2904328,47.60014425
-122.2975068,47.5961278,M L KING JR WAY S BETWEEN S LANE ST AND S DEARBORN ST,1,Property Damage Only Collision,Parked Car,2,2,0,0,0,4/12/13 8:30,Clear or Partly Cloudy,Dry,Daylight,Central Area-Leschi,-122.2904328,47.60014425
-122.2972209,47.60005362,M L KING JR WAY S BETWEEN S WASHINGTON ST AND S JACKSON ST,1,Property Damage Only Collision,Rear Ended,5,2,0,0,0,5/4/04,Clear or Partly Cloudy,Dry,Daylight,Central Area-Leschi,-122.2904328,47.60014425
-122.2974318,47.59864753,M L KING JR WAY S BETWEEN S JACKSON ST AND S KING ST,1,Property Damage Only Collision,Right Turn,2,2,0,0,0,6/25/04 11:21,Clear or Partly Cloudy,Dry,Daylight,Central Area-Leschi,-122.2904328,47.60014425
-122.2915573,47.60647974,32ND AVE BETWEEN E JEFFERSON ST AND E JAMES ST,1,Property Damage Only Collision,Parked Car,2,2,0,0,0,7/13/04 4:00,Clear or Partly Cloudy,Dry,Daylight,Central Area-Leschi,-122.2904328,47.60014425
-122.2857135,47.60062884,LAKESIDE AVE S BETWEEN E YESLER WAY AND S LESCHI PL,2,Injury Collision,Rear Ended,2,2,1,0,0,6/30/04 18:20,Clear or Partly Cloudy,Dry,Daylight,Central Area-Leschi,-122.2904328,47.60014425
-122.2974318,47.59864753,M L KING JR WAY S BETWEEN S JACKSON ST AND S KING ST,1,Property Damage Only Collision,Rear Ended,3,2,0,0,0,4/10/13 10:17,Raining,Wet,Daylight,Central Area-Leschi,-122.2904328,47.60014425
-122.2877901,47.59515255,LAKESIDE AVE S BETWEEN S DEARBORN ST AND S CHARLES ST,1,Property Damage Only Collision,Parked Car,2,2,0,0,0,1/23/04 7:00,Raining,Wet,Dawn,Central Area-Leschi,-122.2904328,47.60014425
-122.2962536,47.59863202,28TH AVE S BETWEEN S JACKSON ST AND S KING ST,1,Property Damage Only Collision,Parked Car,2,2,0,0,0,2/11/04 18:30,Clear or Partly Cloudy,Dry,Dark - Street Lights On,Central Area-Leschi,-122.2904328,47.60014425
-122.3027722,47.60743702,23RD AVE BETWEEN E JAMES ST AND E CHERRY ST,1,Property Damage Only Collision,Sideswipe,2,2,0,0,0,7/15/05 17:20,Raining,Wet,Daylight,Central Area-Mann,-122.2994189,47.61250207
-122.3024334,47.60215623,23RD AVE BETWEEN E YESLER WAY AND E FIR ST,1,Property Damage Only Collision,Rear Ended,2,2,0,0,0,6/13/05 7:10,Unknown,Unknown,Unknown,Central Area-Mann,-122.2994189,47.61250207
-122.3025972,47.61710747,23RD AVE AND E OLIVE N ST,1,Property Damage Only Collision,Left Turn,6,2,0,0,0,6/18/06 16:03,Overcast,Dry,Dawn,Central Area-Mann,-122.2994189,47.61250207
-122.3024334,47.60215623,23RD AVE BETWEEN E YESLER WAY AND E FIR ST,1,Property Damage Only Collision,Rear Ended,3,2,0,0,0,3/30/13 18:14,Clear or Partly Cloudy,Dry,Daylight,Central Area-Mann,-122.2994189,47.61250207
-122.3014172,47.61294603,24TH AVE AND E UNION ST,2,Injury Collision,Angles,2,2,1,0,0,1/12/06 15:58,Raining,Wet,Dusk,Central Area-Mann,-122.2994189,47.61250207
-122.3027274,47.61226406,23RD AVE BETWEEN E SPRING ST AND E UNION ST,1,Property Damage Only Collision,Angles,2,2,0,0,0,3/25/13 16:05,Clear or Partly Cloudy,Dry,Daylight,Central Area-Mann,-122.2994189,47.61250207
-122.3024305,47.60391573,23RD AVE BETWEEN E SPRUCE ST AND E ALDER ST,1,Property Damage Only Collision,Rear Ended,4,3,0,0,0,5/11/06 18:23,Clear or Partly Cloudy,Dry,Daylight,Central Area-Mann,-122.2994189,47.61250207
-122.3027665,47.60851268,23RD AVE BETWEEN E CHERRY ST AND E COLUMBIA ST,1,Property Damage Only Collision,Rear Ended,2,2,0,0,0,7/23/04 14:45,Clear or Partly Cloudy,Dry,Daylight,Central Area-Mann,-122.2994189,47.61250207
-122.2999541,47.60524777,25TH AVE BETWEEN E ALDER ST AND E JEFFERSON ST,1,Property Damage Only Collision,,2,0,0,0,0,9/27/15,,,,Central Area-Mann,-122.2994189,47.61250207
-122.296764,47.6026559,M L KING JR WAY AND E FIR ST,2,Injury Collision,Angles,5,2,1,0,0,12/15/09 14:45,Raining,Wet,Daylight,Central Area-Mann,-122.2994189,47.61250207
-122.3018326,47.61966817,E MADISON ST BETWEEN 23RD AVE E AND 24TH AVE E,1,Property Damage Only Collision,Parked Car,2,2,0,0,0,9/23/14 21:23,Raining,Wet,Dark - Street Lights On,Central Area-Mann,-122.2994189,47.61250207
-122.3018681,47.61893057,E DENNY WAY BETWEEN 23RD AVE AND 24TH AVE,1,Property Damage Only Collision,Parked Car,2,2,0,0,0,1/15/07 16:25,Clear or Partly Cloudy,Ice,Dusk,Central Area-Mann,-122.2994189,47.61250207
-122.3004976,47.62018062,E JOHN ST BETWEEN 24TH AVE E AND 25TH AVE E,0,Unknown,,0,0,0,0,0,8/29/14,,,,Central Area-Mann,-122.2994189,47.61250207
-122.3026228,47.61649123,23RD AVE AND E OLIVE S ST,1,Property Damage Only Collision,Angles,2,2,0,0,0,8/12/09 7:04,Raining,Wet,Daylight,Central Area-Mann,-122.2994189,47.61250207
-122.2991179,47.6214915,E MADISON ST BETWEEN 25TH AVE E AND 26TH AVE E,1,Property Damage Only Collision,Parked Car,2,2,0,0,0,5/14/11 23:00,Unknown,Unknown,Unknown,Central Area-Mann,-122.2994189,47.61250207
-122.2989031,47.60429552,26TH AVE AND E ALDER ST,1,Property Damage Only Collision,Angles,2,2,0,0,0,6/22/13 15:49,Clear or Partly Cloudy,Dry,Daylight,Central Area-Mann,-122.2994189,47.61250207
-122.30277,47.60800896,23RD AVE AND E CHERRY ST,1,Property Damage Only Collision,Angles,2,2,0,0,0,10/8/04,Raining,Wet,Daylight,Central Area-Mann,-122.2994189,47.61250207
-122.2991179,47.6214915,E MADISON ST BETWEEN 25TH AVE E AND 26TH AVE E,1,Property Damage Only Collision,Rear Ended,2,2,0,0,0,4/5/11 16:51,Overcast,Dry,Daylight,Central Area-Mann,-122.2994189,47.61250207
-122.2992211,47.61891506,E DENNY WAY BETWEEN 25TH AVE AND 26TH AVE,1,Property Damage Only Collision,Parked Car,2,2,0,0,0,3/11/06 9:11,Clear or Partly Cloudy,Dry,Daylight,Central Area-Mann,-122.2994189,47.61250207
-122.3018326,47.61966817,E MADISON ST BETWEEN 23RD AVE E AND 24TH AVE E,1,Property Damage Only Collision,Rear Ended,3,2,0,0,0,12/21/16 11:59,Clear or Partly Cloudy,Dry,Daylight,Central Area-Mann,-122.2994189,47.61250207
-122.3027644,47.60563158,23RD AVE BETWEEN E TERRACE ST AND E JEFFERSON ST,2,Injury Collision,Head On,2,2,2,0,0,4/2/07,Clear or Partly Cloudy,Dry,Daylight,Central Area-Mann,-122.2994189,47.61250207
-122.3024334,47.60215623,23RD AVE BETWEEN E YESLER WAY AND E FIR ST,1,Property Damage Only Collision,Sideswipe,2,2,0,0,0,4/5/08,Raining,Wet,Dark - Street Lights On,Central Area-Mann,-122.2994189,47.61250207
-122.2975507,47.60900952,27TH AVE AND E COLUMBIA ST,2,Injury Collision,Angles,2,2,1,0,0,7/19/07 17:02,Clear or Partly Cloudy,Dry,Daylight,Central Area-Mann,-122.2994189,47.61250207
-122.3026644,47.61473136,23RD AVE BETWEEN E PIKE ST AND E PINE ST,1,Property Damage Only Collision,Rear Ended,5,3,0,0,0,6/3/11 8:51,Clear or Partly Cloudy,Dry,Daylight,Central Area-Mann,-122.2994189,47.61250207
-122.2991179,47.6214915,E MADISON ST BETWEEN 25TH AVE E AND 26TH AVE E,2,Injury Collision,Rear Ended,4,3,1,0,0,6/4/09,Clear or Partly Cloudy,Dry,Daylight,Central Area-Mann,-122.2994189,47.61250207
-122.2992211,47.61891506,E DENNY WAY BETWEEN 25TH AVE AND 26TH AVE,1,Property Damage Only Collision,Parked Car,2,2,0,0,0,11/20/16 12:00,Raining,Wet,Daylight,Central Area-Mann,-122.2994189,47.61250207
-122.2983548,47.60800045,E CHERRY ST BETWEEN 26TH AVE AND 27TH W AVE,1,Property Damage Only Collision,Parked Car,3,3,0,0,0,9/15/10 17:31,Raining,Wet,Daylight,Central Area-Mann,-122.2994189,47.61250207
-122.3018326,47.61966817,E MADISON ST BETWEEN 23RD AVE E AND 24TH AVE E,2,Injury Collision,Rear Ended,2,2,1,0,0,9/29/04 8:36,Clear or Partly Cloudy,Dry,Daylight,Central Area-Mann,-122.2994189,47.61250207
-122.3027644,47.60563158,23RD AVE BETWEEN E TERRACE ST AND E JEFFERSON ST,1,Property Damage Only Collision,Rear Ended,2,2,0,0,0,7/22/04 8:58,Clear or Partly Cloudy,Dry,Daylight,Central Area-Mann,-122.2994189,47.61250207
-122.302761,47.61002299,23RD AVE AND E MARION ST,1,Property Damage Only Collision,Angles,3,2,0,0,0,3/27/04 22:10,Raining,Wet,Dark - Street Lights On,Central Area-Mann,-122.2994189,47.61250207
-122.3024334,47.60215623,23RD AVE BETWEEN E YESLER WAY AND E FIR ST,1,Property Damage Only Collision,Rear Ended,5,2,0,0,0,7/30/04 14:15,Clear or Partly Cloudy,Dry,Daylight,Central Area-Mann,-122.2994189,47.61250207
-122.2979321,47.62229674,E MADISON ST BETWEEN 26TH AVE E AND 27TH S AVE E,1,Property Damage Only Collision,,1,0,0,0,0,4/7/13,,,,Central Area-Mann,-122.2994189,47.61250207
-122.3013839,47.6164795,24TH AVE AND E OLIVE ST,2,Injury Collision,Angles,3,2,1,0,0,4/13/13 20:49,Raining,Wet,Dark - Street Lights On,Central Area-Mann,-122.2994189,47.61250207
-122.2999625,47.60391136,25TH AVE BETWEEN E SPRUCE ST AND E ALDER ST,1,Property Damage Only Collision,Parked Car,3,2,0,0,0,3/30/04 14:15,Clear or Partly Cloudy,Dry,Daylight,Central Area-Mann,-122.2994189,47.61250207
-122.30277,47.60800896,23RD AVE AND E CHERRY ST,1,Property Damage Only Collision,Left Turn,0,2,0,0,0,3/15/04 11:43,Clear or Partly Cloudy,Dry,Daylight,Central Area-Mann,-122.2994189,47.61250207
-122.3027274,47.61226406,23RD AVE BETWEEN E SPRING ST AND E UNION ST,2,Injury Collision,Other,3,2,1,0,0,4/19/04 9:19,Raining,Wet,Daylight,Central Area-Mann,-122.2994189,47.61250207
-122.3001108,47.61293721,25TH AVE AND E UNION ST,2,Injury Collision,Other,2,2,2,0,0,4/12/13 14:00,Raining,Wet,Daylight,Central Area-Mann,-122.2994189,47.61250207
-122.3010927,47.60216463,24TH AVE BETWEEN E YESLER WAY AND E FIR ST,1,Property Damage Only Collision,Parked Car,3,2,0,0,0,5/5/04,Clear or Partly Cloudy,Dry,Daylight,Central Area-Mann,-122.2994189,47.61250207
-122.2973251,47.60425576,E ALDER ST BETWEEN 27TH AVE AND M L KING JR WAY,1,Property Damage Only Collision,Parked Car,2,2,0,0,0,1/13/04 14:10,Clear or Partly Cloudy,Dry,Daylight,Central Area-Mann,-122.2994189,47.61250207
-122.300766,47.61294164,E UNION ST BETWEEN 24TH AVE AND 25TH AVE,2,Injury Collision,Rear Ended,2,2,1,0,0,9/23/04 8:45,Raining,Wet,Daylight,Central Area-Mann,-122.2994189,47.61250207
-122.2989031,47.60429552,26TH AVE AND E ALDER ST,2,Injury Collision,Angles,3,2,2,0,0,4/14/04 11:44,Clear or Partly Cloudy,Wet,Daylight,Central Area-Mann,-122.2994189,47.61250207
-122.3027274,47.61226406,23RD AVE BETWEEN E SPRING ST AND E UNION ST,2,Injury Collision,Rear Ended,2,2,1,0,0,9/11/04 14:08,Clear or Partly Cloudy,Dry,Daylight,Central Area-Mann,-122.2994189,47.61250207
-122.3027744,47.60686782,23RD AVE AND E JAMES ST,2,Injury Collision,Left Turn,3,2,2,0,0,4/1/04,Clear or Partly Cloudy,Dry,Daylight,Central Area-Mann,-122.2994189,47.61250207
-122.2994445,47.61413546,E PIKE ST BETWEEN 25TH AVE AND 26TH AVE,0,Unknown,,0,0,0,0,0,12/17/04,,,,Central Area-Mann,-122.2994189,47.61250207
-122.3124938,47.5983294,S KING ST BETWEEN RAINIER AVE S AND 16TH AVE S,1,Property Damage Only Collision,Parked Car,2,2,0,0,0,6/17/10 13:00,Unknown,Unknown,Daylight,Central Area-Atlantic,-122.3066905,47.58904316
-122.3051648,47.58899084,21ST AVE S BETWEEN S ATLANTIC ST AND S MASSACHUSETTS ST,1,Property Damage Only Collision,Parked Car,2,2,0,0,0,2/3/04,Overcast,Dry,Daylight,Central Area-Atlantic,-122.3066905,47.58904316
-122.3032877,47.59979969,22ND AVE S BETWEEN S MAIN ST AND S JACKSON ST,1,Property Damage Only Collision,Parked Car,2,2,0,0,0,4/3/06,Clear or Partly Cloudy,Dry,Daylight,Central Area-Atlantic,-122.3066905,47.58904316
-122.3009621,47.58293881,S COLLEGE ST BETWEEN RAINIER S AVE S AND 25TH AVE S,1,Property Damage Only Collision,Parked Car,2,2,0,0,0,5/15/19 7:50,Clear or Partly Cloudy,Dry,Unknown,Central Area-Atlantic,-122.3066905,47.58904316
-122.3001668,47.58099444,RAINIER AVE S AND S BAYVIEW ST,2,Injury Collision,Angles,3,2,3,0,0,8/26/05 15:00,Clear or Partly Cloudy,Dry,Daylight,Central Area-Atlantic,-122.3066905,47.58904316