X,Y,LOCATION,SEVERITYCODE,SEVERITYDESC,COLLISIONTYPE,PERSONCOUNT,VEHCOUNT,INJURIES,SERIOUSINJURIES,FATALITIES,INCDTTM,WEATHER,ROADCOND,LIGHTCOND,NEIGHBORHOOD,NX,NY
-122.3002615,47.58111836,RAINIER AVE S BETWEEN 25TH AVE S AND S BAYVIEW ST,2,Injury Collision,Rear Ended,4,3,1,0,0,9/21/09 13:31,Clear or Partly Cloudy,Dry,Daylight,Central Area-Atlantic,-122.3066905,47.58904316
-122.302222,47.5955707,23RD AVE S AND S DEARBORN ST,1,Property Damage Only Collision,Other,1,1,0,0,0,12/13/18 22:48,Clear or Partly Cloudy,Wet,Dark - Street Lights On,Central Area-Atlantic,-122.3066905,47.58904316
-122.302495,47.59787672,S KING ST BETWEEN DEAD END 1 AND 23RD AVE S,1,Property Damage Only Collision,Parked Car,2,2,0,0,0,1/23/08 19:00,Unknown,Unknown,Dusk,Central Area-Atlantic,-122.3066905,47.58904316
-122.3141466,47.60127027,14TH AVE S BETWEEN E YESLER WAY AND S WASHINGTON ST,2,Injury Collision,Left Turn,2,2,1,0,0,3/31/13 14:48,Clear or Partly Cloudy,Dry,Daylight,Central Area-Atlantic,-122.3066905,47.58904316
-122.3001668,47.58099444,RAINIER AVE S AND S BAYVIEW ST,2,Injury Collision,Angles,4,2,2,0,0,12/31/05 23:59,Raining,Wet,Dark - Street Lights On,Central Area-Atlantic,-122.3066905,47.58904316
-122.3002473,47.58690464,25TH AVE S AND S GRAND ST,1,Property Damage Only Collision,Angles,2,2,0,0,0,10/31/06 8:22,Clear or Partly Cloudy,Dry,Daylight,Central Area-Atlantic,-122.3066905,47.58904316
-122.2975221,47.57752585,RAINIER AVE S AND S FOREST ST,1,Property Damage Only Collision,Angles,2,2,0,0,0,2/25/05 17:48,Clear or Partly Cloudy,Dry,Dusk,Central Area-Atlantic,-122.3066905,47.58904316
-122.3115748,47.60000588,16TH AVE S AND S MAIN ST,1,Property Damage Only Collision,Angles,5,2,0,0,0,6/1/06,Clear or Partly Cloudy,Dry,Daylight,Central Area-Atlantic,-122.3066905,47.58904316
-122.3010957,47.60166512,24TH AVE AND E YESLER WAY,1,Property Damage Only Collision,Angles,2,2,0,0,0,7/16/05 12:40,Clear or Partly Cloudy,Dry,Daylight,Central Area-Atlantic,-122.3066905,47.58904316
-122.3022335,47.59928129,23RD AVE S AND S JACKSON ST,2,Injury Collision,Pedestrian,2,1,1,0,0,3/10/10 11:58,Clear or Partly Cloudy,Dry,Daylight,Central Area-Atlantic,-122.3066905,47.58904316
-122.3141619,47.60168876,14TH AVE AND E YESLER WAY,2,Injury Collision,Left Turn,2,2,2,0,0,12/14/18 7:35,Clear or Partly Cloudy,Dry,Dawn,Central Area-Atlantic,-122.3066905,47.58904316
-122.2981276,47.58632717,M L KING JR WAY S AND S HOLGATE ST,1,Property Damage Only Collision,Angles,2,2,0,0,0,1/8/06,Clear or Partly Cloudy,Dry,Daylight,Central Area-Atlantic,-122.3066905,47.58904316
-122.3039436,47.59927028,S JACKSON ST BETWEEN 20TH PL S AND 22ND AVE S,2,Injury Collision,Angles,4,2,1,0,0,5/2/12 14:00,Clear or Partly Cloudy,Dry,Daylight,Central Area-Atlantic,-122.3066905,47.58904316
-122.3010586,47.59928512,S JACKSON ST BETWEEN 23RD AVE S AND 25TH AVE S,1,Property Damage Only Collision,Other,2,2,0,0,0,6/26/07 13:30,Clear or Partly Cloudy,Dry,Daylight,Central Area-Atlantic,-122.3066905,47.58904316
-122.2974378,47.59077555,M L KING JR WAY S BETWEEN S IRVING ST AND MOUNTAINS TO SOUND TRL,1,Property Damage Only Collision,Rear Ended,2,2,0,0,0,9/17/09 19:30,Overcast,Dry,Dark - Street Lights On,Central Area-Atlantic,-122.3066905,47.58904316
-122.3011684,47.59507782,24TH AVE S BETWEEN S DEARBORN ST AND S CHARLES ST,1,Property Damage Only Collision,Parked Car,2,2,0,0,0,4/9/07,Clear or Partly Cloudy,Dry,Daylight,Central Area-Atlantic,-122.3066905,47.58904316
-122.3030409,47.60166829,E YESLER WAY BETWEEN 22ND AVE AND 23RD AVE,2,Injury Collision,Rear Ended,5,3,1,0,0,9/12/15 2:08,Clear or Partly Cloudy,Dry,Dark - Street Lights On,Central Area-Atlantic,-122.3066905,47.58904316
-122.3022364,47.60032112,23RD AVE S AND S MAIN ST,0,Unknown,,2,0,0,0,0,6/28/13,,,,Central Area-Atlantic,-122.3066905,47.58904316
-122.3115774,47.5992246,16TH AVE S AND S JACKSON ST,1,Property Damage Only Collision,Angles,2,2,0,0,0,10/19/07 17:45,Overcast,Dry,Dusk,Central Area-Atlantic,-122.3066905,47.58904316
-122.3115805,47.59832756,16TH AVE S AND S KING ST,2,Injury Collision,Angles,3,2,1,0,0,5/7/14 14:14,Clear or Partly Cloudy,Dry,Daylight,Central Area-Atlantic,-122.3066905,47.58904316
-122.3083171,47.5992429,S JACKSON ST BETWEEN 18TH AVE S AND 19TH AVE S,0,Unknown,,2,0,0,0,0,12/18/16,,,,Central Area-Atlantic,-122.3066905,47.58904316
-122.3072197,47.59022957,RAINIER AVE S BETWEEN MTS N RAINIER CONNCT TRL AND I90 EB OFF RP,2,Injury Collision,Rear Ended,5,3,4,0,0,6/5/12 12:50,Raining,Wet,Daylight,Central Area-Atlantic,-122.3066905,47.58904316
-122.3023388,47.6016673,23RD AVE AND E YESLER WAY,1,Property Damage Only Collision,Sideswipe,2,2,0,0,0,4/10/13 17:12,Unknown,Unknown,Unknown,Central Area-Atlantic,-122.3066905,47.58904316
-122.2995577,47.59555716,S DEARBORN ST BETWEEN 25TH AVE S AND 26TH W AVE S,1,Property Damage Only Collision,Parked Car,3,3,0,0,0,4/5/18 12:18,Raining,Wet,Daylight,Central Area-Atlantic,-122.3066905,47.58904316
-122.3022335,47.59928129,23RD AVE S AND S JACKSON ST,0,Unknown,,0,0,0,0,0,1/8/18,,,,Central Area-Atlantic,-122.3066905,47.58904316
-122.2961881,47.57834715,M L KING JR WAY S AND S MCCLELLAN ST,2,Injury Collision,Left Turn,4,2,3,0,0,3/29/04 14:37,Clear or Partly Cloudy,Dry,Daylight,Central Area-Atlantic,-122.3066905,47.58904316
-122.2981106,47.58306883,M L KING JR WAY S BETWEEN S WALKER ST AND S BAYVIEW N ST,1,Property Damage Only Collision,Rear Ended,5,2,0,0,0,11/18/04 8:40,Clear or Partly Cloudy,Dry,Daylight,Central Area-Atlantic,-122.3066905,47.58904316
-122.3072197,47.59022957,RAINIER AVE S BETWEEN MTS N RAINIER CONNCT TRL AND I90 EB OFF RP,1,Property Damage Only Collision,Rear Ended,3,3,0,0,0,8/10/04 16:50,Clear or Partly Cloudy,Dry,Daylight,Central Area-Atlantic,-122.3066905,47.58904316
-122.3017173,47.60166611,E YESLER WAY BETWEEN 23RD AVE AND 24TH AVE,0,Unknown,,0,0,0,0,0,10/28/04,,,,Central Area-Atlantic,-122.3066905,47.58904316
-122.2978374,47.57793916,RAINIER AVE S BETWEEN S MCCLELLAN ST AND S FOREST ST,1,Property Damage Only Collision,Rear Ended,2,2,0,0,0,5/5/04,Clear or Partly Cloudy,Dry,Unknown,Central Area-Atlantic,-122.3066905,47.58904316
-122.2974685,47.59739387,M L KING JR WAY S BETWEEN S KING ST AND S LANE ST,2,Injury Collision,Rear Ended,2,2,1,0,0,4/12/13 11:10,Clear or Partly Cloudy,Unknown,Daylight,Central Area-Atlantic,-122.3066905,47.58904316
-122.3115761,47.59961524,16TH AVE S BETWEEN S MAIN ST AND S JACKSON ST,1,Property Damage Only Collision,Other,3,3,0,0,0,11/29/18 8:55,Clear or Partly Cloudy,Dry,Daylight,Central Area-Atlantic,-122.3066905,47.58904316
-122.3169651,47.60085286,12TH AVE S AND BOREN AVE S,1,Property Damage Only Collision,Angles,0,2,0,0,0,8/26/17 16:00,Clear or Partly Cloudy,Dry,Daylight,Central Area-Atlantic,-122.3066905,47.58904316
-122.2986418,47.60010445,26TH AVE S BETWEEN S WASHINGTON ST AND S JACKSON ST,1,Property Damage Only Collision,Parked Car,2,2,0,0,0,7/7/10 7:45,Clear or Partly Cloudy,Dry,Daylight,Central Area-Atlantic,-122.3066905,47.58904316
-122.302554,47.58409913,RAINIER AVE S BETWEEN 23RD AVE S AND S WALKER ST,2,Injury Collision,Rear Ended,2,2,2,0,0,12/23/14 19:26,Raining,,Dark - Street Lights On,Central Area-Atlantic,-122.3066905,47.58904316
-122.3019427,47.58836012,S MASSACHUSETTS ST BETWEEN 23RD AVE S AND 24TH AVE S,1,Property Damage Only Collision,Rear Ended,3,2,0,0,0,6/21/06 13:51,Clear or Partly Cloudy,Dry,Daylight,Central Area-Atlantic,-122.3066905,47.58904316
-122.3089678,47.59923897,18TH AVE S AND S JACKSON ST,2,Injury Collision,Angles,0,2,2,0,0,4/11/15 8:20,Clear or Partly Cloudy,Dry,Daylight,Central Area-Atlantic,-122.3066905,47.58904316
-122.3158572,47.60169182,E YESLER WAY BETWEEN 12TH AVE AND 13TH AVE,2,Injury Collision,Rear Ended,3,2,3,0,0,3/17/12 15:00,Clear or Partly Cloudy,Dry,Daylight,Central Area-Atlantic,-122.3066905,47.58904316
-122.2990702,47.58690613,26TH AVE S AND S GRAND ST,1,Property Damage Only Collision,Angles,2,2,0,0,0,9/4/14 8:29,Clear or Partly Cloudy,Dry,Daylight,Central Area-Atlantic,-122.3066905,47.58904316
-122.302554,47.58409913,RAINIER AVE S BETWEEN 23RD AVE S AND S WALKER ST,2,Injury Collision,Other,1,1,1,0,0,2/8/07,Clear or Partly Cloudy,Dry,Dark - Street Lights On,Central Area-Atlantic,-122.3066905,47.58904316
-122.3115774,47.5992246,16TH AVE S AND S JACKSON ST,1,Property Damage Only Collision,Angles,0,2,0,0,0,5/21/15 13:11,Clear or Partly Cloudy,Dry,Daylight,Central Area-Atlantic,-122.3066905,47.58904316
-122.3025936,47.58837465,23RD AVE S AND S MASSACHUSETTS ST,2,Injury Collision,Angles,2,2,2,0,0,8/2/14 8:33,Clear or Partly Cloudy,Wet,Daylight,Central Area-Atlantic,-122.3066905,47.58904316
-122.3169651,47.60085286,12TH AVE S AND BOREN AVE S,2,Injury Collision,Cycles,2,1,1,0,0,8/13/16 21:15,Clear or Partly Cloudy,Dry,Dark - Street Lights On,Central Area-Atlantic,-122.3066905,47.58904316
-122.2980618,47.58760704,M L KING JR WAY S BETWEEN S MASSACHUSETTS ST AND S GRAND ST,2,Injury Collision,Head On,0,2,1,0,0,4/24/15 22:46,Clear or Partly Cloudy,Dry,Dark - Street Lights On,Central Area-Atlantic,-122.3066905,47.58904316
-122.2980618,47.58760704,M L KING JR WAY S BETWEEN S MASSACHUSETTS ST AND S GRAND ST,2,Injury Collision,Parked Car,2,2,1,0,0,3/9/06,Raining,Wet,Dark - Street Lights On,Central Area-Atlantic,-122.3066905,47.58904316
-122.3062062,47.59485225,20TH AVE S BETWEEN S NYE PL AND S CHARLES ST,1,Property Damage Only Collision,Parked Car,2,2,0,0,0,10/28/09 12:45,Clear or Partly Cloudy,Dry,Daylight,Central Area-Atlantic,-122.3066905,47.58904316
-122.2961881,47.57834715,M L KING JR WAY S AND S MCCLELLAN ST,2,Injury Collision,Angles,5,2,2,0,0,7/30/17 18:25,Clear or Partly Cloudy,Dry,Daylight,Central Area-Atlantic,-122.3066905,47.58904316
-122.3026016,47.58764463,23RD AVE S BETWEEN S MASSACHUSETTS ST AND S GRAND ST,1,Property Damage Only Collision,Other,1,1,0,0,0,1/12/15 11:54,Clear or Partly Cloudy,Dry,Daylight,Central Area-Atlantic,-122.3066905,47.58904316
-122.3022349,47.59980258,23RD AVE S BETWEEN S MAIN ST AND S JACKSON ST,0,Unknown,,2,0,0,0,0,10/5/16,,,,Central Area-Atlantic,-122.3066905,47.58904316
-122.2987762,47.59206358,S JUDKINS ST BETWEEN 26TH W AVE S AND 26TH E AVE S,1,Property Damage Only Collision,Parked Car,2,2,0,0,0,6/23/12 22:15,Unknown,Unknown,Dark - Street Lights On,Central Area-Atlantic,-122.3066905,47.58904316
-122.3058274,47.5884106,RAINIER AVE S AND S MASSACHUSETTS ST,1,Property Damage Only Collision,Sideswipe,5,2,0,0,0,7/28/12 20:10,Clear or Partly Cloudy,Dry,Daylight,Central Area-Atlantic,-122.3066905,47.58904316
-122.3039221,47.58591393,RAINIER AVE S BETWEEN S HOLGATE ST AND S PLUM ST,1,Property Damage Only Collision,Sideswipe,2,2,0,0,0,11/18/09 7:13,Raining,Wet,Dawn,Central Area-Atlantic,-122.3066905,47.58904316
-122.3045216,47.58957651,S ATLANTIC ST BETWEEN 21ST AVE S AND 22ND AVE S,0,Unknown,,2,0,0,0,0,1/9/17,,,,Central Area-Atlantic,-122.3066905,47.58904316
-122.3029207,47.58501879,23RD AVE S BETWEEN S PLUM ST AND RAINIER AVE S,1,Property Damage Only Collision,Rear Ended,0,2,0,0,0,4/8/13 7:50,Overcast,Dry,Daylight,Central Area-Atlantic,-122.3066905,47.58904316
-122.3029207,47.58501879,23RD AVE S BETWEEN S PLUM ST AND RAINIER AVE S,2,Injury Collision,Rear Ended,4,3,2,0,0,7/30/04 14:05,Clear or Partly Cloudy,Dry,Daylight,Central Area-Atlantic,-122.3066905,47.58904316
-122.2969907,47.581267,M L KING JR WAY S AND S BAYVIEW S ST,2,Injury Collision,Angles,2,2,1,0,0,4/13/13 8:22,Overcast,Dry,Daylight,Central Area-Atlantic,-122.3066905,47.58904316
-122.3150302,47.59960074,BOREN AVE S BETWEEN S MAIN ST AND RAINIER AVE S,1,Property Damage Only Collision,Sideswipe,2,2,0,0,0,4/4/13 8:16,Overcast,Wet,Daylight,Central Area-Atlantic,-122.3066905,47.58904316
-122.3032877,47.59979969,22ND AVE S BETWEEN S MAIN ST AND S JACKSON ST,1,Property Damage Only Collision,Parked Car,2,2,0,0,0,11/27/18 18:21,Raining,Wet,Dark - Street Lights On,Central Area-Atlantic,-122.3066905,47.58904316
-122.3025936,47.58837465,23RD AVE S AND S MASSACHUSETTS ST,2,Injury Collision,Left Turn,3,2,2,0,0,7/3/04,Clear or Partly Cloudy,Dry,Daylight,Central Area-Atlantic,-122.3066905,47.58904316
-122.3141619,47.60168876,14TH AVE AND E YESLER WAY,2,Injury Collision,Left Turn,4,2,1,0,0,4/13/13 2:06,Raining,Wet,Dark - Street Lights On,Central Area-Atlantic,-122.3066905,47.58904316
-122.3102686,47.60042245,17TH AVE S BETWEEN S WASHINGTON ST AND S MAIN ST,1,Property Damage Only Collision,Parked Car,2,2,0,0,0,4/6/13 4:00,Raining,Wet,Dark - Street Lights On,Central Area-Atlantic,-122.3066905,47.58904316
-122.2978374,47.57793916,RAINIER AVE S BETWEEN S MCCLELLAN ST AND S FOREST ST,2,Injury Collision,Other,1,1,1,0,0,7/20/04 11:00,Clear or Partly Cloudy,Dry,Daylight,Central Area-Atlantic,-122.3066905,47.58904316
-122.3115774,47.5992246,16TH AVE S AND S JACKSON ST,1,Property Damage Only Collision,Other,1,1,0,0,0,4/6/13 3:04,Raining,Dry,Dark - Street Lights On,Central Area-Atlantic,-122.3066905,47.58904316
-122.3158572,47.60169182,E YESLER WAY BETWEEN 12TH AVE AND 13TH AVE,1,Property Damage Only Collision,Parked Car,2,2,0,0,0,4/12/13 20:24,Raining,Wet,Dark - Street Lights On,Central Area-Atlantic,-122.3066905,47.58904316
-122.2974486,47.58188855,M L KING JR WAY S BETWEEN S BAYVIEW N ST AND S BAYVIEW S ST,1,Property Damage Only Collision,Rear Ended,3,2,0,0,0,9/14/04 16:58,Raining,Wet,Daylight,Central Area-Atlantic,-122.3066905,47.58904316
-122.2961881,47.57834715,M L KING JR WAY S AND S MCCLELLAN ST,2,Injury Collision,Left Turn,6,2,4,0,0,7/8/04,Clear or Partly Cloudy,Dry,Daylight,Central Area-Atlantic,-122.3066905,47.58904316
-122.3128573,47.5992175,S JACKSON ST BETWEEN 14TH AVE S AND 16TH AVE S,1,Property Damage Only Collision,Sideswipe,3,2,0,0,0,12/6/18 9:50,Clear or Partly Cloudy,Dry,Daylight,Central Area-Atlantic,-122.3066905,47.58904316
-122.3042394,47.58633028,RAINIER AVE S AND S HOLGATE ST,0,Unknown,,0,0,0,0,0,4/10/04,,,,Central Area-Atlantic,-122.3066905,47.58904316
-122.2974685,47.59739387,M L KING JR WAY S BETWEEN S KING ST AND S LANE ST,1,Property Damage Only Collision,Parked Car,2,2,0,0,0,5/29/04 17:38,Clear or Partly Cloudy,Dry,Daylight,Central Area-Atlantic,-122.3066905,47.58904316
-122.3096373,47.59425142,S CHARLES ST BETWEEN RAINIER S AVE S AND HIAWATHA PL S,2,Injury Collision,Rear Ended,2,2,1,0,0,8/28/18 7:53,Clear or Partly Cloudy,Dry,Daylight,Central Area-Atlantic,-122.3066905,47.58904316
-122.3109268,47.59922819,S JACKSON ST BETWEEN 16TH AVE S AND 17TH AVE S,0,Unknown,,0,0,0,0,0,4/8/13,,,,Central Area-Atlantic,-122.3066905,47.58904316
-122.3089678,47.59923897,18TH AVE S AND S JACKSON ST,2,Injury Collision,Angles,3,2,1,0,0,4/7/13 14:03,Raining,Wet,Daylight,Central Area-Atlantic,-122.3066905,47.58904316
-122.2984063,47.60086529,S WASHINGTON ST BETWEEN 26TH AVE S AND 27TH AVE S,1,Property Damage Only Collision,Angles,4,2,0,0,0,2/8/19 14:18,Snowing,Ice,Daylight,Central Area-Atlantic,-122.3066905,47.58904316
-122.3037389,47.60166928,22ND AVE AND E YESLER WAY,1,Property Damage Only Collision,,2,0,0,0,0,12/29/19,,,,Central Area-Atlantic,-122.3066905,47.58904316
-122.3137615,47.59880044,RAINIER AVE S AND S JACKSON PL,1,Property Damage Only Collision,,3,0,0,0,0,5/28/18,,,,Central Area-Atlantic,-122.3066905,47.58904316
-122.3002615,47.58111836,RAINIER AVE S BETWEEN 25TH AVE S AND S BAYVIEW ST,2,Injury Collision,Rear Ended,6,4,2,0,0,3/29/04 13:25,Clear or Partly Cloudy,Dry,Daylight,Central Area-Atlantic,-122.3066905,47.58904316
-122.2961881,47.57834715,M L KING JR WAY S AND S MCCLELLAN ST,0,Unknown,,0,0,0,0,0,12/21/04,,,,Central Area-Atlantic,-122.3066905,47.58904316
-122.3099351,47.59379007,RAINIER AVE S BETWEEN S CHARLES S ST AND S NORMAN ST,2,Injury Collision,Rear Ended,5,2,2,0,0,7/26/04 22:47,Clear or Partly Cloudy,Dry,Dark - Street Lights On,Central Area-Atlantic,-122.3066905,47.58904316
-122.3164832,47.60040526,BOREN AVE S BETWEEN 12TH AVE S AND S MAIN ST,1,Property Damage Only Collision,Rear Ended,7,2,0,0,0,4/9/04,Clear or Partly Cloudy,Dry,Daylight,Central Area-Atlantic,-122.3066905,47.58904316
-122.302222,47.5955707,23RD AVE S AND S DEARBORN ST,2,Injury Collision,Left Turn,3,2,1,0,0,4/24/04 14:03,Clear or Partly Cloudy,Dry,Daylight,Central Area-Atlantic,-122.3066905,47.58904316
-122.3115748,47.60000588,16TH AVE S AND S MAIN ST,1,Property Damage Only Collision,Angles,2,2,0,0,0,4/4/04,Clear or Partly Cloudy,Dry,Daylight,Central Area-Atlantic,-122.3066905,47.58904316
-122.342572,47.60779516,ALASKAN WAY BETWEEN ALASKAN E RDWY WAY AND PIKE ST,1,Property Damage Only Collision,Parked Car,2,2,0,0,0,11/24/06 14:45,Clear or Partly Cloudy,Dry,Daylight,Downtown-Pike-Market,-122.34228,47.60965948
-122.3424026,47.6121175,2ND AVE BETWEEN VIRGINIA ST AND LENORA ST,1,Property Damage Only Collision,Sideswipe,2,2,0,0,0,3/27/13 20:22,Clear or Partly Cloudy,Dry,Dark - Street Lights On,Downtown-Pike-Market,-122.34228,47.60965948
-122.3406294,47.60872262,PIKE PL BETWEEN PIKE ST AND POST AL,1,Property Damage Only Collision,Parked Car,2,2,0,0,0,3/30/13 1:00,Clear or Partly Cloudy,Dry,Dark - Street Lights On,Downtown-Pike-Market,-122.34228,47.60965948
-122.3421839,47.61139963,VIRGINIA ST BETWEEN 1ST AVE AND 2ND AVE,1,Property Damage Only Collision,Sideswipe,2,2,0,0,0,8/28/08 10:21,Overcast,Dry,Daylight,Downtown-Pike-Market,-122.34228,47.60965948
-122.3404715,47.60862931,PIKE PL AND PIKE ST,2,Injury Collision,Pedestrian,2,1,1,0,0,10/14/04 18:36,Overcast,Dry,Dark - Street Lights On,Downtown-Pike-Market,-122.34228,47.60965948
-122.3443434,47.611504,LENORA ST BETWEEN WESTERN AVE AND 1ST AVE,1,Property Damage Only Collision,Parked Car,2,2,0,0,0,4/1/13 14:54,Clear or Partly Cloudy,Dry,Daylight,Downtown-Pike-Market,-122.34228,47.60965948
-122.339357,47.60978057,2ND AVE BETWEEN PIKE ST AND PINE ST,1,Property Damage Only Collision,Other,0,2,0,0,0,5/3/05,Clear or Partly Cloudy,Dry,Daylight,Downtown-Pike-Market,-122.34228,47.60965948
-122.3389037,47.60928514,2ND AVE AND PIKE ST,1,Property Damage Only Collision,Left Turn,3,2,0,0,0,3/27/13 18:00,Clear or Partly Cloudy,Dry,Daylight,Downtown-Pike-Market,-122.34228,47.60965948
-122.3456451,47.6096113,ALASKAN WAY BETWEEN VIRGINIA ST AND LENORA ST,2,Injury Collision,,1,0,1,0,0,5/11/19,,,,Downtown-Pike-Market,-122.34228,47.60965948
-122.3424026,47.6121175,2ND AVE BETWEEN VIRGINIA ST AND LENORA ST,1,Property Damage Only Collision,Parked Car,2,2,0,0,0,3/22/13 23:00,Unknown,Unknown,Unknown,Downtown-Pike-Market,-122.34228,47.60965948
-122.339357,47.60978057,2ND AVE BETWEEN PIKE ST AND PINE ST,1,Property Damage Only Collision,Cycles,0,1,0,0,0,4/19/16 8:30,Clear or Partly Cloudy,Dry,Daylight,Downtown-Pike-Market,-122.34228,47.60965948
-122.3428781,47.60981183,WESTERN AVE BETWEEN PINE ST AND VIRGINIA ST,2,Injury Collision,Pedestrian,2,1,1,0,0,11/2/12 17:14,Raining,Wet,Dark - Street Lights On,Downtown-Pike-Market,-122.34228,47.60965948
-122.3424026,47.6121175,2ND AVE BETWEEN VIRGINIA ST AND LENORA ST,0,Unknown,,0,0,0,0,0,7/13/11,,,,Downtown-Pike-Market,-122.34228,47.60965948
-122.3428202,47.610018,PIKE PL BETWEEN STEWART ST AND VIRGINIA ST,2,Injury Collision,Pedestrian,2,1,1,0,0,4/25/14 15:01,Unknown,Dry,Daylight,Downtown-Pike-Market,-122.34228,47.60965948
-122.3432623,47.61145276,1ST AVE BETWEEN VIRGINIA ST AND LENORA ST,0,Unknown,,2,0,0,0,0,6/10/16,,,,Downtown-Pike-Market,-122.34228,47.60965948
-122.339357,47.60978057,2ND AVE BETWEEN PIKE ST AND PINE ST,1,Property Damage Only Collision,,1,0,0,0,0,5/7/17,,,,Downtown-Pike-Market,-122.34228,47.60965948
-122.3402425,47.60872513,PIKE ST BETWEEN PIKE PL AND 1ST AVE,1,Property Damage Only Collision,Parked Car,3,3,0,0,0,4/9/13 22:53,Clear or Partly Cloudy,Dry,Dark - Street Lights On,Downtown-Pike-Market,-122.34228,47.60965948
-122.3404667,47.60931643,1ST AVE BETWEEN PIKE ST AND PINE ST,2,Injury Collision,Angles,9,3,5,0,0,10/18/10 14:38,Clear or Partly Cloudy,Dry,Daylight,Downtown-Pike-Market,-122.34228,47.60965948
-122.3428202,47.610018,PIKE PL BETWEEN STEWART ST AND VIRGINIA ST,2,Injury Collision,Pedestrian,2,1,1,0,0,8/15/09 12:10,Clear or Partly Cloudy,Dry,Daylight,Downtown-Pike-Market,-122.34228,47.60965948
-122.344772,47.61117277,LENORA ST AND WESTERN AVE,1,Property Damage Only Collision,Other,4,2,0,0,0,9/11/15 10:53,Clear or Partly Cloudy,Dry,Daylight,Downtown-Pike-Market,-122.34228,47.60965948
-122.3395594,47.60832456,1ST AVE BETWEEN UNION ST AND PIKE ST,0,Unknown,,0,0,0,0,0,10/19/17,,,,Downtown-Pike-Market,-122.34228,47.60965948
-122.3408978,47.61061931,STEWART ST BETWEEN 1ST AVE AND 2ND AVE,0,Unknown,,1,0,0,0,0,3/28/13,,,,Downtown-Pike-Market,-122.34228,47.60965948
-122.3424026,47.6121175,2ND AVE BETWEEN VIRGINIA ST AND LENORA ST,0,Unknown,,0,0,0,0,0,11/8/04,,,,Downtown-Pike-Market,-122.34228,47.60965948
-122.3420004,47.60953241,PIKE PL BETWEEN PINE ST AND STEWART ST,0,Unknown,,0,0,0,0,0,4/8/13,,,,Downtown-Pike-Market,-122.34228,47.60965948
-122.3421717,47.60963411,PIKE PL AND STEWART ST,2,Injury Collision,Pedestrian,2,1,1,0,0,4/9/04,Clear or Partly Cloudy,Dry,Daylight,Downtown-PIKE-MARKET,-122.34228,47.60965948
-122.3404667,47.60931643,1ST AVE BETWEEN PIKE ST AND PINE ST,1,Property Damage Only Collision,Parked Car,2,2,0,0,0,6/6/04,Other,Unknown,Daylight,Downtown-Pike-Market,-122.34228,47.60965948
-122.3394586,47.60905305,PIKE ST BETWEEN 1ST AVE AND 2ND AVE,1,Property Damage Only Collision,Other,2,2,0,0,0,4/9/13 13:13,Clear or Partly Cloudy,Dry,Daylight,Downtown-Pike-Market,-122.34228,47.60965948
-122.3428202,47.610018,PIKE PL BETWEEN STEWART ST AND VIRGINIA ST,0,Unknown,,2,0,0,0,0,1/26/19,,,,Downtown-Pike-Market,-122.34228,47.60965948
-122.3421839,47.61139963,VIRGINIA ST BETWEEN 1ST AVE AND 2ND AVE,0,Unknown,,0,0,0,0,0,10/25/04,,,,Downtown-Pike-Market,-122.34228,47.60965948
-122.3395594,47.60832456,1ST AVE BETWEEN UNION ST AND PIKE ST,1,Property Damage Only Collision,Parked Car,2,2,0,0,0,7/10/04 20:23,Unknown,Dry,Dusk,Downtown-Pike-Market,-122.34228,47.60965948
-122.3389037,47.60928514,2ND AVE AND PIKE ST,2,Injury Collision,Angles,3,2,1,0,0,11/20/04 23:24,Clear or Partly Cloudy,Dry,Dark - Street Lights On,Downtown-Pike-Market,-122.34228,47.60965948
-122.3411327,47.61004447,1ST AVE BETWEEN PINE ST AND STEWART ST,2,Injury Collision,Rear Ended,3,2,1,0,0,9/19/04 17:54,Clear or Partly Cloudy,Dry,Daylight,Downtown-Pike-Market,-122.34228,47.60965948
-122.3413097,47.60912427,PIKE PL BETWEEN POST AL AND PINE ST,1,Property Damage Only Collision,Parked Car,2,2,0,0,0,10/5/04,Unknown,Unknown,Daylight,Downtown-PIKE-MARKET,-122.34228,47.60965948
-122.3378176,47.61853058,DENNY WAY BETWEEN WESTLAKE AVE AND TERRY AVE,1,Property Damage Only Collision,Rear Ended,2,2,0,0,0,12/16/18 15:03,Raining,Wet,Daylight,Downtown-Belltown,-122.3445856,47.61426748
-122.3437015,47.61288566,2ND AVE BETWEEN LENORA ST AND BLANCHARD ST,2,Injury Collision,Rear Ended,5,2,1,0,0,3/24/13 0:43,Clear or Partly Cloudy,Dry,Dark - Street Lights On,Downtown-Belltown,-122.3445856,47.61426748
-122.3443753,47.61680223,5TH AVE AND BATTERY ST,1,Property Damage Only Collision,Left Turn,2,2,0,0,0,3/31/13 3:44,Clear or Partly Cloudy,Dry,Dark - Street Lights On,Downtown-Belltown,-122.3445856,47.61426748
-122.3466363,47.61696606,4TH AVE BETWEEN WALL ST AND VINE ST,0,Unknown,,0,0,0,0,0,12/31/16,,,,Downtown-Belltown,-122.3445856,47.61426748