X,Y,LOCATION,SEVERITYCODE,SEVERITYDESC,COLLISIONTYPE,PERSONCOUNT,VEHCOUNT,INJURIES,SERIOUSINJURIES,FATALITIES,INCDTTM,WEATHER,ROADCOND,LIGHTCOND,NEIGHBORHOOD,NX,NY
-122.3540246,47.61443343,ALASKAN WAY AND CLAY ST,0,Unknown,,0,0,0,0,0,12/10/18,,,,Downtown-Belltown,-122.3445856,47.61426748
-122.3331667,47.61482124,9TH AVE AND HOWELL ST,2,Injury Collision,Pedestrian,2,1,1,0,0,12/9/04,Clear or Partly Cloudy,Dry,Daylight,Downtown-Belltown,-122.3445856,47.61426748
-122.3540261,47.61664271,WESTERN AVE BETWEEN BROAD ST AND EAGLE ST,1,Property Damage Only Collision,Parked Car,2,2,0,0,0,6/9/04,Raining,Wet,Dark - Street Lights On,Downtown-Belltown,-122.3445856,47.61426748
-122.3421927,47.61316683,3RD AVE AND LENORA ST,2,Injury Collision,Pedestrian,2,1,1,0,0,2/12/04 12:28,Clear or Partly Cloudy,Dry,Daylight,Downtown-Belltown,-122.3445856,47.61426748
-122.3452133,47.61260646,1ST AVE AND BLANCHARD ST,0,Unknown,,0,0,0,0,0,5/11/19,,,,Downtown-Belltown,-122.3445856,47.61426748
-122.3471621,47.61375831,1ST AVE BETWEEN BELL ST AND BATTERY ST,1,Property Damage Only Collision,Parked Car,2,2,0,0,0,3/28/13 22:00,Clear or Partly Cloudy,Unknown,Dark - Street Lights On,Downtown-Belltown,-122.3445856,47.61426748
-122.331429,47.61794165,STEWART ST BETWEEN MINOR AVE AND YALE AVE,1,Property Damage Only Collision,Cycles,2,1,0,0,0,8/3/05,Clear or Partly Cloudy,Dry,Daylight,Downtown-Belltown,-122.3445856,47.61426748
-122.3561067,47.61860457,DENNY WAY BETWEEN QUEEN ANNE AVE N AND 1ST AVE,2,Injury Collision,Rear Ended,2,2,2,0,0,6/16/04 8:20,Clear or Partly Cloudy,Dry,Daylight,Downtown-Belltown,-122.3445856,47.61426748
-122.355992,47.61780244,BAY ST AND WESTERN AVE,1,Property Damage Only Collision,Sideswipe,5,2,0,0,0,3/25/13 16:54,Clear or Partly Cloudy,Dry,Daylight,Downtown-Belltown,-122.3445856,47.61426748
-122.3469532,47.61037734,ALASKAN WAY BETWEEN LENORA ST AND BLANCHARD ST,1,Property Damage Only Collision,Parked Car,3,2,0,0,0,5/7/19 14:33,Clear or Partly Cloudy,Dry,Daylight,Downtown-Belltown,-122.3445856,47.61426748
-122.3531671,47.61730798,1ST AVE BETWEEN BROAD ST AND EAGLE ST,1,Property Damage Only Collision,Parked Car,2,2,0,0,0,8/8/06,Clear or Partly Cloudy,Dry,Daylight,Downtown-Belltown,-122.3445856,47.61426748
-122.3356005,47.61852277,DENNY WAY BETWEEN BOREN AVE N AND BOREN AVE,2,Injury Collision,Rear Ended,3,2,1,0,0,4/4/06,Clear or Partly Cloudy,Dry,Daylight,Downtown-Belltown,-122.3445856,47.61426748
-122.3554531,47.61860207,1ST AVE AND DENNY WAY,1,Property Damage Only Collision,Right Turn,2,2,0,0,0,8/10/06 17:22,Clear or Partly Cloudy,Dry,Daylight,Downtown-Belltown,-122.3445856,47.61426748
-122.3336454,47.61445322,HOWELL ST BETWEEN OLIVE WAY AND 9TH AVE,0,Unknown,,0,0,0,0,0,3/23/13,,,,Downtown-Belltown,-122.3445856,47.61426748
-122.3373936,47.61266535,5TH AVE AND OLIVE WAY,1,Property Damage Only Collision,Sideswipe,2,2,0,0,0,1/23/04 12:07,Raining,Wet,Daylight,Downtown-Belltown,-122.3445856,47.61426748
-122.3458631,47.61299081,1ST AVE BETWEEN BLANCHARD ST AND BELL ST,1,Property Damage Only Collision,Angles,4,2,0,0,0,3/29/13 20:05,Clear or Partly Cloudy,Dry,Dark - Street Lights On,Downtown-Belltown,-122.3445856,47.61426748
-122.3393811,47.61267734,4TH AVE BETWEEN STEWART ST AND VIRGINIA ST,2b,Serious Injury Collision,Left Turn,7,5,4,1,0,3/24/13 14:18,Clear or Partly Cloudy,Dry,Daylight,Downtown-Belltown,-122.3445856,47.61426748
-122.3531671,47.61730798,1ST AVE BETWEEN BROAD ST AND EAGLE ST,1,Property Damage Only Collision,Parked Car,2,2,0,0,0,3/31/13 13:24,Clear or Partly Cloudy,Dry,Daylight,Downtown-Belltown,-122.3445856,47.61426748
-122.340683,47.61344689,4TH AVE BETWEEN VIRGINIA ST AND LENORA ST,1,Property Damage Only Collision,Other,3,3,0,0,0,11/10/06 13:28,Raining,Wet,Daylight,Downtown-Belltown,-122.3445856,47.61426748
-122.3292921,47.61844935,DENNY WAY BETWEEN STEWART ST AND MELROSE AVE,1,Property Damage Only Collision,Rear Ended,2,2,0,0,0,6/12/05 21:57,Raining,Wet,Dark - Street Lights On,Downtown-Belltown,-122.3445856,47.61426748
-122.3413239,47.61206453,VIRGINIA ST BETWEEN 2ND AVE AND 3RD AVE,1,Property Damage Only Collision,Other,4,2,0,0,0,9/17/04 23:34,Overcast,Dry,Dark - Street Lights On,Downtown-Belltown,-122.3445856,47.61426748
-122.3363859,47.61676979,9TH AVE BETWEEN VIRGINIA ST AND LENORA ST,0,Unknown,,0,0,0,0,0,11/20/18,,,,Downtown-Belltown,-122.3445856,47.61426748
-122.3318586,47.61760953,MINOR AVE AND STEWART ST,1,Property Damage Only Collision,Right Turn,2,2,0,0,0,3/26/13 7:04,Unknown,Dry,Daylight,Downtown-Belltown,-122.3445856,47.61426748
-122.3335893,47.61804506,VIRGINIA ST BETWEEN BOREN AVE AND MINOR AVE,1,Property Damage Only Collision,Parked Car,2,2,0,0,0,12/4/18 8:45,Clear or Partly Cloudy,Dry,Daylight,Downtown-Belltown,-122.3445856,47.61426748
-122.3415411,47.61278151,3RD AVE BETWEEN VIRGINIA ST AND LENORA ST,1,Property Damage Only Collision,Rear Ended,4,2,0,0,0,5/18/05 22:38,Overcast,Wet,Dark - Street Lights On,Downtown-Belltown,-122.3445856,47.61426748
-122.3510829,47.61607772,1ST AVE BETWEEN CEDAR ST AND CLAY ST,1,Property Damage Only Collision,Parked Car,2,2,0,0,0,1/26/06 8:49,Unknown,Unknown,Daylight,Downtown-Belltown,-122.3445856,47.61426748
-122.3496061,47.61403122,WALL ST AND WESTERN AVE,1,Property Damage Only Collision,Right Turn,2,2,0,0,0,10/19/04 12:06,Raining,Wet,Daylight,Downtown-Belltown,-122.3445856,47.61426748
-122.3398324,47.61854013,BELL ST AND DENNY WAY,1,Property Damage Only Collision,Cycles,2,1,0,0,0,3/26/13 18:12,Clear or Partly Cloudy,Dry,Daylight,Downtown-Belltown,-122.3445856,47.61426748
-122.3504655,47.61336696,ELLIOTT AVE AND WALL ST,1,Property Damage Only Collision,Angles,4,2,0,0,0,3/19/04 21:53,Clear or Partly Cloudy,Dry,Dark - Street Lights On,Downtown-Belltown,-122.3445856,47.61426748
-122.3314166,47.61617112,BOREN AVE AND HOWELL ST,1,Property Damage Only Collision,Angles,6,2,0,0,0,12/17/18 0:50,Overcast,Wet,Dark - Street Lights On,Downtown-Belltown,-122.3445856,47.61426748
-122.3384846,47.61853427,DENNY WAY AND WESTLAKE AVE,1,Property Damage Only Collision,Angles,2,2,0,0,0,5/18/04 7:40,Clear or Partly Cloudy,Dry,Daylight,Downtown-Belltown,-122.3445856,47.61426748
-122.343075,47.61603294,5TH AVE AND BELL ST,2,Injury Collision,Sideswipe,5,2,2,0,0,6/12/04 22:15,Raining,Wet,Dark - Street Lights On,Downtown-Belltown,-122.3445856,47.61426748
-122.336586,47.61395411,STEWART ST BETWEEN 6TH AVE AND 7TH AVE,2,Injury Collision,Angles,2,2,1,0,0,5/11/19 14:35,Clear or Partly Cloudy,Dry,Daylight,Downtown-Belltown,-122.3445856,47.61426748
-122.3391736,47.61372707,5TH AVE AND VIRGINIA ST,1,Property Damage Only Collision,Left Turn,3,2,0,0,0,9/20/04 13:47,Clear or Partly Cloudy,Dry,Daylight,Downtown-Belltown,-122.3445856,47.61426748
-122.3519809,47.61602046,CLAY ST BETWEEN WESTERN AVE AND 1ST AVE,1,Property Damage Only Collision,Parked Car,2,2,0,0,0,4/1/13 8:14,Clear or Partly Cloudy,Dry,Daylight,Downtown-Belltown,-122.3445856,47.61426748
-122.3520997,47.61858907,DENNY WAY BETWEEN 2ND AVE AND 3RD AVE,1,Property Damage Only Collision,Sideswipe,2,2,0,0,0,11/23/07 13:31,Clear or Partly Cloudy,Dry,Daylight,Downtown-Belltown,-122.3445856,47.61426748
-122.3460845,47.61370647,BELL ST BETWEEN 1ST AVE AND 2ND AVE,0,Unknown,,0,0,0,0,0,6/26/10,,,,Downtown-Belltown,-122.3445856,47.61426748
-122.3415411,47.61278151,3RD AVE BETWEEN VIRGINIA ST AND LENORA ST,1,Property Damage Only Collision,Parked Car,2,2,0,0,0,8/19/06 20:30,Clear or Partly Cloudy,Dry,Dusk,Downtown-Belltown,-122.3445856,47.61426748
-122.3374542,47.61505675,7TH AVE AND VIRGINIA ST,2,Injury Collision,Angles,5,2,3,0,0,12/16/11 12:07,Clear or Partly Cloudy,Dry,Daylight,Downtown-Belltown,-122.3445856,47.61426748
-122.350616,47.61580161,1ST AVE AND CEDAR ST,1,Property Damage Only Collision,Angles,2,2,0,0,0,10/29/14 7:47,Overcast,Wet,Daylight,Downtown-Belltown,-122.3445856,47.61426748
-122.3393758,47.61853819,9TH AVE AND DENNY WAY,1,Property Damage Only Collision,Angles,2,2,0,0,0,1/21/08 15:30,Clear or Partly Cloudy,Dry,Daylight,Downtown-Belltown,-122.3445856,47.61426748
-122.3428417,47.61355057,3RD AVE BETWEEN LENORA ST AND BLANCHARD ST,1,Property Damage Only Collision,Parked Car,3,2,0,0,0,7/18/16 20:16,Clear or Partly Cloudy,Dry,Daylight,Downtown-Belltown,-122.3445856,47.61426748
-122.3474204,47.61508492,2ND AVE BETWEEN BATTERY ST AND WALL ST,1,Property Damage Only Collision,Parked Car,3,2,0,0,0,10/8/10 23:09,Raining,Wet,Dark - Street Lights On,Downtown-Belltown,-122.3445856,47.61426748
-122.3373936,47.61266535,5TH AVE AND OLIVE WAY,1,Property Damage Only Collision,Left Turn,2,2,0,0,0,12/29/12 16:20,Raining,Wet,Dusk,Downtown-Belltown,-122.3445856,47.61426748
-122.3471621,47.61375831,1ST AVE BETWEEN BELL ST AND BATTERY ST,2,Injury Collision,Rear Ended,2,2,1,0,0,5/16/13 8:40,Clear or Partly Cloudy,Dry,Daylight,Downtown-Belltown,-122.3445856,47.61426748
-122.3471621,47.61375831,1ST AVE BETWEEN BELL ST AND BATTERY ST,1,Property Damage Only Collision,Parked Car,2,2,0,0,0,7/21/15 14:00,Clear or Partly Cloudy,Dry,Daylight,Downtown-Belltown,-122.3445856,47.61426748
-122.3471621,47.61375831,1ST AVE BETWEEN BELL ST AND BATTERY ST,1,Property Damage Only Collision,Sideswipe,5,2,0,0,0,5/7/16 10:52,Clear or Partly Cloudy,Dry,Daylight,Downtown-Belltown,-122.3445856,47.61426748
-122.3381367,47.61711724,WESTLAKE AVE BETWEEN LENORA ST AND BLANCHARD ST,1,Property Damage Only Collision,Left Turn,0,2,0,0,0,7/28/15 12:50,Clear or Partly Cloudy,Dry,Daylight,Downtown-Belltown,-122.3445856,47.61426748
-122.3458057,47.6182354,VINE ST BETWEEN 5TH AVE AND DENNY WAY,1,Property Damage Only Collision,Parked Car,2,2,0,0,0,5/25/08 19:20,Clear or Partly Cloudy,Dry,Daylight,Downtown-Belltown,-122.3445856,47.61426748
-122.343962,47.61714372,BATTERY ST BETWEEN 5TH AVE AND AURORA AVE,2,Injury Collision,Rear Ended,7,4,2,0,0,11/1/15 1:05,Raining,Wet,Dark - Street Lights On,Downtown-Belltown,-122.3445856,47.61426748
-122.3342549,47.61851729,DENNY WAY AND FAIRVIEW AVE,1,Property Damage Only Collision,Angles,3,2,0,0,0,7/16/08 10:16,Clear or Partly Cloudy,Dry,Daylight,Downtown-Belltown,-122.3445856,47.61426748
-122.3303475,47.61788832,YALE AVE BETWEEN HOWELL ST AND STEWART ST,2,Injury Collision,Parked Car,2,2,1,0,0,1/25/16 1:53,Clear or Partly Cloudy,Dry,Dark - Street Lights On,Downtown-Belltown,-122.3445856,47.61426748
-122.3393811,47.61267734,4TH AVE BETWEEN STEWART ST AND VIRGINIA ST,1,Property Damage Only Collision,Parked Car,3,2,0,0,0,3/12/16 15:10,Clear or Partly Cloudy,Dry,Daylight,Downtown-Belltown,-122.3445856,47.61426748
-122.3384846,47.61853427,DENNY WAY AND WESTLAKE AVE,1,Property Damage Only Collision,Angles,2,2,0,0,0,12/9/08,Raining,Wet,Daylight,Downtown-Belltown,-122.3445856,47.61426748
-122.3408925,47.61239803,3RD AVE AND VIRGINIA ST,1,Property Damage Only Collision,Left Turn,2,2,0,0,0,3/11/12 14:16,Overcast,Dry,Daylight,Downtown-Belltown,-122.3445856,47.61426748
-122.3387532,47.61582546,7TH AVE AND LENORA ST,1,Property Damage Only Collision,Sideswipe,5,2,0,0,0,8/2/16 13:13,Clear or Partly Cloudy,Dry,Daylight,Downtown-Belltown,-122.3445856,47.61426748
-122.337879,47.61588662,WESTLAKE AVE BETWEEN 7TH AVE AND 8TH AVE,0,Unknown,,0,0,0,0,0,10/9/17,,,,Downtown-Belltown,-122.3445856,47.61426748
-122.3292921,47.61844935,DENNY WAY BETWEEN STEWART ST AND MELROSE AVE,2,Injury Collision,Head On,3,3,3,0,0,12/4/04,Raining,Wet,Dark - Street Lights On,Downtown-Belltown,-122.3445856,47.61426748
-122.3452248,47.61437118,BELL ST BETWEEN 2ND AVE AND 3RD AVE,0,Unknown,,0,0,0,0,0,12/16/04,,,,Downtown-Belltown,-122.3445856,47.61426748
-122.3496403,47.61857911,DENNY WAY BETWEEN BROAD ST AND 4TH AVE,2,Injury Collision,Rear Ended,3,2,2,0,0,1/4/19 12:21,Clear or Partly Cloudy,Dry,Daylight,Downtown-Belltown,-122.3445856,47.61426748
-122.3411008,47.61134764,2ND AVE BETWEEN STEWART ST AND VIRGINIA ST,2,Injury Collision,Parked Car,2,2,1,0,0,7/12/04 13:00,Clear or Partly Cloudy,Dry,Daylight,Downtown-Belltown,-122.3445856,47.61426748
-122.3495325,47.61281477,BATTERY ST AND ELLIOTT AVE,1,Property Damage Only Collision,Head On,2,2,0,0,0,1/6/04,Snowing,Snow/Slush,Daylight,Downtown-Belltown,-122.3445856,47.61426748
-122.348898,47.6171311,3RD AVE AND CEDAR ST,0,Unknown,,0,0,0,0,0,8/25/04,,,,Downtown-Belltown,-122.3445856,47.61426748
-122.3530991,47.61859303,DENNY WAY BETWEEN 2ND WR AVE AND 2ND AVE,1,Property Damage Only Collision,Left Turn,4,2,0,0,0,5/5/04,Clear or Partly Cloudy,Dry,Dark - Street Lights On,Downtown-Belltown,-122.3445856,47.61426748
-122.3487461,47.6146958,1ST AVE AND WALL ST,2,Injury Collision,Left Turn,2,2,1,0,0,3/28/04 0:30,Clear or Partly Cloudy,Dry,Dark - Street Lights On,Downtown-Belltown,-122.3445856,47.61426748
-122.349214,47.61497245,1ST AVE BETWEEN WALL ST AND VINE ST,1,Property Damage Only Collision,Parked Car,2,2,0,0,0,12/4/04,Raining,Wet,Dark - Street Lights On,Downtown-Belltown,-122.3445856,47.61426748
-122.3516459,47.61758358,2ND AVE AND BROAD ST,1,Property Damage Only Collision,Angles,3,2,0,0,0,3/29/13 21:40,Clear or Partly Cloudy,Dry,Dark - Street Lights On,Downtown-Belltown,-122.3445856,47.61426748
-122.3305589,47.61684047,HOWELL ST AND MINOR AVE,2b,Serious Injury Collision,Left Turn,2,2,1,1,0,3/10/05 17:38,Clear or Partly Cloudy,Dry,Daylight,Downtown-Belltown,-122.3445856,47.61426748
-122.3309994,47.61827376,STEWART ST AND YALE AVE,1,Property Damage Only Collision,Sideswipe,4,2,0,0,0,10/4/07,Overcast,Wet,Daylight,Downtown-Belltown,-122.3445856,47.61426748
-122.3541534,47.61788948,1ST AVE AND WARREN PL,1,Property Damage Only Collision,Left Turn,3,2,0,0,0,5/15/19 13:22,Clear or Partly Cloudy,Dry,Daylight,Downtown-Belltown,-122.3445856,47.61426748
-122.3417749,47.61526498,5TH AVE AND BLANCHARD ST,2,Injury Collision,Pedestrian,2,1,1,0,0,8/24/05 10:35,Clear or Partly Cloudy,Dry,Daylight,Downtown-Belltown,-122.3445856,47.61426748
-122.3458631,47.61299081,1ST AVE BETWEEN BLANCHARD ST AND BELL ST,1,Property Damage Only Collision,Other,6,3,0,0,0,4/8/06,Overcast,Dry,Dark - Street Lights On,Downtown-Belltown,-122.3445856,47.61426748
-122.3443753,47.61680223,5TH AVE AND BATTERY ST,2,Injury Collision,Left Turn,3,2,1,0,0,2/16/08 7:41,Overcast,Wet,Daylight,Downtown-Belltown,-122.3445856,47.61426748
-122.3482796,47.61441995,1ST AVE BETWEEN BATTERY ST AND WALL ST,2,Injury Collision,Cycles,2,1,1,0,0,7/2/04,Clear or Partly Cloudy,Dry,Daylight,Downtown-Belltown,-122.3445856,47.61426748
-122.3374648,47.6168222,LENORA ST BETWEEN 8TH AVE AND 9TH AVE,1,Property Damage Only Collision,Other,1,1,0,0,0,2/18/07 15:12,Clear or Partly Cloudy,Dry,Daylight,Downtown-Belltown,-122.3445856,47.61426748
-122.3434938,47.61393611,3RD AVE AND BLANCHARD ST,2,Injury Collision,Angles,4,3,1,0,0,11/7/08,Overcast,Dry,Dark - Street Lights On,Downtown-Belltown,-122.3445856,47.61426748
-122.3528394,47.61859204,2ND AVE AND DENNY WAY,2,Injury Collision,Pedestrian,2,1,1,0,0,9/21/07 13:20,Clear or Partly Cloudy,Dry,Daylight,Downtown-Belltown,-122.3445856,47.61426748
-122.3379373,47.61416829,6TH AVE BETWEEN WESTLAKE AVE AND VIRGINIA ST,1,Property Damage Only Collision,Parked Car,2,2,0,0,0,6/9/16 15:05,Overcast,Dry,Daylight,Downtown-Belltown,-122.3445856,47.61426748
-122.3496819,47.61524909,1ST AVE AND VINE ST,1,Property Damage Only Collision,Angles,4,2,0,0,0,12/11/17 10:40,Clear or Partly Cloudy,Dry,Daylight,Downtown-Belltown,-122.3445856,47.61426748
-122.3501877,47.61613307,CEDAR ST BETWEEN 1ST AVE AND 2ND AVE,1,Property Damage Only Collision,Left Turn,2,2,0,0,0,10/13/12 19:42,Raining,Wet,Dark - Street Lights On,Downtown-Belltown,-122.3445856,47.61426748
-122.3471621,47.61375831,1ST AVE BETWEEN BELL ST AND BATTERY ST,1,Property Damage Only Collision,Parked Car,0,2,0,0,0,1/24/16,Overcast,Wet,Dark - Street Lights On,Downtown-Belltown,-122.3445856,47.61426748
-122.3404737,47.61449558,5TH AVE AND LENORA ST,1,Property Damage Only Collision,Angles,2,2,0,0,0,1/9/12 16:01,Clear or Partly Cloudy,Dry,Daylight,Downtown-Belltown,-122.3445856,47.61426748
-122.3393811,47.61267734,4TH AVE BETWEEN STEWART ST AND VIRGINIA ST,1,Property Damage Only Collision,Sideswipe,2,2,0,0,0,3/3/11 12:11,Clear or Partly Cloudy,Dry,Daylight,Downtown-Belltown,-122.3445856,47.61426748
-122.3575663,47.61795105,ELLIOTT AVE BETWEEN BAY ST AND W DENNY WAY,2,Injury Collision,Pedestrian,2,1,2,0,0,7/2/12 17:12,Clear or Partly Cloudy,Dry,Daylight,Downtown-Belltown,-122.3445856,47.61426748
-122.3478132,47.6141441,1ST AVE AND BATTERY ST,2,Injury Collision,Angles,2,2,1,0,0,3/31/16 15:15,Clear or Partly Cloudy,Dry,Daylight,Downtown-Belltown,-122.3445856,47.61426748
-122.3398449,47.61764315,8TH AVE BETWEEN BLANCHARD ST AND BELL ST,1,Property Damage Only Collision,Other,1,1,0,0,0,5/28/09 16:56,Clear or Partly Cloudy,Dry,Daylight,Downtown-Belltown,-122.3445856,47.61426748
-122.3400329,47.61306259,4TH AVE AND VIRGINIA ST,1,Property Damage Only Collision,Sideswipe,2,2,0,0,0,8/18/14 18:15,Clear or Partly Cloudy,Dry,Daylight,Downtown-Belltown,-122.3445856,47.61426748
-122.3434837,47.61216857,LENORA ST BETWEEN 1ST AVE AND 2ND AVE,1,Property Damage Only Collision,Parked Car,2,2,0,0,0,5/29/15 15:20,Unknown,Unknown,Daylight,Downtown-Belltown,-122.3445856,47.61426748
-122.3437273,47.61641402,5TH AVE BETWEEN BELL ST AND BATTERY ST,2,Injury Collision,Other,2,1,2,0,0,9/17/11 16:01,Overcast,Dry,Daylight,Downtown-Belltown,-122.3445856,47.61426748
-122.3540261,47.61664271,WESTERN AVE BETWEEN BROAD ST AND EAGLE ST,1,Property Damage Only Collision,Parked Car,2,2,0,0,0,10/2/16 18:51,Clear or Partly Cloudy,Dry,Dusk,Downtown-Belltown,-122.3445856,47.61426748
-122.3342549,47.61851729,DENNY WAY AND FAIRVIEW AVE,1,Property Damage Only Collision,Rear Ended,3,3,0,0,0,11/21/08 17:40,Raining,Wet,Dark - Street Lights On,Downtown-Belltown,-122.3445856,47.61426748
-122.3520997,47.61858907,DENNY WAY BETWEEN 2ND AVE AND 3RD AVE,2,Injury Collision,Rear Ended,2,2,1,0,0,10/30/15 15:30,Clear or Partly Cloudy,Dry,Daylight,Downtown-Belltown,-122.3445856,47.61426748
-122.3570603,47.61843213,WESTERN AVE BETWEEN QUEEN ANNE AVE AND W DENNY WAY,1,Property Damage Only Collision,Sideswipe,4,2,0,0,0,9/11/07 9:24,Clear or Partly Cloudy,Dry,Daylight,Downtown-Belltown,-122.3445856,47.61426748
-122.3292921,47.61844935,DENNY WAY BETWEEN STEWART ST AND MELROSE AVE,1,Property Damage Only Collision,Sideswipe,2,2,0,0,0,11/23/15 18:42,Raining,Wet,Dark - Street Lights On,Downtown-Belltown,-122.3445856,47.61426748
-122.3456535,47.61403982,2ND AVE AND BELL ST,2,Injury Collision,Pedestrian,2,1,1,0,0,12/7/17 21:24,Clear or Partly Cloudy,Dry,Dark - Street Lights On,Downtown-Belltown,-122.3445856,47.61426748
-122.3511667,47.61730024,2ND AVE BETWEEN CLAY ST AND BROAD ST,1,Property Damage Only Collision,Parked Car,2,2,0,0,0,3/29/15 14:10,Clear or Partly Cloudy,Dry,Daylight,Downtown-Belltown,-122.3445856,47.61426748
-122.3340608,47.61405656,HOWELL ST AND OLIVE WAY,1,Property Damage Only Collision,Angles,2,2,0,0,0,11/2/14 8:39,Overcast,Dry,Daylight,Downtown-Belltown,-122.3445856,47.61426748
-122.3488807,47.61242925,ELLIOTT AVE BETWEEN BELL ST AND BATTERY ST,1,Property Damage Only Collision,Parked Car,4,2,0,0,0,5/8/11 13:51,Clear or Partly Cloudy,Dry,Daylight,Downtown-Belltown,-122.3445856,47.61426748
-122.3518673,47.61419549,ELLIOTT AVE BETWEEN VINE ST AND CEDAR ST,2,Injury Collision,Rear Ended,4,2,1,0,0,2/23/07 8:47,Clear or Partly Cloudy,Dry,Daylight,Downtown-Belltown,-122.3445856,47.61426748
-122.3321861,47.61851054,DENNY WAY BETWEEN VIRGINIA ST AND YALE AVE,0,Unknown,,0,0,0,0,0,2/25/15,,,,Downtown-Belltown,-122.3445856,47.61426748
-122.3482549,47.61114197,ALASKAN WAY BETWEEN BLANCHARD ST AND XW BELL ST,1,Property Damage Only Collision,Sideswipe,4,2,0,0,0,10/24/10 12:22,Raining,Wet,Daylight,Downtown-Belltown,-122.3445856,47.61426748
-122.3330585,47.61467115,9TH AVE BETWEEN OLIVE WAY AND HOWELL ST,1,Property Damage Only Collision,Sideswipe,2,2,0,0,0,12/2/16 16:14,Raining,Wet,Dark - Street Lights On,Downtown-Belltown,-122.3445856,47.61426748
-122.3530987,47.61388393,ALASKAN WAY BETWEEN VINE ST AND CLAY ST,2,Injury Collision,Sideswipe,0,2,1,0,0,3/10/15 14:56,Overcast,Dry,Daylight,Downtown-Belltown,-122.3445856,47.61426748
-122.3458631,47.61299081,1ST AVE BETWEEN BLANCHARD ST AND BELL ST,1,Property Damage Only Collision,Parked Car,2,2,0,0,0,4/19/08 1:00,Unknown,Unknown,Unknown,Downtown-Belltown,-122.3445856,47.61426748
-122.3336454,47.61445322,HOWELL ST BETWEEN OLIVE WAY AND 9TH AVE,1,Property Damage Only Collision,Parked Car,2,2,0,0,0,8/17/12 14:30,Clear or Partly Cloudy,Dry,Daylight,Downtown-Belltown,-122.3445856,47.61426748
-122.3488807,47.61242925,ELLIOTT AVE BETWEEN BELL ST AND BATTERY ST,0,Unknown,,0,0,0,0,0,10/22/15,,,,Downtown-Belltown,-122.3445856,47.61426748
-122.3379681,47.61242345,OLIVE WAY BETWEEN 4TH AVE AND 5TH AVE,1,Property Damage Only Collision,Parked Car,0,2,0,0,0,8/15/17 19:10,Clear or Partly Cloudy,Dry,Daylight,Downtown-Belltown,-122.3445856,47.61426748
-122.3445612,47.61222096,1ST AVE BETWEEN LENORA ST AND BLANCHARD ST,1,Property Damage Only Collision,Parked Car,2,2,0,0,0,2/5/13 16:29,Raining,Wet,Daylight,Downtown-Belltown,-122.3445856,47.61426748
-122.3396265,47.61692583,BLANCHARD ST BETWEEN 7TH AVE AND 8TH AVE,1,Property Damage Only Collision,Sideswipe,3,2,0,0,0,10/29/11 22:54,Clear or Partly Cloudy,Dry,Dark - Street Lights On,Downtown-Belltown,-122.3445856,47.61426748
-122.3514758,47.61513738,CEDAR ST AND WESTERN AVE,0,Unknown,,0,0,0,0,0,7/12/11,,,,Downtown-Belltown,-122.3445856,47.61426748
-122.3430639,47.61426825,BLANCHARD ST BETWEEN 3RD AVE AND 4TH AVE,1,Property Damage Only Collision,Other,2,2,0,0,0,9/27/08 19:22,Clear or Partly Cloudy,Dry,Dark - Street Lights On,Downtown-Belltown,-122.3445856,47.61426748
-122.3542615,47.61736577,EAGLE ST BETWEEN WESTERN AVE AND 1ST AVE,0,Unknown,,0,0,0,0,0,3/28/10,,,,Downtown-Belltown,-122.3445856,47.61426748
-122.3358762,47.6185239,BOREN AVE N AND DENNY WAY,1,Property Damage Only Collision,Sideswipe,3,2,0,0,0,7/5/16 12:47,Clear or Partly Cloudy,Dry,Daylight,Downtown-Belltown,-122.3445856,47.61426748
-122.3393758,47.61853819,9TH AVE AND DENNY WAY,1,Property Damage Only Collision,Angles,5,2,0,0,0,12/18/11 16:28,Overcast,Dry,Dark - Street Lights On,Downtown-Belltown,-122.3445856,47.61426748
-122.3417749,47.61526498,5TH AVE AND BLANCHARD ST,1,Property Damage Only Collision,Left Turn,2,2,0,0,0,3/23/16 15:50,Clear or Partly Cloudy,Dry,Daylight,Downtown-Belltown,-122.3445856,47.61426748
-122.340683,47.61344689,4TH AVE BETWEEN VIRGINIA ST AND LENORA ST,1,Property Damage Only Collision,Sideswipe,0,2,0,0,0,8/27/17 14:09,Clear or Partly Cloudy,Dry,Daylight,Downtown-Belltown,-122.3445856,47.61426748
-122.3517878,47.61362583,VINE ST BETWEEN ALASKAN WAY AND ELLIOTT AVE,1,Property Damage Only Collision,Parked Car,7,2,0,0,0,2/16/14 14:56,Overcast,Wet,Daylight,Downtown-Belltown,-122.3445856,47.61426748
-122.3393758,47.61853819,9TH AVE AND DENNY WAY,1,Property Damage Only Collision,Other,5,2,0,0,0,2/18/18 18:06,Snowing,Dry,Dark - Street Lights On,Downtown-Belltown,-122.3445856,47.61426748
-122.331429,47.61794165,STEWART ST BETWEEN MINOR AVE AND YALE AVE,1,Property Damage Only Collision,Parked Car,2,2,0,0,0,4/10/13 0:01,Clear or Partly Cloudy,Dry,Dark - Street Lights On,Downtown-Belltown,-122.3445856,47.61426748
-122.3523362,47.61447252,CEDAR ST AND ELLIOTT AVE,0,Unknown,,0,0,0,0,0,12/22/04,,,,Downtown-Belltown,-122.3445856,47.61426748