X,Y,LOCATION,SEVERITYCODE,SEVERITYDESC,COLLISIONTYPE,PERSONCOUNT,VEHCOUNT,INJURIES,SERIOUSINJURIES,FATALITIES,INCDTTM,WEATHER,ROADCOND,LIGHTCOND,NEIGHBORHOOD,NX,NY
-122.3575663,47.61795105,ELLIOTT AVE BETWEEN BAY ST AND W DENNY WAY,1,Property Damage Only Collision,Parked Car,2,2,0,0,0,3/2/04,Clear or Partly Cloudy,Dry,Daylight,Downtown-Belltown,-122.3445856,47.61426748
-122.3356637,47.61394174,7TH AVE BETWEEN OLIVE WAY AND STEWART ST,0,Unknown,,0,0,0,0,0,1/11/13,,,,Downtown-Belltown,-122.3445856,47.61426748
-122.3374312,47.61330061,STEWART ST AND WESTLAKE AVE,2,Injury Collision,Other,1,1,1,0,0,4/14/13 1:14,Raining,Wet,Dark - Street Lights On,Downtown-Belltown,-122.3445856,47.61426748
-122.3305589,47.61684047,HOWELL ST AND MINOR AVE,1,Property Damage Only Collision,Sideswipe,2,2,0,0,0,4/12/13 12:38,Overcast,Dry,Daylight,Downtown-Belltown,-122.3445856,47.61426748
-122.349999,47.61309087,ELLIOTT AVE BETWEEN BATTERY ST AND WALL ST,1,Property Damage Only Collision,Sideswipe,5,4,0,0,0,1/14/04 12:25,Raining,Wet,Daylight,Downtown-Belltown,-122.3445856,47.61426748
-122.3454206,47.61155633,WESTERN AVE BETWEEN LENORA ST AND BLANCHARD ST,1,Property Damage Only Collision,Rear Ended,8,2,0,0,0,6/26/04 14:49,Clear or Partly Cloudy,Dry,Daylight,Downtown-Belltown,-122.3445856,47.61426748
-122.3413331,47.61383119,4TH AVE AND LENORA ST,1,Property Damage Only Collision,Sideswipe,3,2,0,0,0,10/26/19 22:18,Clear or Partly Cloudy,Dry,Dark - Street Lights On,Downtown-Belltown,-122.3445856,47.61426748
-122.3500738,47.61430799,WESTERN AVE BETWEEN WALL ST AND VINE ST,1,Property Damage Only Collision,Rear Ended,3,2,0,0,0,12/20/18 14:21,Raining,Wet,Daylight,Downtown-Belltown,-122.3445856,47.61426748
-122.3502611,47.61735087,CLAY ST BETWEEN 2ND AVE AND 3RD AVE,1,Property Damage Only Collision,Parked Car,2,2,0,0,0,11/1/04,Clear or Partly Cloudy,Dry,Dark - Street Lights On,Downtown-Belltown,-122.3445856,47.61426748
-122.3377905,47.61505626,WESTLAKE AVE BETWEEN VIRGINIA ST AND 7TH AVE,1,Property Damage Only Collision,Angles,2,2,0,0,0,6/19/04 17:06,Clear or Partly Cloudy,Dry,Daylight,Downtown-Belltown,-122.3445856,47.61426748
-122.3525065,47.61691834,1ST AVE AND BROAD ST,2,Injury Collision,Angles,3,2,1,0,0,7/11/04 18:40,Clear or Partly Cloudy,Dry,Daylight,Downtown-Belltown,-122.3445856,47.61426748
-122.3418822,47.61767496,7TH AVE BETWEEN BELL ST AND DEXTER AVE,2,Injury Collision,Cycles,2,1,1,0,0,9/4/18 16:06,Clear or Partly Cloudy,Dry,Daylight,Downtown-Belltown,-122.3445856,47.61426748
-122.3561067,47.61860457,DENNY WAY BETWEEN QUEEN ANNE AVE N AND 1ST AVE,1,Property Damage Only Collision,Sideswipe,2,2,0,0,0,4/9/13 13:00,Clear or Partly Cloudy,Dry,Daylight,Downtown-Belltown,-122.3445856,47.61426748
-122.3458631,47.61299081,1ST AVE BETWEEN BLANCHARD ST AND BELL ST,1,Property Damage Only Collision,Parked Car,2,2,0,0,0,3/1/04,Clear or Partly Cloudy,Dry,Dark - Street Lights On,Downtown-Belltown,-122.3445856,47.61426748
-122.334253,47.6181844,FAIRVIEW AVE BETWEEN BOREN AVE AND DENNY WAY,1,Property Damage Only Collision,Sideswipe,3,2,0,0,0,6/12/04 0:09,Clear or Partly Cloudy,Dry,Dark - Street Lights On,Downtown-Belltown,-122.3445856,47.61426748
-122.3441436,47.61432035,3RD AVE BETWEEN BLANCHARD ST AND BELL ST,0,Unknown,,0,0,0,0,0,4/2/13,,,,Downtown-Belltown,-122.3445856,47.61426748
-122.3320659,47.61655713,BOREN AVE BETWEEN HOWELL ST AND STEWART ST,1,Property Damage Only Collision,Other,2,1,0,0,0,12/22/18 23:59,Raining,Wet,Dark - Street Lights On,Downtown-Belltown,-122.3445856,47.61426748
-122.3513601,47.6185864,3RD AVE AND DENNY WAY,1,Property Damage Only Collision,Angles,2,2,0,0,0,7/30/04 19:23,Clear or Partly Cloudy,Dry,Daylight,Downtown-Belltown,-122.3445856,47.61426748
-122.3519809,47.61602046,CLAY ST BETWEEN WESTERN AVE AND 1ST AVE,2,Injury Collision,Parked Car,2,2,1,0,0,4/8/13 18:06,Clear or Partly Cloudy,Dry,Daylight,Downtown-Belltown,-122.3445856,47.61426748
-122.3503553,47.61858192,BROAD ST AND DENNY WAY,2,Injury Collision,Angles,3,2,2,0,0,11/6/04,Clear or Partly Cloudy,Dry,Dark - Street Lights On,Downtown-Belltown,-122.3445856,47.61426748
-122.3340179,47.61771364,BOREN AVE AND VIRGINIA ST,2,Injury Collision,Pedestrian,3,1,1,0,0,8/28/18 11:32,Clear or Partly Cloudy,Dry,Daylight,Downtown-Belltown,-122.3445856,47.61426748
-122.3443753,47.61680223,5TH AVE AND BATTERY ST,2,Injury Collision,Angles,3,2,1,0,0,7/21/04 9:45,Clear or Partly Cloudy,Dry,Daylight,Downtown-Belltown,-122.3445856,47.61426748
-122.3480391,47.61779536,4TH AVE AND CEDAR ST,1,Property Damage Only Collision,Angles,2,2,0,0,0,4/5/13 6:49,Overcast,Wet,Daylight,Downtown-Belltown,-122.3445856,47.61426748
-122.3305589,47.61684047,HOWELL ST AND MINOR AVE,0,Unknown,,0,0,0,0,0,12/10/04,,,,Downtown-Belltown,-122.3445856,47.61426748
-122.3548023,47.61859955,DENNY WAY BETWEEN 1ST AVE AND WARREN AVE N,0,Unknown,,0,0,0,0,0,4/18/04,,,,Downtown-Belltown,-122.3445856,47.61426748
-122.3480391,47.61779536,4TH AVE AND CEDAR ST,2,Injury Collision,Angles,3,2,1,0,0,4/18/04 10:26,Clear or Partly Cloudy,Dry,Daylight,Downtown-Belltown,-122.3445856,47.61426748
-122.3443753,47.61680223,5TH AVE AND BATTERY ST,1,Property Damage Only Collision,,1,0,0,0,0,4/3/13,,,,Downtown-Belltown,-122.3445856,47.61426748
-122.340464,47.61272928,VIRGINIA ST BETWEEN 3RD AVE AND 4TH AVE,2,Injury Collision,Rear Ended,3,2,1,0,0,3/28/04 11:01,Clear or Partly Cloudy,Dry,Daylight,Downtown-Belltown,-122.3445856,47.61426748
-122.3456643,47.61580557,BATTERY ST BETWEEN 3RD AVE AND 4TH AVE,0,Unknown,,0,0,0,0,0,4/16/04,,,,Downtown-Belltown,-122.3445856,47.61426748
-122.3512166,47.61791571,BROAD ST BETWEEN 2ND AVE AND 3RD AVE,0,Unknown,,0,0,0,0,0,9/13/04,,,,Downtown-Belltown,-122.3445856,47.61426748
-122.3408925,47.61239803,3RD AVE AND VIRGINIA ST,0,Unknown,,0,0,0,0,0,12/27/04,,,,Downtown-Belltown,-122.3445856,47.61426748
-122.3515499,47.61635383,1ST AVE AND CLAY ST,1,Property Damage Only Collision,Left Turn,4,2,0,0,0,11/28/04 17:05,Clear or Partly Cloudy,Dry,Dark - Street Lights On,Downtown-Belltown,-122.3445856,47.61426748
-122.3352954,47.61495252,8TH AVE AND STEWART ST,2,Injury Collision,Pedestrian,2,1,1,0,0,7/21/18 16:35,Clear or Partly Cloudy,Dry,Daylight,Downtown-Belltown,-122.3445856,47.61426748
-122.330723,47.61849176,DENNY WAY AND STEWART ST,1,Property Damage Only Collision,Rear Ended,2,2,0,0,0,4/5/13 7:07,Raining,Wet,Daylight,Downtown-Belltown,-122.3445856,47.61426748
-122.3331477,47.61661284,STEWART ST BETWEEN TERRY AVE AND BOREN AVE,1,Property Damage Only Collision,Sideswipe,2,2,0,0,0,4/8/13 7:30,Clear or Partly Cloudy,Wet,Daylight,Downtown-Belltown,-122.3445856,47.61426748
-122.3387324,47.61229387,4TH AVE AND STEWART ST,0,Unknown,,0,0,0,0,0,1/26/04,,,,Downtown-Belltown,-122.3445856,47.61426748
-122.3391736,47.61372707,5TH AVE AND VIRGINIA ST,2,Injury Collision,Angles,3,2,1,0,0,4/4/13 14:37,Raining,Wet,Daylight,Downtown-Belltown,-122.3445856,47.61426748
-122.348898,47.6171311,3RD AVE AND CEDAR ST,1,Property Damage Only Collision,Angles,3,3,0,0,0,9/18/04 16:17,Clear or Partly Cloudy,Dry,Daylight,Downtown-Belltown,-122.3445856,47.61426748
-122.3340608,47.61405656,HOWELL ST AND OLIVE WAY,1,Property Damage Only Collision,Left Turn,3,2,0,0,0,4/9/13 21:09,Clear or Partly Cloudy,Dry,Dark - Street Lights On,Downtown-Belltown,-122.3445856,47.61426748
-122.3314941,47.61554762,OLIVE WAY BETWEEN TERRY AVE AND BOREN AVE,1,Property Damage Only Collision,Sideswipe,2,2,0,0,0,5/27/04 17:45,Overcast,Dry,Daylight,Downtown-Belltown,-122.3445856,47.61426748
-122.3476498,47.61186755,ELLIOTT AVE BETWEEN ELLIOTT AV ON RP AND BELL ST,1,Property Damage Only Collision,Rear Ended,3,2,0,0,0,11/30/04 7:05,Raining,Wet,Dawn,Downtown-Belltown,-122.3445856,47.61426748
-122.3344363,47.61561648,9TH AVE AND STEWART ST,0,Unknown,,0,0,0,0,0,2/13/04,,,,Downtown-Belltown,-122.3445856,47.61426748
-122.3300593,47.61639311,MINOR AVE BETWEEN OLIVE WAY AND HOWELL ST,1,Property Damage Only Collision,Parked Car,3,3,0,0,0,8/27/04 1:52,Clear or Partly Cloudy,Dry,Dark - Street Lights On,Downtown-Belltown,-122.3445856,47.61426748
-122.3500204,47.61218693,ALASKAN WAY BETWEEN XW BELL ST AND WALL ST,1,Property Damage Only Collision,Rear Ended,3,3,0,0,0,5/7/18 17:47,Clear or Partly Cloudy,Dry,Daylight,Downtown-Belltown,-122.3445856,47.61426748
-122.3471621,47.61375831,1ST AVE BETWEEN BELL ST AND BATTERY ST,1,Property Damage Only Collision,Parked Car,2,2,0,0,0,5/29/04 10:00,Unknown,Unknown,Dark - Street Lights On,Downtown-Belltown,-122.3445856,47.61426748
-122.3456442,47.612273,BLANCHARD ST BETWEEN WESTERN AVE AND 1ST AVE,1,Property Damage Only Collision,Parked Car,2,2,0,0,0,6/17/04 1:36,Clear or Partly Cloudy,Dry,Dark - Street Lights On,Downtown-Belltown,-122.3445856,47.61426748
-122.3533656,47.61625304,BROAD ST AND WESTERN AVE,1,Property Damage Only Collision,Angles,3,2,0,0,0,4/6/13 21:01,Overcast,Dry,Dark - Street Lights On,Downtown-Belltown,-122.3445856,47.61426748
-122.3548023,47.61859955,DENNY WAY BETWEEN 1ST AVE AND WARREN AVE N,0,Unknown,,0,0,0,0,0,8/15/04,,,,Downtown-Belltown,-122.3445856,47.61426748
-122.3348659,47.6152845,STEWART ST BETWEEN 8TH AVE AND 9TH AVE,1,Property Damage Only Collision,Parked Car,3,2,0,0,0,5/18/04 13:29,Clear or Partly Cloudy,Dry,Daylight,Downtown-Belltown,-122.3445856,47.61426748
-122.3441436,47.61432035,3RD AVE BETWEEN BLANCHARD ST AND BELL ST,1,Property Damage Only Collision,Rear Ended,2,2,0,0,0,4/6/13 17:31,Raining,Dry,Daylight,Downtown-Belltown,-122.3445856,47.61426748
-122.3344363,47.61561648,9TH AVE AND STEWART ST,2,Injury Collision,Angles,3,2,1,0,0,4/18/04 1:14,Clear or Partly Cloudy,Dry,Dark - Street Lights On,Downtown-Belltown,-122.3445856,47.61426748
-122.330723,47.61849176,DENNY WAY AND STEWART ST,1,Property Damage Only Collision,Sideswipe,2,2,0,0,0,3/16/18 7:54,Clear or Partly Cloudy,Dry,Daylight,Downtown-Belltown,-122.3445856,47.61426748
-122.3541475,47.61859702,DENNY WAY AND WARREN AVE N,1,Property Damage Only Collision,Angles,2,2,0,0,0,4/5/13 13:02,Clear or Partly Cloudy,Dry,Daylight,Downtown-Belltown,-122.3445856,47.61426748
-122.3393811,47.61267734,4TH AVE BETWEEN STEWART ST AND VIRGINIA ST,1,Property Damage Only Collision,Right Turn,2,2,0,0,0,9/27/04 10:00,Clear or Partly Cloudy,Dry,Daylight,Downtown-Belltown,-122.3445856,47.61426748
-122.3417749,47.61526498,5TH AVE AND BLANCHARD ST,2,Injury Collision,Sideswipe,4,2,1,0,0,4/13/13 14:41,Raining,Wet,Daylight,Downtown-Belltown,-122.3445856,47.61426748
-122.3311972,47.61839084,YALE AVE BETWEEN STEWART ST AND DENNY WAY,2,Injury Collision,Rear Ended,2,2,1,0,0,6/21/04 17:31,Clear or Partly Cloudy,Dry,Daylight,Downtown-Belltown,-122.3445856,47.61426748
-122.3365952,47.6157212,8TH AVE AND VIRGINIA ST,1,Property Damage Only Collision,Angles,22,2,0,0,0,5/9/04,Clear or Partly Cloudy,Dry,Dusk,Downtown-Belltown,-122.3445856,47.61426748
-122.3408925,47.61239803,3RD AVE AND VIRGINIA ST,2b,Serious Injury Collision,Pedestrian,2,1,1,1,0,2/14/04 13:49,Clear or Partly Cloudy,Dry,Daylight,Downtown-Belltown,-122.3445856,47.61426748
-122.3471621,47.61375831,1ST AVE BETWEEN BELL ST AND BATTERY ST,2,Injury Collision,Other,6,2,3,0,0,2/18/04 22:45,Overcast,Dry,Dark - Street Lights On,Downtown-Belltown,-122.3445856,47.61426748
-122.3457028,47.61641416,4TH AVE BETWEEN BATTERY ST AND WALL ST,1,Property Damage Only Collision,Parked Car,5,2,0,0,0,7/10/19 16:45,Overcast,Wet,Daylight,Downtown-Belltown,-122.3445856,47.61426748
-122.3488807,47.61242925,ELLIOTT AVE BETWEEN BELL ST AND BATTERY ST,1,Property Damage Only Collision,Rear Ended,2,2,0,0,0,8/7/04,Clear or Partly Cloudy,Dry,Daylight,Downtown-Belltown,-122.3445856,47.61426748
-122.3480257,47.61309056,WESTERN AVE BETWEEN BELL ST AND BATTERY ST,2,Injury Collision,Rear Ended,4,2,3,0,0,9/2/04,Clear or Partly Cloudy,Dry,Daylight,Downtown-Belltown,-122.3445856,47.61426748
-122.3516459,47.61758358,2ND AVE AND BROAD ST,2,Injury Collision,Left Turn,2,2,1,0,0,6/7/04,Raining,Wet,Daylight,Downtown-Belltown,-122.3445856,47.61426748
-122.340683,47.61344689,4TH AVE BETWEEN VIRGINIA ST AND LENORA ST,2,Injury Collision,Pedestrian,2,1,1,0,0,9/20/04 16:00,Clear or Partly Cloudy,Dry,Daylight,Downtown-Belltown,-122.3445856,47.61426748
-122.3480391,47.61779536,4TH AVE AND CEDAR ST,1,Property Damage Only Collision,Angles,2,2,0,0,0,2/9/04,Clear or Partly Cloudy,Dry,Daylight,Downtown-Belltown,-122.3445856,47.61426748
-122.3436236,47.61752806,BOREALIS AVE AND BATTERY ST,2,Injury Collision,Angles,4,2,1,0,0,1/1/04,Raining,Wet,Dark - Street Lights On,Downtown-Belltown,-122.3445856,47.61426748
-122.3312087,47.617225,MINOR AVE BETWEEN HOWELL ST AND STEWART ST,1,Property Damage Only Collision,Parked Car,2,2,0,0,0,3/22/04 11:28,Clear or Partly Cloudy,Dry,Daylight,Downtown-Belltown,-122.3445856,47.61426748
-122.3456442,47.612273,BLANCHARD ST BETWEEN WESTERN AVE AND 1ST AVE,1,Property Damage Only Collision,Parked Car,2,2,0,0,0,6/24/04 23:00,Clear or Partly Cloudy,Dry,Dark - Street Lights On,Downtown-Belltown,-122.3445856,47.61426748
-122.3500738,47.61430799,WESTERN AVE BETWEEN WALL ST AND VINE ST,1,Property Damage Only Collision,Rear Ended,2,2,0,0,0,11/15/04 13:45,Overcast,Wet,Daylight,Downtown-Belltown,-122.3445856,47.61426748
-122.3480391,47.61779536,4TH AVE AND CEDAR ST,1,Property Damage Only Collision,Angles,3,2,0,0,0,5/3/04,Clear or Partly Cloudy,Dry,Daylight,Downtown-Belltown,-122.3445856,47.61426748
-122.3301302,47.61717154,HOWELL ST BETWEEN MINOR AVE AND YALE AVE,2b,Serious Injury Collision,Rear Ended,3,2,2,1,0,7/25/04 23:13,Clear or Partly Cloudy,Dry,Dark - Street Lights On,Downtown-Belltown,-122.3445856,47.61426748
-122.3519809,47.61602046,CLAY ST BETWEEN WESTERN AVE AND 1ST AVE,1,Property Damage Only Collision,Parked Car,2,2,0,0,0,10/13/04 22:00,Unknown,Unknown,Unknown,Downtown-Belltown,-122.3445856,47.61426748
-122.3516459,47.61758358,2ND AVE AND BROAD ST,2,Injury Collision,Left Turn,2,2,1,0,0,3/16/04 11:05,Clear or Partly Cloudy,Dry,Daylight,Downtown-Belltown,-122.3445856,47.61426748
-122.3378176,47.61853058,DENNY WAY BETWEEN WESTLAKE AVE AND TERRY AVE,1,Property Damage Only Collision,Sideswipe,2,2,0,0,0,7/1/04,Clear or Partly Cloudy,Dry,Dark - Street Lights On,Downtown-Belltown,-122.3445856,47.61426748
-122.3347878,47.61851946,DENNY WAY BETWEEN BOREN AVE AND FAIRVIEW AVE,0,Unknown,,0,0,0,0,0,1/22/04,,,,Downtown-Belltown,-122.3445856,47.61426748
-122.348898,47.6171311,3RD AVE AND CEDAR ST,1,Property Damage Only Collision,Angles,5,2,0,0,0,5/26/04 0:14,Clear or Partly Cloudy,Wet,Dark - Street Lights On,Downtown-Belltown,-122.3445856,47.61426748
-122.3292921,47.61844935,DENNY WAY BETWEEN STEWART ST AND MELROSE AVE,1,Property Damage Only Collision,Sideswipe,2,2,0,0,0,8/6/04,Raining,Wet,Daylight,Downtown-Belltown,-122.3445856,47.61426748
-122.3437273,47.61641402,5TH AVE BETWEEN BELL ST AND BATTERY ST,0,Unknown,,0,0,0,0,0,10/16/04,,,,Downtown-Belltown,-122.3445856,47.61426748
-122.3443753,47.61680223,5TH AVE AND BATTERY ST,2,Injury Collision,Angles,3,2,1,0,0,9/28/04 19:35,Clear or Partly Cloudy,Dry,Dusk,Downtown-Belltown,-122.3445856,47.61426748
-122.3467224,47.612326,WESTERN AVE BETWEEN BLANCHARD ST AND BELL ST,0,Unknown,,0,0,0,0,0,10/19/04,,,,Downtown-Belltown,-122.3445856,47.61426748
-122.3373936,47.61266535,5TH AVE AND OLIVE WAY,1,Property Damage Only Collision,Sideswipe,2,2,0,0,0,6/27/04 2:18,Clear or Partly Cloudy,Dry,Dark - Street Lights On,Downtown-Belltown,-122.3445856,47.61426748
-122.3396143,47.61516016,6TH AVE AND LENORA ST,2,Injury Collision,Angles,2,2,1,0,0,11/30/04 4:14,Raining,Wet,Dark - Street Lights On,Downtown-Belltown,-122.3445856,47.61426748
-122.3452133,47.61260646,1ST AVE AND BLANCHARD ST,2,Injury Collision,Left Turn,2,2,1,0,0,8/13/04 12:03,Clear or Partly Cloudy,Dry,Daylight,Downtown-Belltown,-122.3445856,47.61426748
-122.3457772,47.61763118,5TH AVE BETWEEN WALL ST AND VINE ST,0,Unknown,,0,0,0,0,0,6/7/04,,,,Downtown-Belltown,-122.3445856,47.61426748
-122.3456442,47.612273,BLANCHARD ST BETWEEN WESTERN AVE AND 1ST AVE,1,Property Damage Only Collision,Parked Car,2,2,0,0,0,2/11/04 21:43,Clear or Partly Cloudy,Dry,Dark - Street Lights On,Downtown-Belltown,-122.3445856,47.61426748
-122.3224587,47.59583117,8TH AVE S AND S DEARBORN ST,2,Injury Collision,Angles,2,2,1,0,0,11/18/06 10:46,Clear or Partly Cloudy,Dry,Daylight,Downtown-International District,-122.3202878,47.59876784
-122.3263605,47.59919276,6TH AVE S AND S JACKSON ST,1,Property Damage Only Collision,Left Turn,2,2,0,0,0,6/8/05,Overcast,Dry,Daylight,Downtown-International District,-122.3202878,47.59876784
-122.327667,47.59919492,5TH AVE S AND S JACKSON ST,1,Property Damage Only Collision,Other,1,1,0,0,0,12/16/18 17:52,Raining,Wet,Dark - Street Lights On,Downtown-International District,-122.3202878,47.59876784
-122.3172267,47.59749957,12TH AVE S AND S WELLER ST,1,Property Damage Only Collision,Left Turn,3,2,0,0,0,3/27/13 17:56,Clear or Partly Cloudy,Dry,Daylight,Downtown-International District,-122.3202878,47.59876784
-122.3270158,47.59919385,S JACKSON ST BETWEEN 5TH AVE S AND 6TH AVE S,1,Property Damage Only Collision,Sideswipe,5,2,0,0,0,5/14/19 6:32,Clear or Partly Cloudy,Dry,Daylight,Downtown-International District,-122.3202878,47.59876784
-122.327686,47.60171208,YESLER WAY BETWEEN TERRACE ST AND 6TH AVE,0,Unknown,,0,0,0,0,0,12/8/18,,,,Downtown-International District,-122.3202878,47.59876784
-122.3172254,47.59876333,12TH AVE S BETWEEN S JACKSON ST AND S KING ST,1,Property Damage Only Collision,Parked Car,2,2,0,0,0,2/28/09 15:08,Overcast,Dry,Daylight,Downtown-International District,-122.3202878,47.59876784
-122.3202933,47.59582679,S DEARBORN ST BETWEEN DEARBORN OFF RP AND DEARBORN ST OFF RP,1,Property Damage Only Collision,Cycles,2,1,0,0,0,3/25/13 13:00,Clear or Partly Cloudy,Dry,Daylight,Downtown-International District,-122.3202878,47.59876784
-122.3276652,47.59961587,5TH AVE S BETWEEN S MAIN ST AND S JACKSON ST,1,Property Damage Only Collision,Cycles,2,1,0,0,0,5/14/19 16:43,Clear or Partly Cloudy,Dry,Daylight,Downtown-International District,-122.3202878,47.59876784
-122.3250523,47.60003004,MAYNARD AVE S AND S MAIN ST,1,Property Damage Only Collision,Angles,2,2,0,0,0,4/5/13 7:31,Clear or Partly Cloudy,Dry,Daylight,Downtown-International District,-122.3202878,47.59876784
-122.321737,47.59918458,S JACKSON ST BETWEEN 8TH AVE S AND 9TH AVE S,2,Injury Collision,Other,1,1,1,0,0,12/12/18 19:15,Raining,Wet,Dark - Street Lights On,Downtown-International District,-122.3202878,47.59876784
-122.3270122,47.60003307,S MAIN ST BETWEEN 5TH AVE S AND 6TH AVE S,1,Property Damage Only Collision,Parked Car,2,2,0,0,0,5/11/19 9:56,Clear or Partly Cloudy,Dry,Daylight,Downtown-International District,-122.3202878,47.59876784
-122.3130845,47.59791265,RAINIER AVE S BETWEEN S KING ST AND S WELLER ST,2,Injury Collision,Other,2,2,1,0,0,5/3/19 14:17,Clear or Partly Cloudy,Dry,Daylight,Downtown-International District,-122.3202878,47.59876784
-122.3276652,47.59961587,5TH AVE S BETWEEN S MAIN ST AND S JACKSON ST,1,Property Damage Only Collision,Parked Car,3,2,0,0,0,5/13/19 16:11,Clear or Partly Cloudy,Dry,Daylight,Downtown-International District,-122.3202878,47.59876784
-122.3263721,47.59625814,6TH AVE S BETWEEN S LANE ST AND S DEARBORN ST,1,Property Damage Only Collision,Angles,0,2,0,0,0,9/30/15 10:04,Clear or Partly Cloudy,Dry,Daylight,Downtown-International District,-122.3202878,47.59876784
-122.3184327,47.59918656,S JACKSON ST BETWEEN 10TH AVE S AND 12TH AVE S,0,Unknown,,1,0,0,0,0,1/17/13,,,,Downtown-International District,-122.3202878,47.59876784
-122.3240791,47.59835024,S KING ST BETWEEN MAYNARD AL S AND 7TH AVE S,1,Property Damage Only Collision,Parked Car,2,2,0,0,0,8/29/09 1:53,Clear or Partly Cloudy,Dry,Dark - Street Lights On,Downtown-International District,-122.3202878,47.59876784
-122.3250538,47.59961176,MAYNARD AVE S BETWEEN S MAIN ST AND S JACKSON ST,1,Property Damage Only Collision,Parked Car,2,2,0,0,0,6/3/11 18:56,Clear or Partly Cloudy,Dry,Daylight,Downtown-International District,-122.3202878,47.59876784
-122.3184356,47.59750452,S WELLER ST BETWEEN 10TH AVE S AND 12TH AVE S,1,Property Damage Only Collision,Parked Car,0,2,0,0,0,2/4/17 12:23,Raining,Wet,Daylight,Downtown-International District,-122.3202878,47.59876784
-122.3130845,47.59791265,RAINIER AVE S BETWEEN S KING ST AND S WELLER ST,2,Injury Collision,Rear Ended,2,2,1,0,0,9/7/13 13:03,Clear or Partly Cloudy,Dry,Daylight,Downtown-International District,-122.3202878,47.59876784
-122.31276,47.59749164,RAINIER AVE S AND S WELLER ST,2,Injury Collision,Angles,3,3,1,0,0,4/10/09 14:23,Overcast,Wet,Daylight,Downtown-International District,-122.3202878,47.59876784
-122.3263622,47.59877465,6TH AVE S BETWEEN S JACKSON ST AND S KING ST,1,Property Damage Only Collision,Parked Car,4,2,0,0,0,8/27/13 16:21,Overcast,Dry,Daylight,Downtown-International District,-122.3202878,47.59876784
-122.3202933,47.59582679,S DEARBORN ST BETWEEN DEARBORN OFF RP AND DEARBORN ST OFF RP,1,Property Damage Only Collision,Other,3,2,0,0,0,11/5/13 8:12,Raining,Wet,Daylight,Downtown-International District,-122.3202878,47.59876784
-122.3270088,47.60087213,S WASHINGTON ST BETWEEN 5TH AVE S AND 6TH AVE S,1,Property Damage Only Collision,Parked Car,2,2,0,0,0,4/8/13 12:36,Clear or Partly Cloudy,Dry,Daylight,Downtown-International District,-122.3202878,47.59876784
-122.317228,47.59833759,12TH AVE S AND S KING ST,1,Property Damage Only Collision,Angles,2,2,0,0,0,4/13/13 8:57,Overcast,Dry,Daylight,Downtown-International District,-122.3202878,47.59876784
-122.321048,47.59834479,S KING ST BETWEEN 8TH AVE S AND 10TH AVE S,1,Property Damage Only Collision,Parked Car,2,2,0,0,0,9/3/04,Clear or Partly Cloudy,Dry,Daylight,Downtown-International District,-122.3202878,47.59876784
-122.3172254,47.59876333,12TH AVE S BETWEEN S JACKSON ST AND S KING ST,1,Property Damage Only Collision,Sideswipe,2,2,0,0,0,2/24/04 9:21,Clear or Partly Cloudy,Wet,Daylight,Downtown-International District,-122.3202878,47.59876784
-122.3172228,47.59918906,12TH AVE S AND S JACKSON ST,2,Injury Collision,Left Turn,4,2,1,0,0,5/27/04 14:29,Raining,Wet,Daylight,Downtown-International District,-122.3202878,47.59876784
-122.3237553,47.59793173,7TH AVE S BETWEEN S KING ST AND S WELLER ST,0,Unknown,,0,0,0,0,0,12/11/04,,,,Downtown-International District,-122.3202878,47.59876784
-122.3219169,47.59583136,S DEARBORN ST BETWEEN 8TH AVE S AND DEARBORN OFF RP,1,Property Damage Only Collision,Rear Ended,4,2,0,0,0,4/5/13 9:50,Clear or Partly Cloudy,Dry,Daylight,Downtown-International District,-122.3202878,47.59876784
-122.3184327,47.59918656,S JACKSON ST BETWEEN 10TH AVE S AND 12TH AVE S,1,Property Damage Only Collision,Other,2,2,0,0,0,7/24/04 10:47,Clear or Partly Cloudy,Dry,Daylight,Downtown-International District,-122.3202878,47.59876784
-122.3270316,47.59583676,S DEARBORN ST BETWEEN SEATTLE BLVD S AND 6TH AVE S,1,Property Damage Only Collision,Sideswipe,2,2,0,0,0,7/12/18 14:00,Clear or Partly Cloudy,Dry,Daylight,Downtown-International District,-122.3202878,47.59876784
-122.3270158,47.59919385,S JACKSON ST BETWEEN 5TH AVE S AND 6TH AVE S,1,Property Damage Only Collision,Parked Car,2,2,0,0,0,1/3/04,Snowing,Wet,Daylight,Downtown-International District,-122.3202878,47.59876784