X,Y,LOCATION,SEVERITYCODE,SEVERITYDESC,COLLISIONTYPE,PERSONCOUNT,VEHCOUNT,INJURIES,SERIOUSINJURIES,FATALITIES,INCDTTM,WEATHER,ROADCOND,LIGHTCOND,NEIGHBORHOOD,NX,NY
-122.3219169,47.59583136,S DEARBORN ST BETWEEN 8TH AVE S AND DEARBORN OFF RP,2,Injury Collision,Rear Ended,2,2,1,0,0,4/5/13 5:50,Raining,Wet,Dark - Street Lights On,Downtown-International District,-122.3202878,47.59876784
-122.3184327,47.59918656,S JACKSON ST BETWEEN 10TH AVE S AND 12TH AVE S,1,Property Damage Only Collision,Rear Ended,5,2,0,0,0,3/30/13 8:45,Clear or Partly Cloudy,Dry,Daylight,Downtown-International District,-122.3202878,47.59876784
-122.3224587,47.59583117,8TH AVE S AND S DEARBORN ST,2,Injury Collision,Angles,7,2,1,0,0,7/21/07 12:41,Overcast,Dry,Daylight,Downtown-International District,-122.3202878,47.59876784
-122.3130845,47.59791265,RAINIER AVE S BETWEEN S KING ST AND S WELLER ST,2,Injury Collision,Sideswipe,3,2,1,0,0,9/30/11 15:52,Clear or Partly Cloudy,Dry,Daylight,Downtown-International District,-122.3202878,47.59876784
-122.317228,47.59833759,12TH AVE S AND S KING ST,1,Property Damage Only Collision,Angles,2,2,0,0,0,10/23/07 12:23,Clear or Partly Cloudy,Dry,Daylight,Downtown-International District,-122.3202878,47.59876784
-122.3250637,47.59709366,MAYNARD AVE S BETWEEN S WELLER ST AND S LANE ST,1,Property Damage Only Collision,Parked Car,2,2,0,0,0,8/10/15 12:29,Clear or Partly Cloudy,Dry,Daylight,Downtown-International District,-122.3202878,47.59876784
-122.327686,47.60171208,YESLER WAY BETWEEN TERRACE ST AND 6TH AVE,1,Property Damage Only Collision,Parked Car,2,2,0,0,0,1/31/12 16:45,Clear or Partly Cloudy,Dry,Daylight,Downtown-International District,-122.3202878,47.59876784
-122.3219169,47.59583136,S DEARBORN ST BETWEEN 8TH AVE S AND DEARBORN OFF RP,0,Unknown,,0,0,0,0,0,9/8/14,,,,Downtown-International District,-122.3202878,47.59876784
-122.3250586,47.59835189,MAYNARD AVE S AND S KING ST,2,Injury Collision,Left Turn,5,2,3,0,0,4/26/12 16:51,Clear or Partly Cloudy,Dry,Daylight,Downtown-International District,-122.3202878,47.59876784
-122.3118263,47.59626403,RAINIER AVE S BETWEEN S LANE ST AND S DEARBORN ST,2,Injury Collision,Rear Ended,2,2,1,0,0,9/22/16 12:43,Clear or Partly Cloudy,Dry,Daylight,Downtown-International District,-122.3202878,47.59876784
-122.3237585,47.59709153,7TH AVE S BETWEEN S WELLER ST AND S LANE ST,2,Injury Collision,Pedestrian,2,1,1,0,0,9/25/10 2:30,Clear or Partly Cloudy,Dry,Dark - Street Lights On,Downtown-International District,-122.3202878,47.59876784
-122.327686,47.60171208,YESLER WAY BETWEEN TERRACE ST AND 6TH AVE,0,Unknown,,0,0,0,0,0,3/2/12,,,,Downtown-International District,-122.3202878,47.59876784
-122.3175712,47.59582098,S DEARBORN ST BETWEEN DEARBORN ST OFF RP AND 13TH AVE S,1,Property Damage Only Collision,Rear Ended,2,2,0,0,0,4/13/13 16:10,Raining,Wet,Daylight,Downtown-International District,-122.3202878,47.59876784
-122.3283173,47.59919591,S JACKSON ST BETWEEN 4TH AVE S AND 5TH AVE S,1,Property Damage Only Collision,Rear Ended,2,2,0,0,0,3/1/18 21:31,Clear or Partly Cloudy,Dry,Dark - Street Lights On,Downtown-International District,-122.3202878,47.59876784
-122.3263508,47.60170997,6TH AVE AND YESLER WAY,1,Property Damage Only Collision,Left Turn,2,2,0,0,0,4/12/13 8:13,Clear or Partly Cloudy,Dry,Daylight,Downtown-International District,-122.3202878,47.59876784
-122.3250538,47.59961176,MAYNARD AVE S BETWEEN S MAIN ST AND S JACKSON ST,1,Property Damage Only Collision,Parked Car,2,2,0,0,0,4/14/13 13:19,Clear or Partly Cloudy,Dry,Daylight,Downtown-International District,-122.3202878,47.59876784
-122.3118263,47.59626403,RAINIER AVE S BETWEEN S LANE ST AND S DEARBORN ST,2,Injury Collision,Rear Ended,2,2,1,0,0,4/1/19 16:47,Clear or Partly Cloudy,Dry,Daylight,Downtown-International District,-122.3202878,47.59876784
-122.3156821,47.59919952,S JACKSON ST BETWEEN 12TH AVE S AND 14TH AVE S,1,Property Damage Only Collision,Other,2,2,0,0,0,9/18/18 13:26,Clear or Partly Cloudy,Dry,Daylight,Downtown-International District,-122.3202878,47.59876784
-122.3156821,47.59919952,S JACKSON ST BETWEEN 12TH AVE S AND 14TH AVE S,1,Property Damage Only Collision,Other,4,2,0,0,0,4/7/13 14:35,Clear or Partly Cloudy,Dry,Daylight,Downtown-International District,-122.3202878,47.59876784
-122.3139265,47.59901514,RAINIER AVE S BETWEEN BOREN AVE S AND S JACKSON PL,1,Property Damage Only Collision,Rear Ended,3,2,0,0,0,3/29/18 17:32,Clear or Partly Cloudy,Dry,Daylight,Downtown-International District,-122.3202878,47.59876784
-122.3224447,47.59918613,8TH AVE S AND S JACKSON ST,1,Property Damage Only Collision,Sideswipe,3,2,0,0,0,8/18/19 20:07,Clear or Partly Cloudy,Dry,Dark - Street Lights On,Downtown-International District,-122.3202878,47.59876784
-122.3196436,47.5983479,10TH AVE S AND S KING ST,1,Property Damage Only Collision,Sideswipe,2,2,0,0,0,6/6/19 7:35,Clear or Partly Cloudy,Dry,Daylight,Downtown-International District,-122.3202878,47.59876784
-122.3244128,47.59667327,S LANE ST BETWEEN MAYNARD AVE S AND 7TH AVE S,1,Property Damage Only Collision,Other,2,2,0,0,0,4/13/13 23:01,Raining,Wet,Dark - Street Lights On,Downtown-International District,-122.3202878,47.59876784
-122.3172254,47.59876333,12TH AVE S BETWEEN S JACKSON ST AND S KING ST,1,Property Damage Only Collision,Sideswipe,3,2,0,0,0,3/27/04 15:44,Raining,Wet,Daylight,Downtown-International District,-122.3202878,47.59876784
-122.3184327,47.59918656,S JACKSON ST BETWEEN 10TH AVE S AND 12TH AVE S,1,Property Damage Only Collision,Other,3,2,0,0,0,6/11/04 15:14,Overcast,Dry,Daylight,Downtown-International District,-122.3202878,47.59876784
-122.3196411,47.59876597,10TH AVE S BETWEEN S JACKSON ST AND S KING ST,1,Property Damage Only Collision,Parked Car,2,2,0,0,0,10/3/19 10:17,Clear or Partly Cloudy,Dry,Daylight,Downtown-International District,-122.3202878,47.59876784
-122.3263555,47.60045148,6TH AVE S BETWEEN S WASHINGTON ST AND S MAIN ST,1,Property Damage Only Collision,Rear Ended,0,2,0,0,0,8/6/04,Raining,Wet,Daylight,Downtown-International District,-122.3202878,47.59876784
-122.3231111,47.59583224,S DEARBORN ST BETWEEN 7TH AVE S AND 8TH AVE S,2,Injury Collision,Cycles,2,1,1,0,0,7/12/18 15:42,Clear or Partly Cloudy,Dry,Daylight,Downtown-International District,-122.3202878,47.59876784
-122.317228,47.59833759,12TH AVE S AND S KING ST,2,Injury Collision,Pedestrian,2,1,1,0,0,8/24/18 17:38,Clear or Partly Cloudy,Dry,Daylight,Downtown-International District,-122.3202878,47.59876784
-122.3263508,47.60170997,6TH AVE AND YESLER WAY,2,Injury Collision,Left Turn,2,2,2,0,0,4/4/13 13:21,Raining,Wet,Daylight,Downtown-International District,-122.3202878,47.59876784
-122.3172254,47.59876333,12TH AVE S BETWEEN S JACKSON ST AND S KING ST,1,Property Damage Only Collision,Sideswipe,3,2,0,0,0,9/30/04 10:20,Clear or Partly Cloudy,Dry,Daylight,Downtown-International District,-122.3202878,47.59876784
-122.3184356,47.59750452,S WELLER ST BETWEEN 10TH AVE S AND 12TH AVE S,1,Property Damage Only Collision,Parked Car,3,3,0,0,0,3/10/04 15:34,Clear or Partly Cloudy,Dry,Daylight,Downtown-International District,-122.3202878,47.59876784
-122.3247335,47.59835128,S KING ST BETWEEN MAYNARD AVE S AND MAYNARD AL S,1,Property Damage Only Collision,Other,2,2,0,0,0,2/21/04 21:15,Clear or Partly Cloudy,Dry,Dark - Street Lights On,Downtown-International District,-122.3202878,47.59876784
-122.3250569,47.59877133,MAYNARD AVE S BETWEEN S JACKSON ST AND S KING ST,2,Injury Collision,Pedestrian,2,1,1,0,0,5/29/04 12:44,Clear or Partly Cloudy,Dry,Daylight,Downtown-International District,-122.3202878,47.59876784
-122.3263688,47.59709708,6TH AVE S BETWEEN S WELLER ST AND S LANE ST,1,Property Damage Only Collision,Pedestrian,2,1,0,0,0,12/26/04 16:37,Clear or Partly Cloudy,Dry,Daylight,Downtown-International District,-122.3202878,47.59876784
-122.3153176,47.59833442,S KING ST BETWEEN 12TH AVE S AND RAINIER AVE S,1,Property Damage Only Collision,Parked Car,2,2,0,0,0,11/26/04 15:30,Overcast,Dry,Daylight,Downtown-International District,-122.3202878,47.59876784
-122.3124406,47.59707169,RAINIER AVE S BETWEEN S WELLER ST AND S LANE ST,0,Unknown,,0,0,0,0,0,2/3/04,,,,Downtown-International District,-122.3202878,47.59876784
-122.335574,47.6106779,5TH AVE AND PIKE ST,2,Injury Collision,Sideswipe,2,2,1,0,0,5/11/19 19:56,Clear or Partly Cloudy,Dry,Dusk,Downtown-Central Business District,-122.3354222,47.60921064
-122.3357752,47.60922111,4TH AVE AND UNION ST,1,Property Damage Only Collision,Rear Ended,2,2,0,0,0,3/29/13 20:20,Clear or Partly Cloudy,Dry,Dusk,Downtown-Central Business District,-122.3354222,47.60921064
-122.3330014,47.610382,UNION ST BETWEEN 6TH AVE AND 7TH AVE,0,Unknown,,0,0,0,0,0,5/25/04,,,,Downtown-Central Business District,-122.3354222,47.60921064
-122.3350319,47.60421435,MARION ST BETWEEN 1ST AVE AND 2ND AVE,1,Property Damage Only Collision,,2,0,0,0,0,3/29/13,,,,Downtown-Central Business District,-122.3354222,47.60921064
-122.3341168,47.60656932,SPRING ST BETWEEN 3RD AVE AND 4TH AVE,1,Property Damage Only Collision,Other,3,2,0,0,0,8/29/07 16:00,Clear or Partly Cloudy,Dry,Daylight,Downtown-Central Business District,-122.3354222,47.60921064
-122.3316043,47.60466156,4TH AVE AND COLUMBIA ST,2,Injury Collision,Pedestrian,2,1,1,0,0,5/9/19 8:52,Clear or Partly Cloudy,Dry,Daylight,Downtown-Central Business District,-122.3354222,47.60921064
-122.3371369,47.61070944,4TH AVE BETWEEN PIKE ST AND PINE ST,1,Property Damage Only Collision,Parked Car,2,2,0,0,0,5/11/19 16:00,Clear or Partly Cloudy,Dry,Daylight,Downtown-Central Business District,-122.3354222,47.60921064
-122.3319703,47.61176963,8TH AVE BETWEEN CONVENTION CTR DR AND PIKE ST,1,Property Damage Only Collision,Angles,2,2,0,0,0,11/27/18 15:21,Raining,Wet,Other,Downtown-Central Business District,-122.3354222,47.60921064
-122.3311339,47.61253537,PIKE ST AND CONVENTION PL,1,Property Damage Only Collision,Sideswipe,2,2,0,0,0,3/31/13 15:54,Clear or Partly Cloudy,Dry,Daylight,Downtown-Central Business District,-122.3354222,47.60921064
-122.3352204,47.60945327,UNION ST BETWEEN 4TH AVE AND 5TH AVE,1,Property Damage Only Collision,Rear Ended,2,2,0,0,0,4/21/06 16:59,Clear or Partly Cloudy,Dry,Daylight,Downtown-Central Business District,-122.3354222,47.60921064
-122.3327989,47.61183846,PIKE ST BETWEEN 7TH AVE AND 8TH AVE,1,Property Damage Only Collision,Parked Car,3,2,0,0,0,12/16/09 18:36,Overcast,Wet,Dark - Street Lights On,Downtown-Central Business District,-122.3354222,47.60921064
-122.3310508,47.60489314,COLUMBIA ST BETWEEN 4TH AVE AND 5TH AVE,1,Property Damage Only Collision,Parked Car,2,2,0,0,0,12/6/18 10:51,Clear or Partly Cloudy,Dry,Daylight,Downtown-Central Business District,-122.3354222,47.60921064
-122.330689,47.60701684,6TH AVE AND MADISON ST,1,Property Damage Only Collision,,2,0,0,0,0,12/10/18,,,,Downtown-Central Business District,-122.3354222,47.60921064
-122.3312782,47.604305,4TH AVE BETWEEN CHERRY ST AND COLUMBIA ST,1,Property Damage Only Collision,Left Turn,5,2,0,0,0,5/14/19 13:16,Overcast,Wet,Daylight,Downtown-Central Business District,-122.3354222,47.60921064
-122.3363299,47.60898867,UNION ST BETWEEN 3RD AVE AND 4TH AVE,1,Property Damage Only Collision,Parked Car,3,2,0,0,0,12/16/05 2:13,Clear or Partly Cloudy,Dry,Dark - Street Lights On,Downtown-Central Business District,-122.3354222,47.60921064
-122.3310508,47.60489314,COLUMBIA ST BETWEEN 4TH AVE AND 5TH AVE,1,Property Damage Only Collision,Parked Car,2,2,0,0,0,2/24/04 15:00,Clear or Partly Cloudy,Dry,Daylight,Downtown-Central Business District,-122.3354222,47.60921064
-122.3358275,47.61263329,6TH AVE BETWEEN PINE ST AND OLIVE WAY,1,Property Damage Only Collision,Right Turn,2,2,0,0,0,5/14/19 10:26,Raining,Wet,Daylight,Downtown-Central Business District,-122.3354222,47.60921064
-122.3330981,47.60965503,6TH AVE BETWEEN UNIVERSITY ST AND UNION ST,1,Property Damage Only Collision,Parked Car,4,3,0,0,0,2/15/10 18:50,Raining,Wet,Dark - Street Lights On,Downtown-Central Business District,-122.3354222,47.60921064
-122.3324513,47.60726631,5TH AVE AND SPRING ST,1,Property Damage Only Collision,Angles,5,2,0,0,0,3/30/13 13:50,Clear or Partly Cloudy,Dry,Daylight,Downtown-Central Business District,-122.3354222,47.60921064
-122.3337568,47.6086926,5TH AVE AND UNIVERSITY ST,1,Property Damage Only Collision,Left Turn,2,2,0,0,0,2/28/09 15:46,Clear or Partly Cloudy,Dry,Daylight,Downtown-Central Business District,-122.3354222,47.60921064
-122.3378706,47.60647838,1ST AVE BETWEEN SENECA ST AND UNIVERSITY ST,1,Property Damage Only Collision,Sideswipe,8,2,0,0,0,3/30/13 18:20,Clear or Partly Cloudy,Dry,Daylight,Downtown-Central Business District,-122.3354222,47.60921064
-122.3359124,47.60433864,1ST AVE BETWEEN MARION ST AND MADISON ST,1,Property Damage Only Collision,Parked Car,2,2,0,0,0,8/22/10 9:40,Unknown,Unknown,Unknown,Downtown-Central Business District,-122.3354222,47.60921064
-122.3339088,47.61137436,PIKE ST BETWEEN 6TH AVE AND 7TH AVE,1,Property Damage Only Collision,Sideswipe,2,2,0,0,0,3/30/13 15:23,Clear or Partly Cloudy,Dry,Daylight,Downtown-Central Business District,-122.3354222,47.60921064
-122.3353197,47.60872335,4TH AVE BETWEEN UNIVERSITY ST AND UNION ST,2,Injury Collision,Rear Ended,3,3,1,0,0,4/2/13 15:38,Clear or Partly Cloudy,Dry,Daylight,Downtown-Central Business District,-122.3354222,47.60921064
-122.3359758,47.60776318,3RD AVE AND UNIVERSITY ST,2b,Serious Injury Collision,Pedestrian,2,1,1,1,0,3/25/13 8:45,Clear or Partly Cloudy,Dry,Daylight,Downtown-Central Business District,-122.3354222,47.60921064
-122.3384241,47.60378134,ALASKAN WAY AND MADISON ST,1,Property Damage Only Collision,Angles,3,2,0,0,0,6/10/05 14:10,Overcast,Dry,Daylight,Downtown-Central Business District,-122.3354222,47.60921064
-122.3374665,47.60270291,ALASKAN WAY BETWEEN COLUMBIA ST AND MARION ST,2,Injury Collision,Other,1,1,1,0,0,5/7/05,Clear or Partly Cloudy,Dry,Daylight,Downtown-Central Business District,-122.3354222,47.60921064
-122.3391205,47.61120104,3RD AVE BETWEEN PINE ST AND STEWART ST,2,Injury Collision,Rear Ended,3,3,1,0,0,10/26/04 17:24,Overcast,Dry,Daylight,Downtown-Central Business District,-122.3354222,47.60921064
-122.3378706,47.60647838,1ST AVE BETWEEN SENECA ST AND UNIVERSITY ST,1,Property Damage Only Collision,Parked Car,1,2,0,0,0,7/11/15 12:34,Clear or Partly Cloudy,Dry,Daylight,Downtown-Central Business District,-122.3354222,47.60921064
-122.3316679,47.60808565,6TH AVE BETWEEN SPRING ST AND SENECA ST,1,Property Damage Only Collision,Parked Car,2,2,0,0,0,8/6/05,Clear or Partly Cloudy,Dry,Daylight,Downtown-Central Business District,-122.3354222,47.60921064
-122.3346656,47.60968542,5TH AVE AND UNION ST,2,Injury Collision,Angles,4,2,1,0,0,12/15/18 20:15,Clear or Partly Cloudy,Dry,Dark - Street Lights On,Downtown-Central Business District,-122.3354222,47.60921064
-122.3375443,47.60612176,1ST AVE AND SENECA ST,1,Property Damage Only Collision,Angles,2,2,0,0,0,10/19/06 8:35,Raining,Wet,Dawn,Downtown-Central Business District,-122.3354222,47.60921064
-122.3331039,47.60797946,5TH AVE AND SENECA ST,2,Injury Collision,Angles,3,2,1,0,0,12/16/18 12:58,Raining,Wet,Daylight,Downtown-Central Business District,-122.3354222,47.60921064
-122.3348663,47.60822792,4TH AVE AND UNIVERSITY ST,2,Injury Collision,Rear Ended,3,2,2,0,0,3/30/05 12:00,Clear or Partly Cloudy,Dry,Daylight,Downtown-Central Business District,-122.3354222,47.60921064
-122.3348033,47.60480289,2ND AVE BETWEEN MARION ST AND MADISON ST,1,Property Damage Only Collision,Other,3,3,0,0,0,3/29/13 9:26,Clear or Partly Cloudy,Dry,Daylight,Downtown-Central Business District,-122.3354222,47.60921064
-122.3307297,47.61544972,BOREN AVE AND OLIVE WAY,1,Property Damage Only Collision,Left Turn,2,2,0,0,0,11/13/10 15:24,Overcast,Wet,Unknown,Downtown-Central Business District,-122.3354222,47.60921064
-122.3368846,47.60875622,3RD AVE AND UNION ST,2,Injury Collision,Angles,3,2,1,0,0,10/17/04 3:38,Raining,Wet,Dark - Street Lights On,Downtown-Central Business District,-122.3354222,47.60921064
-122.3371873,47.60528418,SPRING ST BETWEEN POST AVE AND 1ST AVE,1,Property Damage Only Collision,Other,2,2,0,0,0,4/2/13 17:33,Clear or Partly Cloudy,Dry,Daylight,Downtown-Central Business District,-122.3354222,47.60921064
-122.3384495,47.60878865,2ND AVE BETWEEN UNION ST AND PIKE ST,1,Property Damage Only Collision,Left Turn,4,2,0,0,0,5/10/19 11:39,Clear or Partly Cloudy,Dry,Daylight,Downtown-Central Business District,-122.3354222,47.60921064
-122.3359758,47.60776318,3RD AVE AND UNIVERSITY ST,0,Unknown,,0,0,0,0,0,12/9/04,,,,Downtown-Central Business District,-122.3354222,47.60921064
-122.3369375,47.61216762,5TH AVE BETWEEN PINE ST AND OLIVE WAY,2,Injury Collision,Right Turn,4,2,1,0,0,3/28/13 6:27,Raining,Wet,Dark - Street Lights On,Downtown-Central Business District,-122.3354222,47.60921064
-122.330689,47.60701684,6TH AVE AND MADISON ST,1,Property Damage Only Collision,Angles,4,2,0,0,0,11/15/14 23:08,Overcast,Dry,Dark - Street Lights On,Downtown-Central Business District,-122.3354222,47.60921064
-122.3351293,47.60515932,2ND AVE AND MADISON ST,2,Injury Collision,Angles,2,2,1,0,0,4/4/08,Raining,Wet,Dark - Street Lights On,Downtown-Central Business District,-122.3354222,47.60921064
-122.3341498,47.60408847,2ND AVE BETWEEN COLUMBIA ST AND MARION ST,1,Property Damage Only Collision,Parked Car,2,2,0,0,0,1/14/15 13:51,Clear or Partly Cloudy,Dry,Daylight,Downtown-Central Business District,-122.3354222,47.60921064
-122.3342112,47.60918901,5TH AVE BETWEEN UNIVERSITY ST AND UNION ST,2,Injury Collision,Rear Ended,3,2,1,0,0,4/19/14 21:21,Clear or Partly Cloudy,Dry,Dark - Street Lights On,Downtown-Central Business District,-122.3354222,47.60921064
-122.3346656,47.60968542,5TH AVE AND UNION ST,2,Injury Collision,Cycles,2,1,1,0,0,8/14/14 12:50,Overcast,Dry,Daylight,Downtown-Central Business District,-122.3354222,47.60921064
-122.336484,47.61167201,5TH AVE AND PINE ST,1,Property Damage Only Collision,Angles,2,2,0,0,0,12/16/17 4:26,Clear or Partly Cloudy,Dry,Dark - Street Lights On,Downtown-Central Business District,-122.3354222,47.60921064
-122.3379954,47.60829217,2ND AVE AND UNION ST,1,Property Damage Only Collision,Left Turn,2,2,0,0,0,8/15/11 18:13,Clear or Partly Cloudy,Dry,Daylight,Downtown-Central Business District,-122.3354222,47.60921064
-122.3397726,47.60517845,ALASKAN WAY AND SENECA ST,0,Unknown,,0,0,0,0,0,11/19/11,,,,Downtown-Central Business District,-122.3354222,47.60921064
-122.3380477,47.61170568,4TH AVE BETWEEN PINE ST AND OLIVE WAY,2,Injury Collision,Parked Car,3,2,1,0,0,5/24/12 12:41,Clear or Partly Cloudy,Dry,Daylight,Downtown-Central Business District,-122.3354222,47.60921064
-122.3344772,47.60444646,2ND AVE AND MARION ST,2,Injury Collision,Angles,4,2,3,0,0,10/17/15 3:50,Clear or Partly Cloudy,Dry,Dark - Street Lights On,Downtown-Central Business District,-122.3354222,47.60921064
-122.3372165,47.60576386,1ST AVE BETWEEN SPRING ST AND SENECA ST,1,Property Damage Only Collision,Parked Car,2,2,0,0,0,5/10/15 12:15,Clear or Partly Cloudy,Dry,Daylight,Downtown-Central Business District,-122.3354222,47.60921064
-122.3333664,47.60491052,3RD AVE AND MARION ST,2,Injury Collision,Pedestrian,2,1,1,0,0,3/9/11 13:15,Clear or Partly Cloudy,Dry,Daylight,Downtown-Central Business District,-122.3354222,47.60921064
-122.3336067,47.61356024,8TH AVE BETWEEN PINE ST AND OLIVE WAY,1,Property Damage Only Collision,Sideswipe,2,2,0,0,0,2/25/16 13:15,Clear or Partly Cloudy,Dry,Daylight,Downtown-Central Business District,-122.3354222,47.60921064
-122.3317981,47.60655275,5TH AVE AND MADISON ST,2,Injury Collision,Pedestrian,2,1,1,0,0,5/24/07 7:27,Clear or Partly Cloudy,Dry,Daylight,Downtown-Central Business District,-122.3354222,47.60921064
-122.338197,47.606835,1ST AVE AND UNIVERSITY ST,1,Property Damage Only Collision,Rear Ended,2,2,0,0,0,9/23/09 13:30,Clear or Partly Cloudy,Dry,Daylight,Downtown-Central Business District,-122.3354222,47.60921064
-122.332599,47.61329522,PINE ST BETWEEN 8TH AVE AND 9TH AVE,1,Property Damage Only Collision,Rear Ended,2,2,0,0,0,7/2/09,Clear or Partly Cloudy,Dry,Unknown,Downtown-Central Business District,-122.3354222,47.60921064
-122.3324513,47.60726631,5TH AVE AND SPRING ST,2,Injury Collision,Angles,3,2,1,0,0,3/18/15 23:40,Clear or Partly Cloudy,Dry,Dark - Street Lights On,Downtown-Central Business District,-122.3354222,47.60921064
-122.3301373,47.60724758,MADISON ST BETWEEN 6TH AVE AND 7TH AVE,1,Property Damage Only Collision,Sideswipe,2,2,0,0,0,5/1/15 11:02,Clear or Partly Cloudy,Dry,Daylight,Downtown-Central Business District,-122.3354222,47.60921064
-122.3319954,47.60844356,6TH AVE AND SENECA ST,1,Property Damage Only Collision,Angles,2,2,0,0,0,8/3/12 7:15,Clear or Partly Cloudy,Dry,Daylight,Downtown-Central Business District,-122.3354222,47.60921064
-122.3290598,47.60523285,6TH AVE BETWEEN CHERRY ST AND COLUMBIA ST,2,Injury Collision,Sideswipe,3,2,2,0,0,12/8/14 12:04,Clear or Partly Cloudy,Dry,Daylight,Downtown-Central Business District,-122.3354222,47.60921064
-122.3360291,47.61117493,5TH AVE BETWEEN PIKE ST AND PINE ST,2,Injury Collision,Sideswipe,4,2,4,0,0,10/24/14 13:00,Clear or Partly Cloudy,Dry,Daylight,Downtown-Central Business District,-122.3354222,47.60921064
-122.3359758,47.60776318,3RD AVE AND UNIVERSITY ST,1,Property Damage Only Collision,Angles,0,2,0,0,0,11/15/15 16:26,Clear or Partly Cloudy,Dry,Dusk,Downtown-Central Business District,-122.3354222,47.60921064
-122.3324513,47.60726631,5TH AVE AND SPRING ST,1,Property Damage Only Collision,Other,2,2,0,0,0,10/17/17 12:40,Overcast,Wet,Daylight,Downtown-Central Business District,-122.3354222,47.60921064
-122.332142,47.61076192,UNION ST BETWEEN 7TH AVE AND CONVENTION PL,1,Property Damage Only Collision,Sideswipe,2,2,0,0,0,1/30/13 10:00,Raining,Wet,Daylight,Downtown-Central Business District,-122.3354222,47.60921064
-122.3338878,47.60715814,4TH AVE BETWEEN SPRING ST AND SENECA ST,2,Injury Collision,Rear Ended,2,2,2,0,0,8/10/07 10:01,Clear or Partly Cloudy,Dry,Daylight,Downtown-Central Business District,-122.3354222,47.60921064
-122.3334641,47.60585586,MADISON ST BETWEEN 3RD AVE AND 4TH AVE,2b,Serious Injury Collision,Other,2,1,1,1,0,8/2/13 13:59,Raining,Wet,Daylight,Downtown-Central Business District,-122.3354222,47.60921064
-122.3368846,47.60875622,3RD AVE AND UNION ST,2b,Serious Injury Collision,Pedestrian,2,1,1,1,0,8/1/13 22:02,Overcast,Dry,Dark - Street Lights On,Downtown-Central Business District,-122.3354222,47.60921064
-122.3351293,47.60515932,2ND AVE AND MADISON ST,2,Injury Collision,Right Turn,11,2,1,0,0,8/4/07,Clear or Partly Cloudy,Dry,Daylight,Downtown-Central Business District,-122.3354222,47.60921064
-122.3307297,47.61544972,BOREN AVE AND OLIVE WAY,1,Property Damage Only Collision,Left Turn,3,2,0,0,0,5/30/15 21:26,Clear or Partly Cloudy,Dry,Dark - Street Lights On,Downtown-Central Business District,-122.3354222,47.60921064
-122.3372165,47.60576386,1ST AVE BETWEEN SPRING ST AND SENECA ST,1,Property Damage Only Collision,Parked Car,2,2,0,0,0,8/4/16 3:30,Clear or Partly Cloudy,Dry,Dark - Street Lights On,Downtown-Central Business District,-122.3354222,47.60921064
-122.3365647,47.60505166,1ST AVE BETWEEN MADISON ST AND SPRING ST,1,Property Damage Only Collision,Sideswipe,2,2,0,0,0,8/27/08 8:46,Clear or Partly Cloudy,Dry,Daylight,Downtown-Central Business District,-122.3354222,47.60921064