X,Y,LOCATION,SEVERITYCODE,SEVERITYDESC,COLLISIONTYPE,PERSONCOUNT,VEHCOUNT,INJURIES,SERIOUSINJURIES,FATALITIES,INCDTTM,WEATHER,ROADCOND,LIGHTCOND,NEIGHBORHOOD,NX,NY
-122.3312782,47.604305,4TH AVE BETWEEN CHERRY ST AND COLUMBIA ST,1,Property Damage Only Collision,Other,2,2,0,0,0,8/31/04 18:21,Clear or Partly Cloudy,Dry,Daylight,Downtown-Central Business District,-122.3354222,47.60921064
-122.3323883,47.60384051,3RD AVE BETWEEN CHERRY ST AND COLUMBIA ST,1,Property Damage Only Collision,Sideswipe,2,2,0,0,0,4/6/13 7:39,Unknown,Unknown,Unknown,Downtown-Central Business District,-122.3354222,47.60921064
-122.3322566,47.60537425,4TH AVE AND MARION ST,2,Injury Collision,Pedestrian,2,1,1,0,0,7/14/04 6:58,Clear or Partly Cloudy,Dry,Daylight,Downtown-Central Business District,-122.3354222,47.60921064
-122.3351293,47.60515932,2ND AVE AND MADISON ST,2,Injury Collision,Angles,5,2,1,0,0,8/10/04 22:08,Clear or Partly Cloudy,Dry,Dark - Street Lights On,Downtown-Central Business District,-122.3354222,47.60921064
-122.3346656,47.60968542,5TH AVE AND UNION ST,1,Property Damage Only Collision,Left Turn,4,2,0,0,0,4/24/04 17:15,Clear or Partly Cloudy,Dry,Daylight,Downtown-Central Business District,-122.3354222,47.60921064
-122.3390138,47.60500937,ALASKAN E RDWY WAY BETWEEN SPRING ST AND SENECA ST,1,Property Damage Only Collision,Parked Car,0,2,0,0,0,7/31/04 14:04,Overcast,Dry,Daylight,Downtown-Central Business District,-122.3354222,47.60921064
-122.3329091,47.60608786,4TH AVE AND MADISON ST,2,Injury Collision,Angles,4,2,2,0,0,5/2/04,Clear or Partly Cloudy,Dry,Dark - Street Lights On,Downtown-Central Business District,-122.3354222,47.60921064
-122.3341498,47.60408847,2ND AVE BETWEEN COLUMBIA ST AND MARION ST,1,Property Damage Only Collision,Rear Ended,3,3,0,0,0,1/6/04,Snowing,Snow/Slush,Daylight,Downtown-Central Business District,-122.3354222,47.60921064
-122.3324513,47.60726631,5TH AVE AND SPRING ST,2,Injury Collision,Cycles,2,1,1,0,0,7/12/04 16:20,Clear or Partly Cloudy,Dry,Daylight,Downtown-Central Business District,-122.3354222,47.60921064
-122.3319954,47.60844356,6TH AVE AND SENECA ST,0,Unknown,,0,0,0,0,0,9/21/04,,,,Downtown-Central Business District,-122.3354222,47.60921064
-122.3351727,47.61359553,7TH AVE AND OLIVE WAY,1,Property Damage Only Collision,Angles,2,2,0,0,0,11/23/04 12:40,Overcast,Dry,Daylight,Downtown-Central Business District,-122.3354222,47.60921064
-122.3330014,47.610382,UNION ST BETWEEN 6TH AVE AND 7TH AVE,0,Unknown,,0,0,0,0,0,2/28/04,,,,Downtown-Central Business District,-122.3354222,47.60921064
-122.3322441,47.61207057,8TH AVE AND PIKE ST,1,Property Damage Only Collision,Right Turn,4,2,0,0,0,6/12/04 15:51,Overcast,Dry,Daylight,Downtown-Central Business District,-122.3354222,47.60921064
-122.3325818,47.60572989,4TH AVE BETWEEN MARION ST AND MADISON ST,1,Property Damage Only Collision,Sideswipe,2,2,0,0,0,6/24/04 10:09,Clear or Partly Cloudy,Dry,Daylight,Downtown-Central Business District,-122.3354222,47.60921064
-122.3322566,47.60537425,4TH AVE AND MARION ST,1,Property Damage Only Collision,Angles,5,3,0,0,0,1/17/04 13:06,Clear or Partly Cloudy,Dry,Daylight,Downtown-Central Business District,-122.3354222,47.60921064
-122.3373487,47.60423027,MADISON ST AND WESTERN AVE,2,Injury Collision,Cycles,5,1,1,0,0,8/28/04 15:41,Clear or Partly Cloudy,Dry,Daylight,Downtown-Central Business District,-122.3354222,47.60921064
-122.3369892,47.60635378,SENECA ST BETWEEN 1ST AVE AND 2ND AVE,0,Unknown,,0,0,0,0,0,7/14/04,,,,Downtown-Central Business District,-122.3354222,47.60921064
-122.3327776,47.60762288,5TH AVE BETWEEN SPRING ST AND SENECA ST,1,Property Damage Only Collision,Sideswipe,2,2,0,0,0,5/28/04 20:49,Raining,Wet,Dusk,Downtown-Central Business District,-122.3354222,47.60921064
-122.3331039,47.60797946,5TH AVE AND SENECA ST,0,Unknown,,0,0,0,0,0,12/20/04,,,,Downtown-Central Business District,-122.3354222,47.60921064
-122.3351727,47.61359553,7TH AVE AND OLIVE WAY,0,Unknown,,0,0,0,0,0,11/25/04,,,,Downtown-Central Business District,-122.3354222,47.60921064
-122.3339088,47.61137436,PIKE ST BETWEEN 6TH AVE AND 7TH AVE,0,Unknown,,0,0,0,0,0,11/24/04,,,,Downtown-Central Business District,-122.3354222,47.60921064
-122.3362384,47.60469505,1ST AVE AND MADISON ST,1,Property Damage Only Collision,Sideswipe,2,2,0,0,0,3/23/04 16:15,Raining,Wet,Daylight,Downtown-Central Business District,-122.3354222,47.60921064
-122.335574,47.6106779,5TH AVE AND PIKE ST,1,Property Damage Only Collision,Angles,2,2,0,0,0,7/24/04 14:17,Clear or Partly Cloudy,Dry,Daylight,Downtown-Central Business District,-122.3354222,47.60921064
-122.3207612,47.61211136,BROADWAY BETWEEN HARVARD AVE AND E UNION ST,1,Property Damage Only Collision,Parked Car,2,2,0,0,0,3/20/04 19:02,Clear or Partly Cloudy,Dry,Dark - Street Lights On,Downtown-First Hill,-122.3239532,47.60927049
-122.3224615,47.61144442,BOYLSTON AVE AND SPRING ST,1,Property Damage Only Collision,Angles,2,2,0,0,0,12/7/04,Raining,Wet,Dusk,Downtown-First HILL,-122.3239532,47.60927049
-122.3253344,47.61122962,MINOR AVE AND SENECA ST,1,Property Damage Only Collision,Angles,2,2,0,0,0,4/13/07 17:30,Overcast,Wet,Daylight,Downtown-First Hill,-122.3239532,47.60927049
-122.324458,47.61409447,BELMONT AVE AND E PIKE ST,2,Injury Collision,Pedestrian,2,1,1,0,0,5/10/19 8:12,Clear or Partly Cloudy,Dry,Daylight,Downtown-First Hill,-122.3239532,47.60927049
-122.3207612,47.61211136,BROADWAY BETWEEN HARVARD AVE AND E UNION ST,1,Property Damage Only Collision,Parked Car,2,2,0,0,0,4/19/04 14:00,Clear or Partly Cloudy,Dry,Daylight,Downtown-First Hill,-122.3239532,47.60927049
-122.3197535,47.60764512,E JAMES WAY BETWEEN BROADWAY AND E CHERRY ST,1,Property Damage Only Collision,Sideswipe,2,2,0,0,0,2/22/07 13:20,Clear or Partly Cloudy,Dry,Daylight,Downtown-First Hill,-122.3239532,47.60927049
-122.3214418,47.60792734,CHERRY ST BETWEEN MINOR AVE AND BROADWAY,1,Property Damage Only Collision,Parked Car,3,2,0,0,0,5/10/19 13:03,Clear or Partly Cloudy,Dry,Daylight,Downtown-First Hill,-122.3239532,47.60927049
-122.3290281,47.60771143,MADISON ST BETWEEN 7TH AVE AND 8TH AVE,2,Injury Collision,Sideswipe,4,3,1,0,0,5/9/19 16:58,Clear or Partly Cloudy,Dry,,Downtown-First Hill,-122.3239532,47.60927049
-122.3239663,47.60637435,TERRY AVE BETWEEN JAMES ST AND CHERRY ST,1,Property Damage Only Collision,Parked Car,2,2,0,0,0,12/22/05 17:13,Raining,Wet,Dark - No Street Lights,Downtown-First Hill,-122.3239532,47.60927049
-122.3224615,47.61144442,BOYLSTON AVE AND SPRING ST,1,Property Damage Only Collision,Angles,2,2,0,0,0,10/6/06,Raining,Wet,Daylight,Downtown-First HILL,-122.3239532,47.60927049
-122.3167799,47.60805878,12TH AVE AND E CHERRY ST,2,Injury Collision,Angles,4,4,1,0,0,3/30/13 6:27,Clear or Partly Cloudy,Dry,Dawn,Downtown-First Hill,-122.3239532,47.60927049
-122.3291236,47.6086581,8TH AVE AND SPRING ST,2,Injury Collision,Angles,2,2,1,0,0,12/13/18 16:35,Overcast,Wet,Dark - Street Lights On,Downtown-First Hill,-122.3239532,47.60927049
-122.3223976,47.60801681,MINOR AVE BETWEEN CHERRY ST AND COLUMBIA ST,0,Unknown,,0,0,0,0,0,11/18/18,,,,Downtown-First Hill,-122.3239532,47.60927049
-122.3167799,47.60864269,12TH AVE BETWEEN E CHERRY ST AND E COLUMBIA ST,1,Property Damage Only Collision,Sideswipe,2,2,0,0,0,3/27/13 14:02,Raining,Wet,Daylight,Downtown-First Hill,-122.3239532,47.60927049
-122.3197535,47.60764512,E JAMES WAY BETWEEN BROADWAY AND E CHERRY ST,1,Property Damage Only Collision,Rear Ended,4,2,0,0,0,4/3/13 15:57,Clear or Partly Cloudy,Dry,Daylight,Downtown-First Hill,-122.3239532,47.60927049
-122.3251391,47.60933797,BOREN AVE AND MADISON ST,2,Injury Collision,Angles,2,2,2,0,0,6/6/06,Clear or Partly Cloudy,Dry,Dark - Street Lights On,Downtown-First HILL,-122.3239532,47.60927049
-122.3207548,47.60807347,BROADWAY AND CHERRY ST,0,Unknown,,0,0,0,0,0,10/6/03,,,,Downtown-First Hill,-122.3239532,47.60927049
-122.3232432,47.61062257,SUMMIT AVE BETWEEN MADISON ST AND SPRING ST,0,Unknown,,0,0,0,0,0,3/31/13,,,,Downtown-First Hill,-122.3239532,47.60927049
-122.3207624,47.61296336,BROADWAY AND E UNION ST,2,Injury Collision,Pedestrian,2,1,1,0,0,11/11/05 12:42,Raining,Wet,Daylight,Downtown-First Hill,-122.3239532,47.60927049
-122.3264356,47.61245118,MINOR AVE BETWEEN UNIVERSITY ST AND UNION ST,1,Property Damage Only Collision,Parked Car,2,2,0,0,0,3/27/13 23:19,Clear or Partly Cloudy,Dry,Dark - Street Lights On,Downtown-First Hill,-122.3239532,47.60927049
-122.3246186,47.60708825,TERRY AVE BETWEEN CHERRY ST AND COLUMBIA ST,1,Property Damage Only Collision,Parked Car,2,2,0,0,0,8/31/04 12:23,Clear or Partly Cloudy,Dry,Daylight,Downtown-First Hill,-122.3239532,47.60927049
-122.3269703,47.60462518,7TH AVE AND JAMES ST,2,Injury Collision,Pedestrian,2,1,1,0,0,3/6/06,Clear or Partly Cloudy,Dry,Daylight,Downtown-First Hill,-122.3239532,47.60927049
-122.3289131,47.61346582,BOREN AVE AND PIKE ST,2,Injury Collision,Cycles,3,1,1,0,0,3/29/13 11:53,Clear or Partly Cloudy,Dry,Unknown,Downtown-First Hill,-122.3239532,47.60927049
-122.3220859,47.61273575,HARVARD AVE AND SENECA ST,2,Injury Collision,Pedestrian,2,1,1,0,0,10/27/16 20:19,Overcast,Wet,Dark - Street Lights On,Downtown-First Hill,-122.3239532,47.60927049
-122.3253344,47.61122962,MINOR AVE AND SENECA ST,2,Injury Collision,Angles,2,2,1,0,0,1/17/07 17:45,Clear or Partly Cloudy,Dry,Dark - Street Lights On,Downtown-First Hill,-122.3239532,47.60927049
-122.3297765,47.60937181,8TH AVE AND SENECA ST,1,Property Damage Only Collision,Angles,2,2,0,0,0,10/13/14 12:14,Clear or Partly Cloudy,Dry,Daylight,Downtown-First Hill,-122.3239532,47.60927049
-122.3167797,47.60980944,12TH AVE BETWEEN E COLUMBIA ST AND E MARION ST,1,Property Damage Only Collision,Parked Car,2,2,0,0,0,6/6/15 9:00,Unknown,Unknown,Unknown,Downtown-First Hill,-122.3239532,47.60927049
-122.3245856,47.60956945,MADISON ST BETWEEN BOREN AVE AND MINOR AVE,1,Property Damage Only Collision,Parked Car,2,2,0,0,0,4/10/17 17:30,Unknown,Unknown,Unknown,Downtown-First Hill,-122.3239532,47.60927049
-122.3283384,47.60947816,9TH AVE BETWEEN SPRING ST AND SENECA ST,1,Property Damage Only Collision,Parked Car,2,2,0,0,0,6/26/14 17:00,Unknown,Unknown,Unknown,Downtown-First Hill,-122.3239532,47.60927049
-122.3201136,47.61408042,E PIKE ST BETWEEN BROADWAY AND 10TH AVE,1,Property Damage Only Collision,Parked Car,2,2,0,0,0,10/21/15 18:35,Clear or Partly Cloudy,Wet,Dusk,Downtown-First Hill,-122.3239532,47.60927049
-122.3289131,47.61346582,BOREN AVE AND PIKE ST,1,Property Damage Only Collision,Right Turn,2,2,0,0,0,10/7/11 23:59,Unknown,Unknown,Dark - Street Lights On,Downtown-First Hill,-122.3239532,47.60927049
-122.324487,47.60862448,BOREN AVE AND MARION ST,1,Property Damage Only Collision,Left Turn,2,2,0,0,0,6/10/14 9:40,Clear or Partly Cloudy,Dry,Daylight,Downtown-First Hill,-122.3239532,47.60927049
-122.3240287,47.60980237,MADISON ST AND MINOR AVE,1,Property Damage Only Collision,Left Turn,2,2,0,0,0,8/5/15 17:24,Overcast,Dry,Daylight,Downtown-First Hill,-122.3239532,47.60927049
-122.3262496,47.60887338,MADISON ST AND TERRY AVE,2,Injury Collision,Pedestrian,2,1,1,0,0,11/15/17 17:06,Clear or Partly Cloudy,Dry,Dark - Street Lights On,Downtown-First Hill,-122.3239532,47.60927049
-122.3182162,47.6122294,E MADISON ST BETWEEN E SENECA ST AND 11TH AVE,0,Unknown,,0,0,0,0,0,5/4/04,,,,Downtown-First Hill,-122.3239532,47.60927049
-122.3251391,47.60933797,BOREN AVE AND MADISON ST,0,Unknown,,0,0,0,0,0,5/22/04,,,,Downtown-First Hill,-122.3239532,47.60927049
-122.3297765,47.60937181,8TH AVE AND SENECA ST,2,Injury Collision,Pedestrian,2,1,1,0,0,10/15/18 14:08,Clear or Partly Cloudy,Dry,Daylight,Downtown-First Hill,-122.3239532,47.60927049
-122.3223656,47.61049781,MADISON ST BETWEEN SUMMIT AVE AND BOYLSTON AVE,1,Property Damage Only Collision,Sideswipe,2,2,0,0,0,4/6/13 11:30,Raining,Wet,Daylight,Downtown-First Hill,-122.3239532,47.60927049
-122.3302243,47.60819781,7TH AVE AND SPRING ST,2,Injury Collision,Angles,2,2,1,0,0,7/2/04,Clear or Partly Cloudy,Dry,Dark - Street Lights On,Downtown-First Hill,-122.3239532,47.60927049
-122.3253344,47.61122962,MINOR AVE AND SENECA ST,0,Unknown,,2,0,0,0,0,12/20/18,,,,Downtown-First Hill,-122.3239532,47.60927049
-122.3291236,47.6086581,8TH AVE AND SPRING ST,1,Property Damage Only Collision,Angles,2,2,0,0,0,4/7/13 11:11,Raining,Wet,Daylight,Downtown-First Hill,-122.3239532,47.60927049
-122.3174184,47.61258274,E MADISON ST BETWEEN 11TH AVE AND 12TH AVE,1,Property Damage Only Collision,Rear Ended,3,2,0,0,0,8/21/04 15:57,Raining,Wet,Daylight,Downtown-First Hill,-122.3239532,47.60927049
-122.3196478,47.61294151,E UNION ST BETWEEN BROADWAY CT AND 10TH AVE,1,Property Damage Only Collision,Sideswipe,2,2,0,0,0,4/5/13 22:50,Raining,Wet,Dark - Street Lights On,Downtown-First Hill,-122.3239532,47.60927049
-122.3167791,47.61097884,12TH AVE BETWEEN E MARION ST AND E SPRING ST,1,Property Damage Only Collision,,1,0,0,0,0,3/13/13,,,,Downtown-First Hill,-122.3239532,47.60927049
-122.3269703,47.60462518,7TH AVE AND JAMES ST,1,Property Damage Only Collision,Left Turn,2,2,0,0,0,3/30/13 13:20,Clear or Partly Cloudy,Dry,Daylight,Downtown-First Hill,-122.3239532,47.60927049
-122.3201136,47.61408042,E PIKE ST BETWEEN BROADWAY AND 10TH AVE,1,Property Damage Only Collision,Parked Car,2,2,0,0,0,7/3/04,Unknown,Unknown,Dark - Street Lights On,Downtown-First Hill,-122.3239532,47.60927049
-122.324813,47.60898123,BOREN AVE BETWEEN MARION ST AND MADISON ST,1,Property Damage Only Collision,Rear Ended,2,2,0,0,0,4/3/13 9:51,Clear or Partly Cloudy,Dry,Daylight,Downtown-First Hill,-122.3239532,47.60927049
-122.3181001,47.61227776,11TH AVE AND E MADISON ST,1,Property Damage Only Collision,,2,0,0,0,0,5/2/13,,,,Downtown-First Hill,-122.3239532,47.60927049
-122.3219752,47.60671541,JAMES ST BETWEEN BOREN AVE AND MINOR AVE,1,Property Damage Only Collision,Rear Ended,3,2,0,0,0,9/3/13 15:59,Overcast,Dry,Daylight,Downtown-First Hill,-122.3239532,47.60927049
-122.3230872,47.60625024,JAMES ST BETWEEN TERRY AVE AND BOREN AVE,1,Property Damage Only Collision,Other,1,1,0,0,0,8/6/17 3:45,Clear or Partly Cloudy,Dry,Dark - Street Lights On,Downtown-First Hill,-122.3239532,47.60927049
-122.3207714,47.61351951,BROADWAY BETWEEN E UNION ST AND E PIKE ST,2,Injury Collision,Rear Ended,4,2,1,0,0,1/31/15 3:17,Fog/Smog/Smoke,Wet,Dark - Street Lights On,Downtown-First Hill,-122.3239532,47.60927049
-122.3246186,47.60708825,TERRY AVE BETWEEN CHERRY ST AND COLUMBIA ST,1,Property Damage Only Collision,Parked Car,2,2,0,0,0,12/21/16 20:00,Clear or Partly Cloudy,Dry,Dark - No Street Lights,Downtown-First Hill,-122.3239532,47.60927049
-122.3291236,47.6086581,8TH AVE AND SPRING ST,0,Unknown,,0,0,0,0,0,5/23/09,,,,Downtown-First Hill,-122.3239532,47.60927049
-122.3241278,47.61074767,SPRING ST BETWEEN MINOR AVE AND SUMMIT AVE,1,Property Damage Only Collision,Parked Car,2,2,0,0,0,11/23/13 10:41,Clear or Partly Cloudy,Dry,Daylight,Downtown-First Hill,-122.3239532,47.60927049
-122.3306308,47.60901487,HUBBELL PL AND SENECA ST,2,Injury Collision,Left Turn,2,2,1,0,0,10/2/14 8:08,Clear or Partly Cloudy,Dry,Daylight,Downtown-First Hill,-122.3239532,47.60927049
-122.3256595,47.61158529,MINOR AVE BETWEEN SENECA ST AND UNIVERSITY ST,1,Property Damage Only Collision,Parked Car,2,2,0,0,0,12/18/09 18:39,Raining,Wet,Dark - Street Lights On,Downtown-First Hill,-122.3239532,47.60927049
-122.3269703,47.60462518,7TH AVE AND JAMES ST,1,Property Damage Only Collision,,2,0,0,0,0,7/21/17,,,,Downtown-First Hill,-122.3239532,47.60927049
-122.3254643,47.60969373,BOREN AVE BETWEEN MADISON ST AND SPRING ST,1,Property Damage Only Collision,Sideswipe,3,2,0,0,0,1/14/17 13:38,Overcast,Dry,Daylight,Downtown-First Hill,-122.3239532,47.60927049
-122.3167794,47.61039501,12TH AVE AND E MARION ST,2,Injury Collision,Cycles,2,1,1,0,0,5/30/13 16:56,Clear or Partly Cloudy,Dry,Daylight,Downtown-First Hill,-122.3239532,47.60927049
-122.3240287,47.60980237,MADISON ST AND MINOR AVE,0,Unknown,,0,0,0,0,0,12/21/04,,,,Downtown-First Hill,-122.3239532,47.60927049
-122.327361,47.60840868,9TH AVE AND MADISON ST,1,Property Damage Only Collision,Angles,4,2,0,0,0,4/3/13 11:20,Clear or Partly Cloudy,Dry,Daylight,Downtown-First Hill,-122.3239532,47.60927049
-122.3291236,47.6086581,8TH AVE AND SPRING ST,2,Injury Collision,Angles,2,2,1,0,0,3/2/04,Clear or Partly Cloudy,Dry,Daylight,Downtown-First Hill,-122.3239532,47.60927049
-122.3241596,47.60826659,BOREN AVE BETWEEN COLUMBIA ST AND MARION ST,0,Unknown,,0,0,0,0,0,4/9/04,,,,Downtown-First Hill,-122.3239532,47.60927049
-122.3289131,47.61346582,BOREN AVE AND PIKE ST,0,Unknown,,0,0,0,0,0,12/9/04,,,,Downtown-First Hill,-122.3239532,47.60927049
-122.3285622,47.61223876,UNION ST BETWEEN TERRY AVE AND BOREN AVE,2,Injury Collision,,1,0,1,0,0,11/26/19,,,,Downtown-First Hill,-122.3239532,47.60927049
-122.3241596,47.60826659,BOREN AVE BETWEEN COLUMBIA ST AND MARION ST,0,Unknown,,0,0,0,0,0,10/7/04,,,,Downtown-First Hill,-122.3239532,47.60927049
-122.3283756,47.60699792,MARION ST BETWEEN 7TH AVE AND 8TH AVE,0,Unknown,,0,0,0,0,0,4/9/13,,,,Downtown-First Hill,-122.3239532,47.60927049
-122.3283588,47.61369803,PIKE ST BETWEEN BOREN AVE AND MELROSE AVE,2,Injury Collision,Sideswipe,3,2,1,0,0,4/27/18 21:53,Clear or Partly Cloudy,Dry,Dark - Street Lights On,Downtown-First Hill,-122.3239532,47.60927049
-122.3291236,47.6086581,8TH AVE AND SPRING ST,2,Injury Collision,Angles,2,2,1,0,0,7/31/04 9:36,Clear or Partly Cloudy,Dry,Daylight,Downtown-First Hill,-122.3239532,47.60927049
-122.3258255,47.61298804,E UNION ST BETWEEN CRAWFORD PL AND SUMMIT AVE,1,Property Damage Only Collision,Parked Car,2,2,0,0,0,7/11/04 14:00,Clear or Partly Cloudy,Dry,Daylight,Downtown-First Hill,-122.3239532,47.60927049
-122.3289131,47.61346582,BOREN AVE AND PIKE ST,2,Injury Collision,Angles,3,2,1,0,0,5/7/04,Raining,Wet,Dawn,Downtown-First HILL,-122.3239532,47.60927049
-122.3289131,47.61346582,BOREN AVE AND PIKE ST,1,Property Damage Only Collision,Angles,3,2,0,0,0,7/6/18 9:48,Clear or Partly Cloudy,Dry,Daylight,Downtown-First Hill,-122.3239532,47.60927049
-122.3283384,47.60947816,9TH AVE BETWEEN SPRING ST AND SENECA ST,1,Property Damage Only Collision,Parked Car,2,2,0,0,0,6/14/18 13:00,Clear or Partly Cloudy,Dry,Daylight,Downtown-First Hill,-122.3239532,47.60927049
-122.3259598,47.6060361,CHERRY ST BETWEEN 8TH AVE AND 9TH AVE,1,Property Damage Only Collision,Parked Car,2,2,0,0,0,5/14/04 16:20,Clear or Partly Cloudy,Dry,Daylight,Downtown-First Hill,-122.3239532,47.60927049
-122.328458,47.61296791,BOREN AVE BETWEEN UNION ST AND PIKE ST,1,Property Damage Only Collision,Sideswipe,2,2,0,0,0,11/20/04 11:15,Overcast,Dry,Daylight,Downtown-First Hill,-122.3239532,47.60927049
-122.320313,47.61135552,E MADISON ST BETWEEN BROADWAY AND BROADWAY CT,1,Property Damage Only Collision,Sideswipe,2,2,0,0,0,8/22/04 2:43,Raining,Wet,Dark - Street Lights On,Downtown-First Hill,-122.3239532,47.60927049
-122.31678,47.60922659,12TH AVE AND E COLUMBIA ST,2,Injury Collision,Pedestrian,2,1,1,0,0,12/10/18 12:46,Clear or Partly Cloudy,Dry,Daylight,Downtown-First Hill,-122.3239532,47.60927049
-122.3167799,47.60864269,12TH AVE BETWEEN E CHERRY ST AND E COLUMBIA ST,0,Unknown,,0,0,0,0,0,12/7/04,,,,Downtown-First Hill,-122.3239532,47.60927049
-122.3275509,47.61197567,BOREN AVE BETWEEN UNIVERSITY ST AND Union ST,2,Injury Collision,Rear Ended,2,2,1,0,0,5/7/04,Overcast,Wet,Daylight,Downtown-First HILL,-122.3239532,47.60927049
-122.324487,47.60862448,BOREN AVE AND MARION ST,1,Property Damage Only Collision,Cycles,2,1,0,0,0,6/15/04 8:15,Clear or Partly Cloudy,Dry,Daylight,Downtown-First Hill,-122.3239532,47.60927049
-122.3207593,47.61067507,BROADWAY BETWEEN MARION ST AND MADISON ST,1,Property Damage Only Collision,Other,3,2,0,0,0,4/25/04 23:59,Clear or Partly Cloudy,Dry,Dark - Street Lights On,Downtown-First Hill,-122.3239532,47.60927049
-122.3254643,47.60969373,BOREN AVE BETWEEN MADISON ST AND SPRING ST,1,Property Damage Only Collision,Sideswipe,2,2,0,0,0,1/28/19 18:20,Clear or Partly Cloudy,Dry,Dark - Street Lights On,Downtown-First Hill,-122.3239532,47.60927049
-122.3292228,47.60960332,SENECA ST BETWEEN 8TH AVE AND 9TH AVE,1,Property Damage Only Collision,Parked Car,2,2,0,0,0,4/2/13 10:21,Clear or Partly Cloudy,Dry,Daylight,Downtown-First Hill,-122.3239532,47.60927049
-122.3291236,47.6086581,8TH AVE AND SPRING ST,0,Unknown,,0,0,0,0,0,12/15/04,,,,Downtown-First Hill,-122.3239532,47.60927049
-122.328603,47.60640979,7TH AVE BETWEEN COLUMBIA ST AND MARION ST,1,Property Damage Only Collision,Rear Ended,5,2,0,0,0,4/5/13 10:30,Clear or Partly Cloudy,Dry,Daylight,Downtown-First Hill,-122.3239532,47.60927049
-122.3201136,47.61408042,E PIKE ST BETWEEN BROADWAY AND 10TH AVE,1,Property Damage Only Collision,Rear Ended,2,2,0,0,0,4/8/13 17:53,Clear or Partly Cloudy,Dry,Daylight,Downtown-First Hill,-122.3239532,47.60927049
-122.3196085,47.61164921,E MADISON ST BETWEEN BROADWAY CT AND 10TH AVE,1,Property Damage Only Collision,Parked Car,2,2,0,0,0,9/9/04,Clear or Partly Cloudy,Dry,Daylight,Downtown-First Hill,-122.3239532,47.60927049
-122.3259598,47.6060361,CHERRY ST BETWEEN 8TH AVE AND 9TH AVE,1,Property Damage Only Collision,Parked Car,2,2,0,0,0,6/11/18 12:58,Clear or Partly Cloudy,Dry,Daylight,Downtown-First Hill,-122.3239532,47.60927049
-122.3279505,47.60569675,7TH AVE BETWEEN CHERRY ST AND COLUMBIA ST,0,Unknown,,0,0,0,0,0,1/6/04,,,,Downtown-First Hill,-122.3239532,47.60927049
-122.3281122,47.61006788,SENECA ST BETWEEN 9TH AVE AND TERRY AVE,1,Property Damage Only Collision,Other,2,2,0,0,0,4/12/13 7:40,Clear or Partly Cloudy,Dry,Daylight,Downtown-First Hill,-122.3239532,47.60927049
-122.3201136,47.61408042,E PIKE ST BETWEEN BROADWAY AND 10TH AVE,0,Unknown,,0,0,0,0,0,8/20/04,,,,Downtown-First Hill,-122.3239532,47.60927049
-122.3242936,47.60673262,CHERRY ST AND TERRY AVE,1,Property Damage Only Collision,Angles,2,2,0,0,0,3/8/19 9:45,Overcast,Wet,Daylight,Downtown-First Hill,-122.3239532,47.60927049
-122.3237396,47.6069642,CHERRY ST BETWEEN TERRY AVE AND BOREN AVE,1,Property Damage Only Collision,Parked Car,2,2,0,0,0,5/16/04 15:00,Clear or Partly Cloudy,Dry,Daylight,Downtown-First Hill,-122.3239532,47.60927049
-122.3181122,47.61260313,11TH AVE BETWEEN E MADISON ST AND E UNION ST,1,Property Damage Only Collision,Parked Car,2,2,0,0,0,2/21/04 0:07,Clear or Partly Cloudy,Dry,Dark - Street Lights On,Downtown-First Hill,-122.3239532,47.60927049
-122.3300102,47.61225859,HUBBELL PL BETWEEN 9TH AVE AND PIKE ST,1,Property Damage Only Collision,Parked Car,2,2,0,0,0,6/10/04 10:54,Overcast,Dry,Unknown,Downtown-First Hill,-122.3239532,47.60927049
-122.3264167,47.60485688,JAMES ST BETWEEN 7TH AVE AND 8TH AVE,2,Injury Collision,Rear Ended,2,2,1,0,0,12/18/18 14:22,Raining,Wet,Daylight,Downtown-First Hill,-122.3239532,47.60927049
-122.3295821,47.60747976,7TH AVE AND MADISON ST,0,Unknown,,0,0,0,0,0,2/12/04,,,,Downtown-First Hill,-122.3239532,47.60927049
-122.3251391,47.60933797,BOREN AVE AND MADISON ST,1,Property Damage Only Collision,Angles,3,2,0,0,0,7/3/04,Raining,Wet,Daylight,Downtown-First HILL,-122.3239532,47.60927049
-122.3283756,47.60699792,MARION ST BETWEEN 7TH AVE AND 8TH AVE,2,Injury Collision,Other,1,1,1,0,0,2/3/04,Clear or Partly Cloudy,Dry,Daylight,Downtown-First Hill,-122.3239532,47.60927049
-122.3307357,47.61042056,8TH AVE BETWEEN SENECA ST AND CONVENTION CTR DR,2,Injury Collision,Rear Ended,3,3,2,0,0,11/12/04 17:11,Overcast,Dry,Dusk,Downtown-First Hill,-122.3239532,47.60927049