X,Y,LOCATION,SEVERITYCODE,SEVERITYDESC,COLLISIONTYPE,PERSONCOUNT,VEHCOUNT,INJURIES,SERIOUSINJURIES,FATALITIES,INCDTTM,WEATHER,ROADCOND,LIGHTCOND,NEIGHBORHOOD,NX,NY
-122.3290281,47.60771143,MADISON ST BETWEEN 7TH AVE AND 8TH AVE,0,Unknown,,0,0,0,0,0,11/10/04,,,,Downtown-First Hill,-122.3239532,47.60927049
-122.3257916,47.61005181,BOREN AVE AND SPRING ST,1,Property Damage Only Collision,Rear Ended,2,2,0,0,0,9/10/04 8:07,Clear or Partly Cloudy,Dry,Daylight,Downtown-First Hill,-122.3239532,47.60927049
-122.3196085,47.61164921,E MADISON ST BETWEEN BROADWAY CT AND 10TH AVE,2,Injury Collision,Rear Ended,2,2,2,0,0,5/20/04 17:28,Overcast,Dry,Daylight,Downtown-First Hill,-122.3239532,47.60927049
-122.324354,47.61015809,MINOR AVE BETWEEN MADISON ST AND SPRING ST,1,Property Damage Only Collision,Parked Car,2,2,0,0,0,10/1/04,Clear or Partly Cloudy,Dry,Daylight,Downtown-First HILL,-122.3239532,47.60927049
-122.3278814,47.61065758,TERRY AVE BETWEEN SENECA ST AND UNIVERSITY ST,0,Unknown,,0,0,0,0,0,12/17/04,,,,Downtown-First Hill,-122.3239532,47.60927049
-122.3167562,47.61222459,12TH AVE BETWEEN E SPRING ST AND E MADISON ST,1,Property Damage Only Collision,Rear Ended,2,2,0,0,0,6/18/04 21:30,Clear or Partly Cloudy,Dry,Dark - Street Lights On,Downtown-First Hill,-122.3239532,47.60927049
-122.324813,47.60898123,BOREN AVE BETWEEN MARION ST AND MADISON ST,2,Injury Collision,Rear Ended,2,2,1,0,0,4/19/04 17:32,Raining,Wet,Daylight,Downtown-First Hill,-122.3239532,47.60927049
-122.323896,47.61133635,SUMMIT AVE BETWEEN SPRING ST AND SENECA ST,1,Property Damage Only Collision,Rear Ended,2,2,0,0,0,10/29/04 9:00,Overcast,Dry,Daylight,Downtown-First Hill,-122.3239532,47.60927049
-122.3228549,47.60683918,BOREN AVE BETWEEN JAMES ST AND CHERRY ST,2,Injury Collision,Rear Ended,3,3,1,0,0,3/2/04,Clear or Partly Cloudy,Dry,Daylight,Downtown-First HILL,-122.3239532,47.60927049
-122.3207601,47.61121421,BROADWAY BETWEEN MADISON ST AND HARVARD AVE,1,Property Damage Only Collision,Left Turn,3,2,0,0,0,3/28/04 1:45,Unknown,Unknown,Dark - Street Lights On,Downtown-First Hill,-122.3239532,47.60927049
-122.3259598,47.6060361,CHERRY ST BETWEEN 8TH AVE AND 9TH AVE,0,Unknown,,0,0,0,0,0,2/2/04,,,,Downtown-First Hill,-122.3239532,47.60927049
-122.3235383,47.60310238,ALDER ST BETWEEN DEAD END AND 9TH AVE,2,Injury Collision,Parked Car,2,2,1,0,0,8/15/05 6:54,Clear or Partly Cloudy,Dry,Daylight,Downtown-Yesler Terrace,-122.3221205,47.6034656
-122.3220102,47.60423293,TERRY AVE BETWEEN ALDER ST AND TERRACE ST,1,Property Damage Only Collision,Parked Car,2,2,0,0,0,3/16/06 10:20,Overcast,Dry,Daylight,Downtown-Yesler Terrace,-122.3221205,47.6034656
-122.3218772,47.60576977,BOREN AVE AND JEFFERSON ST,2,Injury Collision,Cycles,2,1,1,0,0,4/2/13 18:42,Clear or Partly Cloudy,Dry,Daylight,Downtown-Yesler Terrace,-122.3221205,47.6034656
-122.3167818,47.60218827,12TH AVE BETWEEN E YESLER WAY AND E FIR ST,2,Injury Collision,Rear Ended,6,2,1,0,0,3/31/13 13:04,Clear or Partly Cloudy,Dry,Daylight,Downtown-Yesler Terrace,-122.3221205,47.6034656
-122.3222382,47.60364596,ALDER ST BETWEEN 9TH AVE AND TERRY AVE,1,Property Damage Only Collision,Parked Car,2,2,0,0,0,8/25/04 9:41,Raining,Wet,Daylight,Downtown-Yesler Terrace,-122.3221205,47.6034656
-122.3181105,47.60620595,11TH AVE AND E JEFFERSON ST,2,Injury Collision,Cycles,2,1,1,0,0,3/29/13 18:10,Clear or Partly Cloudy,Dry,Daylight,Downtown-Yesler Terrace,-122.3221205,47.6034656
-122.3247493,47.6055547,9TH AVE AND JAMES ST,1,Property Damage Only Collision,Left Turn,3,2,0,0,0,11/5/05,Raining,Wet,Dark - Street Lights On,Downtown-Yesler Terrace,-122.3221205,47.6034656
-122.3207449,47.60453069,BOREN AVE AND BROADWAY,1,Property Damage Only Collision,Sideswipe,7,2,0,0,0,6/24/06 16:13,Clear or Partly Cloudy,Dry,Daylight,Downtown-Yesler Terrace,-122.3221205,47.6034656
-122.320334,47.59918734,S JACKSON ST BETWEEN 9TH AVE S AND 10TH AVE S,1,Property Damage Only Collision,Parked Car,2,2,0,0,0,12/4/18 13:30,Clear or Partly Cloudy,Dry,Daylight,Downtown-Yesler Terrace,-122.3221205,47.6034656
-122.3207374,47.60170036,BROADWAY AND YESLER WAY,1,Property Damage Only Collision,Left Turn,6,2,0,0,0,7/21/04 15:12,Clear or Partly Cloudy,Dry,Dark - Street Lights On,Downtown-Yesler Terrace,-122.3221205,47.6034656
-122.3253062,47.60532163,JAMES ST BETWEEN 8TH AVE AND 9TH AVE,1,Property Damage Only Collision,Rear Ended,6,3,0,0,0,6/7/05,Overcast,Dry,Daylight,Downtown-Yesler Terrace,-122.3221205,47.6034656
-122.3253062,47.60532163,JAMES ST BETWEEN 8TH AVE AND 9TH AVE,1,Property Damage Only Collision,Sideswipe,2,2,0,0,0,5/1/12 17:40,Clear or Partly Cloudy,Wet,Daylight,Downtown-Yesler Terrace,-122.3221205,47.6034656
-122.3236412,47.6060184,JAMES ST AND TERRY AVE,1,Property Damage Only Collision,Angles,3,2,0,0,0,4/2/09,Raining,Wet,Daylight,Downtown-YESLER TERRACE,-122.3221205,47.6034656
-122.3167815,47.60351416,12TH AVE AND E SPRUCE ST,1,Property Damage Only Collision,Angles,2,2,0,0,0,12/10/15 13:17,Raining,Wet,Daylight,Downtown-Yesler Terrace,-122.3221205,47.6034656
-122.3222024,47.60612546,BOREN AVE BETWEEN JEFFERSON ST AND JAMES ST,0,Unknown,,0,0,0,0,0,3/29/17,,,,Downtown-Yesler Terrace,-122.3221205,47.6034656
-122.3220102,47.60423293,TERRY AVE BETWEEN ALDER ST AND TERRACE ST,1,Property Damage Only Collision,Parked Car,2,2,0,0,0,3/22/12 17:41,Clear or Partly Cloudy,Dry,Daylight,Downtown-Yesler Terrace,-122.3221205,47.6034656
-122.3167805,47.60620305,12TH AVE AND E JEFFERSON ST,2,Injury Collision,Left Turn,2,2,1,0,0,3/17/14 14:48,Clear or Partly Cloudy,Dry,Daylight,Downtown-Yesler Terrace,-122.3221205,47.6034656
-122.31876,47.60435904,E ALDER ST BETWEEN 10TH AVE AND 11TH AVE,1,Property Damage Only Collision,Parked Car,2,2,0,0,0,12/12/14 7:00,Unknown,Unknown,Unknown,Downtown-Yesler Terrace,-122.3221205,47.6034656
-122.3167805,47.60620305,12TH AVE AND E JEFFERSON ST,1,Property Damage Only Collision,Pedestrian,2,1,0,0,0,8/26/18 20:21,Raining,Wet,Dark - Street Lights On,Downtown-Yesler Terrace,-122.3221205,47.6034656
-122.3200809,47.60521427,E TERRACE ST BETWEEN BROADWAY AND 10TH AVE,1,Property Damage Only Collision,Parked Car,2,2,0,0,0,5/16/18 13:15,Clear or Partly Cloudy,Dry,Daylight,Downtown-Yesler Terrace,-122.3221205,47.6034656
-122.3183376,47.60219412,BOREN AVE BETWEEN E YESLER WAY AND E FIR ST,0,Unknown,,0,0,0,0,0,10/5/04,,,,Downtown-Yesler Terrace,-122.3221205,47.6034656
-122.3234439,47.60412807,9TH AVE BETWEEN ALDER ST AND JEFFERSON ST,1,Property Damage Only Collision,Parked Car,2,2,0,0,0,3/27/13 13:00,Clear or Partly Cloudy,Dry,Daylight,Downtown-Yesler Terrace,-122.3221205,47.6034656
-122.3234439,47.60412807,9TH AVE BETWEEN ALDER ST AND JEFFERSON ST,1,Property Damage Only Collision,Parked Car,2,2,0,0,0,10/28/19 10:40,Clear or Partly Cloudy,Dry,Daylight,Downtown-Yesler Terrace,-122.3221205,47.6034656
-122.3236412,47.6060184,JAMES ST AND TERRY AVE,2b,Serious Injury Collision,Pedestrian,3,1,1,1,0,6/1/06,Raining,Wet,Daylight,Downtown-Yesler Terrace,-122.3221205,47.6034656
-122.3174475,47.6062045,E JEFFERSON ST BETWEEN 11TH AVE AND 12TH AVE,1,Property Damage Only Collision,Rear Ended,3,3,0,0,0,10/12/10 7:26,Clear or Partly Cloudy,Dry,Daylight,Downtown-Yesler Terrace,-122.3221205,47.6034656
-122.3253062,47.60532163,JAMES ST BETWEEN 8TH AVE AND 9TH AVE,2,Injury Collision,Rear Ended,4,3,1,0,0,3/28/13 22:33,Clear or Partly Cloudy,Dry,Dark - Street Lights On,Downtown-Yesler Terrace,-122.3221205,47.6034656
-122.3200751,47.60269211,E FIR ST BETWEEN BROADWAY AND 10TH AVE,1,Property Damage Only Collision,Parked Car,2,2,0,0,0,3/26/13 9:00,Clear or Partly Cloudy,Dry,Daylight,Downtown-Yesler Terrace,-122.3221205,47.6034656
-122.3213134,47.60599116,JEFFERSON ST BETWEEN BOREN AVE AND BROADWAY,0,Unknown,,0,0,0,0,0,7/29/14,,,,Downtown-Yesler Terrace,-122.3221205,47.6034656
-122.3167815,47.60351416,12TH AVE AND E SPRUCE ST,1,Property Damage Only Collision,Parked Car,3,2,0,0,0,6/28/10 16:51,Clear or Partly Cloudy,Dry,Daylight,Downtown-Yesler Terrace,-122.3221205,47.6034656
-122.3224869,47.60225021,8TH AVE BETWEEN YESLER WAY AND E FIR ST,0,Unknown,,0,0,0,0,0,6/30/14,,,,Downtown-Yesler Terrace,-122.3221205,47.6034656
-122.3174432,47.6043591,E ALDER ST BETWEEN 11TH AVE AND 12TH AVE,1,Property Damage Only Collision,Parked Car,2,2,0,0,0,2/23/09 21:30,Unknown,Unknown,Unknown,Downtown-Yesler Terrace,-122.3221205,47.6034656
-122.3222024,47.60612546,BOREN AVE BETWEEN JEFFERSON ST AND JAMES ST,1,Property Damage Only Collision,Rear Ended,2,2,0,0,0,5/8/14 16:20,Raining,Wet,Daylight,Downtown-Yesler Terrace,-122.3221205,47.6034656
-122.3229892,47.60530451,JEFFERSON ST AND TERRY AVE,2,Injury Collision,Angles,2,2,1,0,0,9/10/12 8:30,Overcast,Wet,Daylight,Downtown-Yesler Terrace,-122.3221205,47.6034656
-122.3167818,47.60268591,12TH AVE AND E FIR ST,1,Property Damage Only Collision,Angles,3,2,0,0,0,10/31/12 22:56,Raining,Wet,Dark - Street Lights On,Downtown-Yesler Terrace,-122.3221205,47.6034656
-122.3197143,47.60352506,BOREN AVE BETWEEN E FIR ST AND E ALDER ST,2,Injury Collision,Cycles,2,1,1,0,0,9/3/04,Clear or Partly Cloudy,Dry,Dark - Street Lights On,Downtown-YESLER TERRACE,-122.3221205,47.6034656
-122.3201615,47.60169934,E YESLER WAY BETWEEN BROADWAY AND 10TH AVE,1,Property Damage Only Collision,Rear Ended,4,2,0,0,0,7/6/04,Raining,Wet,Daylight,Downtown-Yesler Terrace,-122.3221205,47.6034656
-122.3194119,47.60478098,10TH AVE BETWEEN E ALDER ST AND E TERRACE ST,1,Property Damage Only Collision,Parked Car,2,2,0,0,0,4/14/13 8:00,Unknown,Unknown,Unknown,Downtown-Yesler Terrace,-122.3221205,47.6034656
-122.3213134,47.60599116,JEFFERSON ST BETWEEN BOREN AVE AND BROADWAY,2,Injury Collision,Other,5,3,2,0,0,11/22/04 11:14,Overcast,Dry,Daylight,Downtown-Yesler Terrace,-122.3221205,47.6034656
-122.3174422,47.60351535,E SPRUCE ST BETWEEN 11TH AVE AND 12TH AVE,1,Property Damage Only Collision,Parked Car,2,2,0,0,0,3/9/04,Clear or Partly Cloudy,Dry,Unknown,Downtown-Yesler Terrace,-122.3221205,47.6034656
-122.3186765,47.60087632,S WASHINGTON ST BETWEEN 10TH AVE S AND DEAD END 3,1,Property Damage Only Collision,Parked Car,2,2,0,0,0,4/1/04,Clear or Partly Cloudy,Dry,Daylight,Downtown-Yesler Terrace,-122.3221205,47.6034656
-122.3224691,47.6030567,9TH AVE BETWEEN E FIR ST AND ALDER ST,1,Property Damage Only Collision,Parked Car,2,2,0,0,0,9/9/04,Clear or Partly Cloudy,Dry,Daylight,Downtown-Yesler Terrace,-122.3221205,47.6034656
-122.3174433,47.60268714,E FIR ST BETWEEN 11TH AVE AND 12TH AVE,1,Property Damage Only Collision,Parked Car,2,2,0,0,0,6/2/19 21:00,Unknown,Unknown,Unknown,Downtown-Yesler Terrace,-122.3221205,47.6034656
-122.3222382,47.60364596,ALDER ST BETWEEN 9TH AVE AND TERRY AVE,1,Property Damage Only Collision,Parked Car,2,2,0,0,0,9/8/04,Overcast,Wet,Daylight,Downtown-Yesler Terrace,-122.3221205,47.6034656
-122.3212709,47.60085703,S WASHINGTON ST BETWEEN YESLER WAY AND 10TH AVE S,1,Property Damage Only Collision,Parked Car,2,2,0,0,0,2/21/18 21:00,Snowing,Snow/Slush,Dark - Street Lights On,Downtown-Yesler Terrace,-122.3221205,47.6034656
-122.3224869,47.60225021,8TH AVE BETWEEN YESLER WAY AND E FIR ST,1,Property Damage Only Collision,Parked Car,3,2,0,0,0,7/1/04,Clear or Partly Cloudy,Dry,Daylight,Downtown-Yesler Terrace,-122.3221205,47.6034656
-122.3167818,47.60218827,12TH AVE BETWEEN E YESLER WAY AND E FIR ST,1,Property Damage Only Collision,Rear Ended,2,2,0,0,0,11/23/04 20:34,Raining,Wet,Dark - Street Lights On,Downtown-Yesler Terrace,-122.3221205,47.6034656
-122.3244231,47.60519799,9TH AVE BETWEEN JEFFERSON ST AND JAMES ST,1,Property Damage Only Collision,Parked Car,2,2,0,0,0,8/18/04 15:15,Clear or Partly Cloudy,Dry,Daylight,Downtown-Yesler Terrace,-122.3221205,47.6034656
-122.3224332,47.60553718,JEFFERSON ST BETWEEN TERRY AVE AND BOREN AVE,1,Property Damage Only Collision,Parked Car,2,2,0,0,0,1/2/18 7:50,Unknown,Unknown,Unknown,Downtown-Yesler Terrace,-122.3221205,47.6034656
-122.3170966,47.60057361,12TH AVE S BETWEEN BOREN AVE S AND 12TH AVE S TURN RD,2,Injury Collision,Rear Ended,3,2,1,0,0,7/22/04 7:50,Clear or Partly Cloudy,Dry,Daylight,Downtown-Yesler Terrace,-122.3221205,47.6034656
-122.3234439,47.60412807,9TH AVE BETWEEN ALDER ST AND JEFFERSON ST,0,Unknown,,0,0,0,0,0,10/29/04,,,,Downtown-Yesler Terrace,-122.3221205,47.6034656
-122.3207386,47.60219546,BROADWAY BETWEEN YESLER WAY AND E FIR ST,1,Property Damage Only Collision,Parked Car,2,2,0,0,0,11/16/04 13:59,Unknown,Unknown,Unknown,Downtown-Yesler Terrace,-122.3221205,47.6034656
-122.3195817,47.60169832,10TH AVE AND E YESLER WAY,2,Injury Collision,,2,0,1,0,0,12/9/19,,,,Downtown-Yesler Terrace,-122.3221205,47.6034656
-122.3253062,47.60532163,JAMES ST BETWEEN 8TH AVE AND 9TH AVE,0,Unknown,,0,0,0,0,0,12/10/04,,,,Downtown-Yesler Terrace,-122.3221205,47.6034656
-122.3218772,47.60576977,BOREN AVE AND JEFFERSON ST,2,Injury Collision,Angles,4,2,3,0,0,11/24/04 17:31,Raining,Wet,Dark - Street Lights On,Downtown-Yesler Terrace,-122.3221205,47.6034656
-122.3244009,47.60170912,YESLER WAY BETWEEN 6TH AVE AND 8TH AVE,1,Property Damage Only Collision,Parked Car,2,2,0,0,0,12/3/04,Overcast,Dry,Daylight,Downtown-Yesler Terrace,-122.3221205,47.6034656
-122.3167813,47.60393727,12TH AVE BETWEEN E SPRUCE ST AND E ALDER ST,1,Property Damage Only Collision,Parked Car,4,4,0,0,0,6/29/04 12:25,Clear or Partly Cloudy,Dry,Daylight,Downtown-Yesler Terrace,-122.3221205,47.6034656
-122.3187632,47.60620728,E JEFFERSON ST BETWEEN 10TH AVE AND 11TH AVE,1,Property Damage Only Collision,Other,2,2,0,0,0,2/4/04,Raining,Wet,Daylight,Downtown-Yesler Terrace,-122.3221205,47.6034656
-122.3178232,47.60169516,BOREN AVE AND E YESLER WAY,0,Unknown,,0,0,0,0,0,12/10/04,,,,Downtown-Yesler Terrace,-122.3221205,47.6034656
-122.3222382,47.60364596,ALDER ST BETWEEN 9TH AVE AND TERRY AVE,1,Property Damage Only Collision,Parked Car,2,2,0,0,0,7/20/04 12:08,Clear or Partly Cloudy,Dry,Daylight,Downtown-Yesler Terrace,-122.3221205,47.6034656
-122.3167817,47.60309867,12TH AVE BETWEEN E FIR ST AND E SPRUCE ST,1,Property Damage Only Collision,Head On,5,3,0,0,0,4/20/04 12:08,Clear or Partly Cloudy,Dry,Daylight,Downtown-Yesler Terrace,-122.3221205,47.6034656
-122.3207492,47.60571969,BROADWAY BETWEEN TERRACE ST AND JEFFERSON ST,1,Property Damage Only Collision,Parked Car,2,2,0,0,0,10/25/04 18:00,Overcast,Dry,Dusk,Downtown-Yesler Terrace,-122.3221205,47.6034656
-122.3187024,47.60169676,E YESLER WAY BETWEEN 10TH AVE AND BOREN AVE,0,Unknown,,0,0,0,0,0,12/7/04,,,,Downtown-Yesler Terrace,-122.3221205,47.6034656
-122.3294123,47.59269974,I90 WB 4TH AV OFF RP BETWEEN 4TH AVE S AND I90 WB OFF RP,1,Property Damage Only Collision,Other,1,1,0,0,0,12/13/18 19:20,Clear or Partly Cloudy,Wet,Dark - Street Lights On,Downtown-Pioneer Square,-122.3336487,47.59876784
-122.3361223,47.60118905,ALASKAN WAY S BETWEEN YESLER WAY AND PIER 48 ACCESS RD,2,Injury Collision,Other,2,1,2,0,0,4/24/04 2:18,Clear or Partly Cloudy,Dry,Dark - Street Lights On,Downtown-Pioneer Square,-122.3336487,47.59876784
-122.3348001,47.59829282,S KING ST BETWEEN ALASKAN E RDWY WAY S AND 1ST AVE S,1,Property Damage Only Collision,Parked Car,2,2,0,0,0,6/9/08,Raining,Wet,Daylight,Downtown-Pioneer Square,-122.3336487,47.59876784
-122.3315981,47.60129743,2ND AV ET S BETWEEN S WASHINGTON ST AND YESLER WAY,1,Property Damage Only Collision,Parked Car,2,2,0,0,0,12/19/09 16:00,Unknown,Unknown,Dusk,Downtown-Pioneer Square,-122.3336487,47.59876784
-122.3280786,47.60416123,6TH AVE AND JAMES ST,0,Unknown,,0,0,0,0,0,10/17/04,,,,Downtown-Pioneer Square,-122.3336487,47.59876784
-122.3275245,47.60439327,JAMES ST BETWEEN 6TH AVE AND 7TH AVE,2,Injury Collision,Rear Ended,3,2,1,0,0,4/19/05 15:25,Clear or Partly Cloudy,Dry,Daylight,Downtown-Pioneer Square,-122.3336487,47.59876784
-122.3341923,47.59403973,1ST AVE S BETWEEN RAILROAD S WAY S AND S ROYAL BROUGHAM WAY,0,Unknown,,0,0,0,0,0,8/29/09,,,,Downtown-Pioneer Square,-122.3336487,47.59876784
-122.3296785,47.59919793,2ND AV ET S AND S JACKSON ST,2,Injury Collision,Pedestrian,3,1,1,0,0,11/25/05 18:59,Raining,Wet,Dark - Street Lights On,Downtown-Pioneer Square,-122.3336487,47.59876784
-122.3303986,47.60417996,CHERRY ST BETWEEN 4TH AVE AND 5TH AVE,1,Property Damage Only Collision,Parked Car,2,2,0,0,0,2/1/07,Clear or Partly Cloudy,Dry,Daylight,Downtown-Pioneer Square,-122.3336487,47.59876784
-122.3302975,47.60323265,4TH AVE AND JAMES ST,1,Property Damage Only Collision,Left Turn,4,2,0,0,0,12/14/18 20:47,Clear or Partly Cloudy,Dry,Dark - Street Lights On,Downtown-Pioneer Square,-122.3336487,47.59876784
-122.3328824,47.59920289,OCCIDENTAL AVE S AND S JACKSON ST,0,Unknown,,0,0,0,0,0,10/9/04,,,,Downtown-Pioneer Square,-122.3336487,47.59876784
-122.3289545,47.60133187,4TH AVE S BETWEEN 4TH AVE AND S WASHINGTON ST,2,Injury Collision,Sideswipe,3,2,1,0,0,2/23/04 14:04,Clear or Partly Cloudy,Dry,Daylight,Downtown-Pioneer Square,-122.3336487,47.59876784
-122.3338988,47.60172188,JAMES ST AND YESLER WAY,2,Injury Collision,Rear Ended,2,2,1,0,0,8/29/07 10:25,Clear or Partly Cloudy,Dry,Daylight,Downtown-Pioneer Square,-122.3336487,47.59876784
-122.3275245,47.60439327,JAMES ST BETWEEN 6TH AVE AND 7TH AVE,0,Unknown,,0,0,0,0,0,1/30/04,,,,Downtown-Pioneer Square,-122.3336487,47.59876784
-122.3331722,47.60301939,2ND AVE AND CHERRY ST,2,Injury Collision,Cycles,2,1,1,0,0,5/14/19 11:17,Overcast,Wet,Daylight,Downtown-Pioneer Square,-122.3336487,47.59876784
-122.3298416,47.60441291,5TH AVE AND CHERRY ST,1,Property Damage Only Collision,,1,0,0,0,0,5/14/19,,,,Downtown-Pioneer Square,-122.3336487,47.59876784
-122.3358756,47.6015198,ALASKAN E RDWY WAY S BETWEEN YESLER WAY AND S WASHINGTON ST,0,Unknown,,0,0,0,0,0,11/19/18,,,,Downtown-Pioneer Square,-122.3336487,47.59876784
-122.3306237,47.60358939,4TH AVE BETWEEN JAMES ST AND CHERRY ST,1,Property Damage Only Collision,Sideswipe,5,2,0,0,0,7/9/13 19:23,Clear or Partly Cloudy,Dry,Daylight,Downtown-Pioneer Square,-122.3336487,47.59876784
-122.3352166,47.60172277,YESLER WAY BETWEEN WESTERN AVE AND POST AVE,1,Property Damage Only Collision,Parked Car,2,2,0,0,0,7/9/08,Clear or Partly Cloudy,Dry,Daylight,Downtown-Pioneer Square,-122.3336487,47.59876784
-122.3322515,47.60201215,2ND AVE BETWEEN YESLER WAY AND JAMES ST,1,Property Damage Only Collision,Parked Car,0,2,0,0,0,8/19/15 9:41,Clear or Partly Cloudy,Dry,Daylight,Downtown-Pioneer Square,-122.3336487,47.59876784
-122.3290919,47.60275157,JEFFERSON ST BETWEEN 4TH AVE AND 5TH AVE,1,Property Damage Only Collision,Parked Car,2,2,0,0,0,8/28/09 14:00,Unknown,Unknown,Daylight,Downtown-Pioneer Square,-122.3336487,47.59876784
-122.3315981,47.60129743,2ND AV ET S BETWEEN S WASHINGTON ST AND YESLER WAY,2,Injury Collision,Parked Car,3,2,1,0,0,5/22/13 11:00,Raining,Wet,Daylight,Downtown-Pioneer Square,-122.3336487,47.59876784
-122.3341849,47.60004423,1ST AVE S AND S MAIN ST,1,Property Damage Only Collision,Rear Ended,4,2,0,0,0,9/14/08 10:30,Clear or Partly Cloudy,Dry,Daylight,Downtown-Pioneer Square,-122.3336487,47.59876784
-122.3302975,47.60323265,4TH AVE AND JAMES ST,2,Injury Collision,Pedestrian,2,1,1,0,0,3/13/13 10:26,Overcast,Wet,Daylight,Downtown-Pioneer Square,-122.3336487,47.59876784
-122.3309521,47.60394844,4TH AVE AND CHERRY ST,0,Unknown,,0,0,0,0,0,7/9/09,,,,Downtown-Pioneer Square,-122.3336487,47.59876784
-122.3286328,47.60392938,JAMES ST BETWEEN 5TH AVE AND 6TH AVE,1,Property Damage Only Collision,Other,1,1,0,0,0,3/7/15 3:12,Clear or Partly Cloudy,Dry,Dark - Street Lights On,Downtown-Pioneer Square,-122.3336487,47.59876784
-122.3341923,47.59403973,1ST AVE S BETWEEN RAILROAD S WAY S AND S ROYAL BROUGHAM WAY,2,Injury Collision,Rear Ended,3,2,1,0,0,2/1/04,Clear or Partly Cloudy,Dry,Daylight,Downtown-Pioneer Square,-122.3336487,47.59876784
-122.3302731,47.59864684,3RD AVE S BETWEEN DEAD END AND S KING ST,1,Property Damage Only Collision,Sideswipe,3,2,0,0,0,3/27/13 21:56,Clear or Partly Cloudy,Dry,Dark - Street Lights On,Downtown-Pioneer Square,-122.3336487,47.59876784
-122.3359108,47.60004611,ALASKAN WAY S AND S MAIN ST,1,Property Damage Only Collision,Angles,2,2,0,0,0,7/1/04,Clear or Partly Cloudy,Dry,Daylight,Downtown-Pioneer Square,-122.3336487,47.59876784
-122.33223,47.59920184,S JACKSON ST BETWEEN OCCIDENTAL AVE S AND 2ND AVE S,1,Property Damage Only Collision,Right Turn,2,2,0,0,0,5/5/18 22:46,Clear or Partly Cloudy,Dry,Dark - Street Lights On,Downtown-Pioneer Square,-122.3336487,47.59876784
-122.33419,47.59568374,1ST AVE S AND RAILROAD S WAY S,2,Injury Collision,Pedestrian,2,1,1,0,0,7/20/04 13:45,Clear or Partly Cloudy,Dry,Daylight,Downtown-Pioneer Square,-122.3336487,47.59876784
-122.3368649,47.60203256,ALASKAN WAY BETWEEN YESLER WAY AND COLUMBIA ST,2,Injury Collision,Other,6,1,1,0,0,1/21/18 16:11,Raining,Wet,Daylight,Downtown-Pioneer Square,-122.3336487,47.59876784
-122.3273554,47.60337147,6TH AVE BETWEEN 6TH AV ON RP AND JEFFERSON ST,1,Property Damage Only Collision,,1,0,0,0,0,4/9/13,,,,Downtown-Pioneer Square,-122.3336487,47.59876784
-122.3289651,47.60003602,4TH AVE S AND S MAIN ST,1,Property Damage Only Collision,Sideswipe,2,2,0,0,0,5/22/04 16:20,Clear or Partly Cloudy,Dry,Daylight,Downtown-Pioneer Square,-122.3336487,47.59876784
-122.3341865,47.5996259,1ST AVE S BETWEEN S MAIN ST AND S JACKSON ST,1,Property Damage Only Collision,,3,0,0,0,0,3/20/19,,,,Downtown-Pioneer Square,-122.3336487,47.59876784
-122.3275245,47.60439327,JAMES ST BETWEEN 6TH AVE AND 7TH AVE,1,Property Damage Only Collision,Angles,2,2,0,0,0,3/28/13 10:10,Clear or Partly Cloudy,Dry,Daylight,Downtown-Pioneer Square,-122.3336487,47.59876784
-122.3325194,47.6023056,2ND AVE AND JAMES ST,2,Injury Collision,Left Turn,4,2,3,0,0,8/9/10 10:24,Clear or Partly Cloudy,Dry,Daylight,Downtown-Pioneer Square,-122.3336487,47.59876784
-122.3359108,47.60004611,ALASKAN WAY S AND S MAIN ST,2,Injury Collision,Cycles,2,1,1,0,0,2/22/15 14:52,Clear or Partly Cloudy,Dry,Daylight,Downtown-Pioneer Square,-122.3336487,47.59876784
-122.3359098,47.59962693,ALASKAN WAY S BETWEEN S MAIN ST AND S JACKSON ST,1,Property Damage Only Collision,Other,3,2,0,0,0,11/26/09 1:19,Raining,Wet,Dark - Street Lights On,Downtown-Pioneer Square,-122.3336487,47.59876784
-122.3280786,47.60416123,6TH AVE AND JAMES ST,1,Property Damage Only Collision,Rear Ended,2,2,0,0,0,5/7/09,Unknown,Unknown,Unknown,Downtown-Pioneer Square,-122.3336487,47.59876784
-122.3279803,47.60321632,JEFFERSON ST BETWEEN 5TH AVE AND 6TH AVE,1,Property Damage Only Collision,Other,0,1,0,0,0,8/17/17 17:22,Clear or Partly Cloudy,Dry,Daylight,Downtown-Pioneer Square,-122.3336487,47.59876784
-122.3340407,47.60172211,YESLER WAY BETWEEN 1ST AVE AND JAMES ST,0,Unknown,,0,0,0,0,0,4/8/11,,,,Downtown-Pioneer Square,-122.3336487,47.59876784
-122.3315089,47.60371545,CHERRY ST BETWEEN 3RD AVE AND 4TH AVE,1,Property Damage Only Collision,Other,2,2,0,0,0,10/3/08,Clear or Partly Cloudy,Dry,Daylight,Downtown-Pioneer Square,-122.3336487,47.59876784
-122.329744,47.60346437,JAMES ST BETWEEN 4TH AVE AND 5TH AVE,1,Property Damage Only Collision,Rear Ended,2,2,0,0,0,12/17/15 19:38,Unknown,Unknown,Unknown,Downtown-Pioneer Square,-122.3336487,47.59876784
-122.3328767,47.60088159,OCCIDENTAL AVE S AND S WASHINGTON ST,2,Injury Collision,Pedestrian,2,1,1,0,0,9/6/14 2:30,Clear or Partly Cloudy,Dry,Dark - Street Lights On,Downtown-Pioneer Square,-122.3336487,47.59876784