X,Y,LOCATION,SEVERITYCODE,SEVERITYDESC,COLLISIONTYPE,PERSONCOUNT,VEHCOUNT,INJURIES,SERIOUSINJURIES,FATALITIES,INCDTTM,WEATHER,ROADCOND,LIGHTCOND,NEIGHBORHOOD,NX,NY
-122.3289675,47.59919689,4TH AVE S AND S JACKSON ST,2,Injury Collision,Angles,6,2,1,0,0,7/2/15 17:15,Clear or Partly Cloudy,Dry,Daylight,Downtown-Pioneer Square,-122.3336487,47.59876784
-122.3341912,47.59829172,1ST AVE S AND S KING ST,1,Property Damage Only Collision,Angles,3,2,0,0,0,7/31/10 19:25,Clear or Partly Cloudy,Dry,Daylight,Downtown-Pioneer Square,-122.3336487,47.59876784
-122.3319657,47.60253667,JAMES ST BETWEEN 2ND AVE AND 3RD AVE,1,Property Damage Only Collision,Other,0,1,0,0,0,10/4/17 9:56,Clear or Partly Cloudy,Dry,Daylight,Downtown-Pioneer Square,-122.3336487,47.59876784
-122.3319657,47.60253667,JAMES ST BETWEEN 2ND AVE AND 3RD AVE,1,Property Damage Only Collision,Angles,2,2,0,0,0,4/28/09 22:34,Overcast,Wet,Dark - Street Lights On,Downtown-Pioneer Square,-122.3336487,47.59876784
-122.329187,47.60369752,5TH AVE AND JAMES ST,1,Property Damage Only Collision,Angles,2,2,0,0,0,1/8/19 11:50,Raining,Wet,Daylight,Downtown-Pioneer Square,-122.3336487,47.59876784
-122.3290919,47.60275157,JEFFERSON ST BETWEEN 4TH AVE AND 5TH AVE,2,Injury Collision,Sideswipe,2,2,1,0,0,5/12/19 11:31,Clear or Partly Cloudy,Dry,Daylight,Downtown-Pioneer Square,-122.3336487,47.59876784
-122.3280786,47.60416123,6TH AVE AND JAMES ST,1,Property Damage Only Collision,Left Turn,2,2,0,0,0,4/5/13 14:45,Overcast,Dry,Daylight,Downtown-Pioneer Square,-122.3336487,47.59876784
-122.3332682,47.5967848,OCCIDENTAL AVE S BETWEEN S KING W ST AND RAILROAD WAY S,2,Injury Collision,Pedestrian,2,1,1,0,0,12/16/18 0:11,Raining,Wet,Dark - Street Lights On,Downtown-Pioneer Square,-122.3336487,47.59876784
-122.3280786,47.60416123,6TH AVE AND JAMES ST,2,Injury Collision,Left Turn,2,2,1,0,0,4/7/13 8:07,Raining,Wet,Daylight,Downtown-Pioneer Square,-122.3336487,47.59876784
-122.3275245,47.60439327,JAMES ST BETWEEN 6TH AVE AND 7TH AVE,1,Property Damage Only Collision,Angles,3,3,0,0,0,9/17/04 16:48,Clear or Partly Cloudy,Dry,Daylight,Downtown-Pioneer Square,-122.3336487,47.59876784
-122.3290469,47.59538697,4TH AVE S BETWEEN SEATTLE BLVD S AND I90 WB 4TH AV OFF RP,2,Injury Collision,Cycles,2,1,1,0,0,4/21/04 12:45,Clear or Partly Cloudy,Wet,Daylight,Downtown-Pioneer Square,-122.3336487,47.59876784
-122.329744,47.60346437,JAMES ST BETWEEN 4TH AVE AND 5TH AVE,1,Property Damage Only Collision,Other,1,1,0,0,0,5/22/04 22:50,Clear or Partly Cloudy,Dry,Dark - Street Lights On,Downtown-Pioneer Square,-122.3336487,47.59876784
-122.3325194,47.6023056,2ND AVE AND JAMES ST,1,Property Damage Only Collision,Angles,5,2,0,0,0,5/1/04,Clear or Partly Cloudy,Dry,Daylight,Downtown-Pioneer Square,-122.3336487,47.59876784
-122.3302975,47.60323265,4TH AVE AND JAMES ST,1,Property Damage Only Collision,Right Turn,2,2,0,0,0,4/12/19 17:56,Clear or Partly Cloudy,Dry,Daylight,Downtown-Pioneer Square,-122.3336487,47.59876784
-122.332619,47.60325092,CHERRY ST BETWEEN 2ND AVE AND 3RD AVE,0,Unknown,,0,0,0,0,0,1/1/18,,,,Downtown-Pioneer Square,-122.3336487,47.59876784
-122.3346068,47.60291078,1ST AVE BETWEEN CHERRY ST AND COLUMBIA ST,1,Property Damage Only Collision,Rear Ended,2,2,0,0,0,10/30/04 17:45,Clear or Partly Cloudy,Dry,Daylight,Downtown-Pioneer Square,-122.3336487,47.59876784
-122.3341865,47.5996259,1ST AVE S BETWEEN S MAIN ST AND S JACKSON ST,2,Injury Collision,Cycles,2,1,1,0,0,4/11/13 14:09,Raining,Wet,Daylight,Downtown-Pioneer Square,-122.3336487,47.59876784
-122.3302648,47.60171616,3RD AVE AND YESLER WAY,2,Injury Collision,Pedestrian,2,1,1,0,0,1/11/19 8:24,Overcast,Dry,Daylight,Downtown-Pioneer Square,-122.3336487,47.59876784
-122.3289626,47.60087544,4TH AVE S AND S WASHINGTON ST,2,Injury Collision,Angles,7,2,1,0,0,7/18/04 1:21,Clear or Partly Cloudy,Dry,Dark - Street Lights On,Downtown-Pioneer Square,-122.3336487,47.59876784
-122.3354566,47.60046899,ALASKAN E RDWY WAY S BETWEEN S WASHINGTON ST AND S MAIN ST,2,Injury Collision,Rear Ended,3,3,1,0,0,4/3/13 8:33,Clear or Partly Cloudy,Dry,Daylight,Downtown-Pioneer Square,-122.3336487,47.59876784
-122.3306237,47.60358939,4TH AVE BETWEEN JAMES ST AND CHERRY ST,1,Property Damage Only Collision,Sideswipe,2,2,0,0,0,4/5/13 15:39,Clear or Partly Cloudy,Dry,Daylight,Downtown-Pioneer Square,-122.3336487,47.59876784
-122.3302975,47.60323265,4TH AVE AND JAMES ST,0,Unknown,,0,0,0,0,0,11/8/04,,,,Downtown-Pioneer Square,-122.3336487,47.59876784
-122.3287335,47.60487637,6TH AVE AND CHERRY ST,1,Property Damage Only Collision,Angles,4,2,0,0,0,2/7/04,Overcast,Dry,Dark - Street Lights On,Downtown-Pioneer Square,-122.3336487,47.59876784
-122.3275245,47.60439327,JAMES ST BETWEEN 6TH AVE AND 7TH AVE,1,Property Damage Only Collision,Rear Ended,2,2,0,0,0,7/23/04 11:50,Clear or Partly Cloudy,Dry,Daylight,Downtown-Pioneer Square,-122.3336487,47.59876784
-122.334188,47.59920483,1ST AVE S AND S JACKSON ST,1,Property Damage Only Collision,Sideswipe,2,2,0,0,0,4/12/13 15:50,Raining,Wet,Daylight,Downtown-Pioneer Square,-122.3336487,47.59876784
-122.3309288,47.59919974,S JACKSON ST BETWEEN 2ND AVE S AND 3RD AVE S,1,Property Damage Only Collision,Sideswipe,3,2,0,0,0,4/8/13 10:32,Clear or Partly Cloudy,Dry,Daylight,Downtown-Pioneer Square,-122.3336487,47.59876784
-122.3275245,47.60439327,JAMES ST BETWEEN 6TH AVE AND 7TH AVE,1,Property Damage Only Collision,Angles,2,2,0,0,0,11/26/04 22:45,Raining,Wet,Dark - Street Lights On,Downtown-Pioneer Square,-122.3336487,47.59876784
-122.334188,47.59920483,1ST AVE S AND S JACKSON ST,1,Property Damage Only Collision,Left Turn,2,2,0,0,0,4/12/13 17:40,Raining,Wet,Daylight,Downtown-Pioneer Square,-122.3336487,47.59876784
-122.3341786,47.60172234,1ST AVE AND YESLER WAY,0,Unknown,,0,0,0,0,0,10/30/04,,,,Downtown-Pioneer Square,-122.3336487,47.59876784
-122.3280786,47.60416123,6TH AVE AND JAMES ST,1,Property Damage Only Collision,Angles,5,2,0,0,0,4/7/13 8:07,Raining,Wet,Daylight,Downtown-Pioneer Square,-122.3336487,47.59876784
-122.3348001,47.59829282,S KING ST BETWEEN ALASKAN E RDWY WAY S AND 1ST AVE S,1,Property Damage Only Collision,Parked Car,2,2,0,0,0,2/11/04 23:30,Clear or Partly Cloudy,Dry,Dark - Street Lights On,Downtown-Pioneer Square,-122.3336487,47.59876784
-122.3290487,47.59334116,4TH AVE S BETWEEN I90 WB 4TH AV OFF RP AND S ROYAL BROUGHAM WAY,2,Injury Collision,Other,2,2,1,0,0,3/28/13 6:41,Raining,Wet,Daylight,Downtown-Pioneer Square,-122.3336487,47.59876784
-122.3303986,47.60417996,CHERRY ST BETWEEN 4TH AVE AND 5TH AVE,1,Property Damage Only Collision,Parked Car,3,2,0,0,0,6/15/04 15:18,Clear or Partly Cloudy,Dry,Daylight,Downtown-Pioneer Square,-122.3336487,47.59876784
-122.3290487,47.59334116,4TH AVE S BETWEEN I90 WB 4TH AV OFF RP AND S ROYAL BROUGHAM WAY,1,Property Damage Only Collision,Rear Ended,2,2,0,0,0,12/17/04 17:13,Clear or Partly Cloudy,Dry,Dusk,Downtown-Pioneer Square,-122.3336487,47.59876784
-122.3341832,47.60046507,1ST AVE S BETWEEN S WASHINGTON ST AND S MAIN ST,2,Injury Collision,Parked Car,4,2,2,0,0,5/22/04 2:28,Clear or Partly Cloudy,Dry,Dark - Street Lights On,Downtown-Pioneer Square,-122.3336487,47.59876784
-122.3290462,47.59648601,4TH AVE S AND SEATTLE BLVD S,1,Property Damage Only Collision,Angles,2,2,0,0,0,4/1/04,Clear or Partly Cloudy,Dry,Daylight,Downtown-Pioneer Square,-122.3336487,47.59876784
-122.3285349,47.60298463,5TH AVE AND JEFFERSON ST,2,Injury Collision,Sideswipe,3,2,2,0,0,5/25/04 12:34,Clear or Partly Cloudy,Dry,Daylight,Downtown-Pioneer Square,-122.3336487,47.59876784
-122.3315808,47.59828765,2ND AVE S AND S KING ST,1,Property Damage Only Collision,Rear Ended,2,2,0,0,0,6/27/04 2:51,Clear or Partly Cloudy,Dry,Dark - Street Lights On,Downtown-Pioneer Square,-122.3336487,47.59876784
-122.3287335,47.60487637,6TH AVE AND CHERRY ST,1,Property Damage Only Collision,Left Turn,2,2,0,0,0,5/8/04,Clear or Partly Cloudy,Dry,Dark - Street Lights On,Downtown-Pioneer Square,-122.3336487,47.59876784
-122.3294356,47.60228976,4TH AVE AND DILLING WAY,1,Property Damage Only Collision,Left Turn,2,2,0,0,0,5/17/04 12:15,Clear or Partly Cloudy,Dry,Daylight,Downtown-Pioneer Square,-122.3336487,47.59876784
-122.3325194,47.6023056,2ND AVE AND JAMES ST,0,Unknown,,0,0,0,0,0,12/31/04,,,,Downtown-Pioneer Square,-122.3336487,47.59876784
-122.3319657,47.60253667,JAMES ST BETWEEN 2ND AVE AND 3RD AVE,0,Unknown,,0,0,0,0,0,11/10/04,,,,Downtown-Pioneer Square,-122.3336487,47.59876784
-122.3332687,47.59383727,OCCIDENTAL AVE S BETWEEN RAILROAD WAY S AND S ROYAL BROUGHAM WAY,1,Property Damage Only Collision,Right Turn,2,2,0,0,0,3/5/04,Overcast,Dry,Daylight,Downtown-Pioneer Square,-122.3336487,47.59876784
-122.3290497,47.59428794,4TH AVE S AND I90 WB 4TH AV OFF RP,2,Injury Collision,Rear Ended,2,2,1,0,0,6/10/04 10:36,Clear or Partly Cloudy,Wet,Daylight,Downtown-Pioneer Square,-122.3336487,47.59876784
-122.3314085,47.60276918,3RD AVE AND JAMES ST,0,Unknown,,0,0,0,0,0,9/30/04,,,,Downtown-Pioneer Square,-122.3336487,47.59876784
-122.3616511,47.62126697,ELLIOTT AVE W BETWEEN W THOMAS N ST AND 4TH AVE W,1,Property Damage Only Collision,Rear Ended,2,2,0,0,0,7/31/06 11:23,Clear or Partly Cloudy,Dry,Daylight,Interbay-Interbay,-122.3784016,47.64185564
-122.3761541,47.63965455,15TH AVE W BETWEEN W BOSTON ST AND W WHEELER ST,3,Fatality Collision,Pedestrian,2,1,0,0,1,12/12/18 22:07,Raining,Wet,Dark - Street Lights On,Interbay-Interbay,-122.3784016,47.64185564
-122.3833149,47.6433842,21ST AVE W BETWEEN ELLIOTT BAY TRL AND THORNDYKE AVE W,2,Injury Collision,Cycles,2,1,1,0,0,8/9/06,Clear or Partly Cloudy,Dry,Daylight,Interbay-Interbay,-122.3784016,47.64185564
-122.3670236,47.62559265,ELLIOTT AVE W BETWEEN W MERCER ST AND W MERCER PL,1,Property Damage Only Collision,Parked Car,3,2,0,0,0,3/25/13 2:27,Clear or Partly Cloudy,Dry,Dark - Street Lights On,Interbay-Interbay,-122.3784016,47.64185564
-122.3762178,47.65421475,15TH AVE W BETWEEN W EMERSON ST AND BALLARD BR,2,Injury Collision,Rear Ended,2,2,1,0,0,6/13/06 15:25,Clear or Partly Cloudy,Dry,Daylight,Interbay-Interbay,-122.3784016,47.64185564
-122.3670236,47.62559265,ELLIOTT AVE W BETWEEN W MERCER ST AND W MERCER PL,0,Unknown,,0,0,0,0,0,5/11/19,,,,Interbay-Interbay,-122.3784016,47.64185564
-122.3775074,47.65033985,16TH AVE W AND W BERTONA ST,2,Injury Collision,Angles,2,2,2,0,0,4/12/16 16:28,Raining,Wet,Daylight,Interbay-Interbay,-122.3784016,47.64185564
-122.3763004,47.65305688,15TH EMERSON RP BETWEEN 15TH AV W ON RP AND EMERSON TURN RD,2,Injury Collision,Head On,0,2,1,0,0,3/27/15 20:27,Overcast,Dry,Dark - No Street Lights,Interbay-Interbay,-122.3784016,47.64185564
-122.3772754,47.6526753,THORNDYKE AVE W BETWEEN 16TH AVE W AND DEAD END,0,Unknown,,0,0,0,0,0,12/4/17,,,,Interbay-Interbay,-122.3784016,47.64185564
-122.3819897,47.65033189,20TH AVE W AND GILMAN AVE W,2,Injury Collision,Cycles,2,1,1,0,0,5/31/16 18:25,Clear or Partly Cloudy,Dry,Daylight,Interbay-Interbay,-122.3784016,47.64185564
-122.3782468,47.63349091,MAGNOLIA BR BETWEEN MAGNOLIA BR OFF RP AND MAGNOLIA EB E BR,1,Property Damage Only Collision,Other,1,1,0,0,0,3/26/08 23:51,Overcast,Wet,Unknown,Interbay-Interbay,-122.3784016,47.64185564
-122.368357,47.62658452,ELLIOTT AVE W AND W MERCER PL,1,Property Damage Only Collision,Sideswipe,5,2,0,0,0,9/6/09,Raining,Wet,Daylight,Interbay-Interbay,-122.3784016,47.64185564
-122.3828418,47.6334878,MAGNOLIA BR BETWEEN MAGNOLIA EB W BR AND W GARFIELD ST OFF RP,0,Unknown,,0,0,0,0,0,12/28/04,,,,Interbay-Interbay,-122.3784016,47.64185564
-122.3761428,47.63766086,15TH AVE W AND W ARMORY WAY,2,Injury Collision,Left Turn,3,2,1,0,0,4/10/13 8:20,Raining,Wet,Daylight,Interbay-Interbay,-122.3784016,47.64185564
-122.3763824,47.64844865,15TH AVE W BETWEEN 15TH AV W NB OFF RP AND W BERTONA ST,2,Injury Collision,Rear Ended,4,2,2,0,0,2/24/04 18:33,Clear or Partly Cloudy,Dry,Dark - Street Lights On,Interbay-Interbay,-122.3784016,47.64185564
-122.368357,47.62658452,ELLIOTT AVE W AND W MERCER PL,1,Property Damage Only Collision,Angles,5,2,0,0,0,11/26/04 21:11,Raining,Wet,Dark - Street Lights On,Interbay-Interbay,-122.3784016,47.64185564
-122.3822271,47.65497874,W EMERSON PL BETWEEN FISHERMAN TERM DR AND 21ST AVE W,1,Property Damage Only Collision,Rear Ended,3,2,0,0,0,11/2/04,Raining,Wet,Dark - Street Lights On,Interbay-Interbay,-122.3784016,47.64185564
-122.3772591,47.65399125,15TH EMERSON RP AND W EMERSON ST,1,Property Damage Only Collision,Sideswipe,5,2,0,0,0,4/27/04 17:13,Raining,Wet,Daylight,Interbay-Interbay,-122.3784016,47.64185564
-122.3670236,47.62559265,ELLIOTT AVE W BETWEEN W MERCER ST AND W MERCER PL,2,Injury Collision,Other,5,2,1,0,0,3/17/06 14:27,Clear or Partly Cloudy,Dry,Daylight,Interbay-Interbay,-122.3784016,47.64185564
-122.3761409,47.63671905,15TH AVE W AND W NEWTON ST,1,Property Damage Only Collision,Left Turn,3,2,0,0,0,5/12/19 1:37,Clear or Partly Cloudy,Dry,Dark - Street Lights On,Interbay-Interbay,-122.3784016,47.64185564
-122.3833149,47.6433842,21ST AVE W BETWEEN ELLIOTT BAY TRL AND THORNDYKE AVE W,1,Property Damage Only Collision,Parked Car,2,2,0,0,0,9/1/05,Unknown,Unknown,Unknown,Interbay-Interbay,-122.3784016,47.64185564
-122.3762559,47.6512545,15TH AVE W BETWEEN W BERTONA ST AND W RUFFNER ST,1,Property Damage Only Collision,Rear Ended,2,2,0,0,0,11/4/14 7:36,Raining,Wet,Daylight,Interbay-Interbay,-122.3784016,47.64185564
-122.3833909,47.65663263,21ST AVE W BETWEEN W EMERSON PL AND W ELMORE ST,0,Unknown,,0,0,0,0,0,11/10/15,,,,Interbay-Interbay,-122.3784016,47.64185564
-122.3670236,47.62559265,ELLIOTT AVE W BETWEEN W MERCER ST AND W MERCER PL,2,Injury Collision,Left Turn,3,2,1,0,0,3/6/14 16:26,Clear or Partly Cloudy,Dry,Daylight,Interbay-Interbay,-122.3784016,47.64185564
-122.3771269,47.64846994,W DRAVUS ST BETWEEN 15TH AV W SB OFF RP AND 16TH AVE W,2,Injury Collision,Rear Ended,2,2,1,0,0,4/5/16 9:25,Clear or Partly Cloudy,Dry,Daylight,Interbay-Interbay,-122.3784016,47.64185564
-122.3761358,47.63538625,15TH AVE W BETWEEN W BLAINE ST AND W HOWE ST,1,Property Damage Only Collision,Left Turn,2,2,0,0,0,6/11/10 12:01,Overcast,Dry,Daylight,Interbay-Interbay,-122.3784016,47.64185564
-122.3761541,47.63965455,15TH AVE W BETWEEN W BOSTON ST AND W WHEELER ST,1,Property Damage Only Collision,Parked Car,2,2,0,0,0,3/26/04 16:54,Raining,Wet,Daylight,Interbay-Interbay,-122.3784016,47.64185564
-122.368357,47.62658452,ELLIOTT AVE W AND W MERCER PL,1,Property Damage Only Collision,Rear Ended,2,2,0,0,0,9/28/04 16:30,Clear or Partly Cloudy,Dry,Daylight,Interbay-Interbay,-122.3784016,47.64185564
-122.3772591,47.65399125,15TH EMERSON RP AND W EMERSON ST,0,Unknown,,0,0,0,0,0,12/26/04,,,,Interbay-Interbay,-122.3784016,47.64185564
-122.3833909,47.65663263,21ST AVE W BETWEEN W EMERSON PL AND W ELMORE ST,1,Property Damage Only Collision,Head On,5,4,0,0,0,2/6/19 15:01,Clear or Partly Cloudy,Dry,Daylight,Interbay-Interbay,-122.3784016,47.64185564
-122.3774985,47.64846703,16TH AVE W AND W DRAVUS ST,1,Property Damage Only Collision,Left Turn,2,2,0,0,0,4/28/04 14:42,Clear or Partly Cloudy,Dry,Daylight,Interbay-Interbay,-122.3784016,47.64185564
-122.3828418,47.6334878,MAGNOLIA BR BETWEEN MAGNOLIA EB W BR AND W GARFIELD ST OFF RP,2,Injury Collision,Other,2,2,1,0,0,7/17/04 2:40,Clear or Partly Cloudy,Dry,Dark - Street Lights On,Interbay-Interbay,-122.3784016,47.64185564
-122.3616511,47.62126697,ELLIOTT AVE W BETWEEN W THOMAS N ST AND 4TH AVE W,0,Unknown,,0,0,0,0,0,7/30/04,,,,Interbay-Interbay,-122.3784016,47.64185564
-122.3670236,47.62559265,ELLIOTT AVE W BETWEEN W MERCER ST AND W MERCER PL,1,Property Damage Only Collision,Parked Car,2,2,0,0,0,5/3/04,Clear or Partly Cloudy,Dry,Daylight,Interbay-Interbay,-122.3784016,47.64185564
-122.3809191,47.65408499,W EMERSON PL BETWEEN W EMERSON ST AND FISHERMAN TERM DR,0,Unknown,,0,0,0,0,0,2/16/04,,,,Interbay-Interbay,-122.3784016,47.64185564
-122.3761486,47.63863286,15TH AVE W AND W BOSTON ST,1,Property Damage Only Collision,Angles,2,2,0,0,0,8/26/04 14:58,Clear or Partly Cloudy,Dry,Daylight,Interbay-Interbay,-122.3784016,47.64185564
-122.376432,47.64847254,W DRAVUS ST BETWEEN 15TH AV W NB OFF RP AND 15TH AV W SB OFF RP,0,Unknown,,0,0,0,0,0,11/10/04,,,,Interbay-Interbay,-122.3784016,47.64185564
-122.3868564,47.55841117,CALIFORNIA AVE SW BETWEEN ERSKINE WAY SW AND SW HUDSON ST,1,Property Damage Only Collision,Parked Car,2,2,0,0,0,5/12/19 2:10,Clear or Partly Cloudy,Dry,Dark - Street Lights On,West Seattle-Seaview,-122.3954869,47.55050352
-122.392549,47.54630205,47TH AVE SW BETWEEN SW GRAHAM ST AND SW EDDY ST,2,Injury Collision,Angles,3,2,1,0,0,5/14/19 15:26,Overcast,Dry,Daylight,West Seattle-Seaview,-122.3954869,47.55050352
-122.3868981,47.55697692,CALIFORNIA AVE SW BETWEEN SW HUDSON ST AND SW DAWSON N ST,0,Unknown,,0,0,0,0,0,3/31/13,,,,West Seattle-Seaview,-122.3954869,47.55050352
-122.3935659,47.55935313,48TH AVE SW AND SW EDMUNDS ST,1,Property Damage Only Collision,Angles,3,2,0,0,0,5/14/19 16:56,Raining,Wet,Daylight,West Seattle-Seaview,-122.3954869,47.55050352
-122.3937698,47.55027851,48TH AVE SW AND SW JUNEAU ST,0,Unknown,,0,0,0,0,0,7/4/09,,,,West Seattle-Seaview,-122.3954869,47.55050352
-122.3994026,47.55448078,BEACH DR SW BETWEEN SW CANADA DR AND SW SHORE PL,2,Injury Collision,Left Turn,2,2,1,0,0,8/5/16 16:35,Clear or Partly Cloudy,Dry,Daylight,West Seattle-Seaview,-122.3954869,47.55050352
-122.3886772,47.54670258,44TH AVE SW AND SW GRAHAM ST,1,Property Damage Only Collision,Parked Car,4,3,0,0,0,2/23/18 19:29,Clear or Partly Cloudy,Dry,Dark - No Street Lights,West Seattle-Seaview,-122.3954869,47.55050352
-122.3923807,47.55218211,47TH AVE SW AND SW FINDLAY ST,1,Property Damage Only Collision,Angles,2,2,0,0,0,9/3/16 8:46,Overcast,Wet,Daylight,West Seattle-Seaview,-122.3954869,47.55050352
-122.3910989,47.55216599,46TH AVE SW AND SW FINDLAY ST,1,Property Damage Only Collision,Angles,3,2,0,0,0,1/3/12 16:00,Raining,Wet,Dusk,West Seattle-Seaview,-122.3954869,47.55050352
-122.3868564,47.55841117,CALIFORNIA AVE SW BETWEEN ERSKINE WAY SW AND SW HUDSON ST,1,Property Damage Only Collision,Angles,2,2,0,0,0,4/6/13 12:25,Raining,Wet,Daylight,West Seattle-Seaview,-122.3954869,47.55050352
-122.3979892,47.55261312,BEACH DR SW BETWEEN SW SHORE PL AND SW JUNEAU ST,1,Property Damage Only Collision,Parked Car,0,2,0,0,0,4/6/13 0:35,Raining,Wet,Dark - Street Lights On,West Seattle-Seaview,-122.3954869,47.55050352
-122.3937342,47.55123448,48TH AVE SW BETWEEN SW FINDLAY ST AND SW JUNEAU ST,2,Injury Collision,Parked Car,2,2,1,0,0,3/19/04 0:40,Overcast,Dry,Dark - Street Lights On,West Seattle-Seaview,-122.3954869,47.55050352
-122.389794,47.55304136,45TH AVE SW BETWEEN SW BRANDON ST AND SW FINDLAY ST,0,Unknown,,2,0,0,0,0,8/28/19,,,,West Seattle-Seaview,-122.3954869,47.55050352
-122.3798223,47.54474885,SW MORGAN ST BETWEEN 37TH AVE SW AND 38TH AVE SW,1,Property Damage Only Collision,Parked Car,3,3,0,0,0,1/12/06 3:33,Overcast,Dry,Dark - Street Lights On,West Seattle-Gatewood,-122.3869738,47.53745749
-122.3922472,47.53963355,SW MYRTLE ST BETWEEN 46TH AVE SW AND 47TH AVE SW,1,Property Damage Only Collision,,1,0,0,0,0,5/9/19,,,,West Seattle-Gatewood,-122.3869738,47.53745749
-122.3872562,47.54110932,CALIFORNIA AVE SW BETWEEN SW MILLS ST AND SW FRONTENAC ST,0,Unknown,,0,0,0,0,0,5/11/19,,,,West Seattle-Gatewood,-122.3869738,47.53745749
-122.3897649,47.5442748,FAUNTLEROY WAY SW BETWEEN FAUNTLEROY WR N WAY SW AND FAUNTLEROY WR S WAY SW,2,Injury Collision,Sideswipe,2,2,1,0,0,8/28/05 20:20,Raining,Wet,Dark - Street Lights On,West Seattle-Gatewood,-122.3869738,47.53745749
-122.3764666,47.54377358,35TH AVE SW BETWEEN SW MORGAN ST AND SW HOLLY ST,2,Injury Collision,Rear Ended,3,3,2,0,0,12/13/18 7:46,Raining,Wet,Daylight,West Seattle-Gatewood,-122.3869738,47.53745749
-122.3764666,47.54377358,35TH AVE SW BETWEEN SW MORGAN ST AND SW HOLLY ST,2,Injury Collision,Pedestrian,7,1,1,0,0,1/15/06 17:35,Overcast,Dry,Dark - Street Lights On,West Seattle-Gatewood,-122.3869738,47.53745749
-122.3791567,47.54391336,37TH AVE SW BETWEEN SW MORGAN ST AND SW WARSAW ST,1,Property Damage Only Collision,Parked Car,2,2,0,0,0,3/21/04 18:26,Unknown,Unknown,Unknown,West Seattle-Gatewood,-122.3869738,47.53745749
-122.3764666,47.54377358,35TH AVE SW BETWEEN SW MORGAN ST AND SW HOLLY ST,1,Property Damage Only Collision,Sideswipe,3,3,0,0,0,5/21/10 21:36,Overcast,Wet,Dark - Street Lights On,West Seattle-Gatewood,-122.3869738,47.53745749
-122.3879566,47.54474608,FAUNTLEROY WAY SW BETWEEN CALIFORNIA AVE SW AND 44TH AVE SW,2,Injury Collision,Left Turn,2,2,1,0,0,7/7/16 9:05,Overcast,Dry,Dawn,West Seattle-Gatewood,-122.3869738,47.53745749
-122.3864803,47.54499682,FAUNTLEROY WAY SW BETWEEN 42ND AVE SW AND CALIFORNIA AVE SW,0,Unknown,,0,0,0,0,0,5/11/13,,,,West Seattle-Gatewood,-122.3869738,47.53745749
-122.376582,47.53830819,35TH AVE SW BETWEEN SW MYRTLE ST AND SW OTHELLO ST,2,Injury Collision,Rear Ended,2,2,1,0,0,5/6/08,Clear or Partly Cloudy,Dry,Daylight,West Seattle-Gatewood,-122.3869738,47.53745749
-122.3879566,47.54474608,FAUNTLEROY WAY SW BETWEEN CALIFORNIA AVE SW AND 44TH AVE SW,1,Property Damage Only Collision,,2,0,0,0,0,4/5/13,,,,West Seattle-Gatewood,-122.3869738,47.53745749
-122.3765894,47.53739389,35TH AVE SW AND SW OTHELLO ST,1,Property Damage Only Collision,Angles,2,2,0,0,0,8/9/04,Clear or Partly Cloudy,Dry,Daylight,West Seattle-Gatewood,-122.3869738,47.53745749
-122.3872148,47.54487201,CALIFORNIA AVE SW AND FAUNTLEROY WAY SW,1,Property Damage Only Collision,Rear Ended,2,2,0,0,0,5/12/19 14:10,Clear or Partly Cloudy,Dry,Daylight,West Seattle-Gatewood,-122.3869738,47.53745749
-122.396157,47.53885677,BEACH DR SW BETWEEN 48TH AVE SW AND DEAD END,1,Property Damage Only Collision,Parked Car,2,2,0,0,0,5/1/04,Clear or Partly Cloudy,Dry,Dark - Street Lights On,West Seattle-Gatewood,-122.3869738,47.53745749
-122.3793011,47.533454,37TH AVE SW AND SW HOLDEN ST,2,Injury Collision,Angles,4,2,3,0,0,10/11/16 21:06,Clear or Partly Cloudy,Dry,Daylight,West Seattle-Gatewood,-122.3869738,47.53745749
-122.3872247,47.54397488,CALIFORNIA AVE SW BETWEEN FAUNTLEROY WAY SW AND SW HOLLY ST,1,Property Damage Only Collision,Other,2,2,0,0,0,3/7/08,Clear or Partly Cloudy,Dry,Daylight,West SEATTLE-Gatewood,-122.3869738,47.53745749
-122.3765745,47.53921975,35TH AVE SW AND SW MYRTLE ST,2,Injury Collision,Left Turn,3,2,1,0,0,6/27/08 15:12,Clear or Partly Cloudy,Dry,Daylight,West Seattle-Gatewood,-122.3869738,47.53745749
-122.3783721,47.5368181,36TH AVE SW AND SW OTHELLO S ST,1,Property Damage Only Collision,Other,1,1,0,0,0,7/10/09 0:46,Clear or Partly Cloudy,Dry,Dark - Street Lights On,West Seattle-Gatewood,-122.3869738,47.53745749
-122.3811539,47.53969853,SW MYRTLE ST BETWEEN 38TH AVE SW AND 39TH AVE SW,1,Property Damage Only Collision,Other,3,1,0,0,0,4/8/13 11:16,Clear or Partly Cloudy,Dry,Daylight,West Seattle-Gatewood,-122.3869738,47.53745749
-122.3879566,47.54474608,FAUNTLEROY WAY SW BETWEEN CALIFORNIA AVE SW AND 44TH AVE SW,0,Unknown,,0,0,0,0,0,10/17/04,,,,West Seattle-Gatewood,-122.3869738,47.53745749
-122.390036,47.54190543,FAUNTLEROY WAY SW BETWEEN SW WILLOW ST AND SW MILLS ST,1,Property Damage Only Collision,Parked Car,2,2,0,0,0,10/20/18 5:00,Clear or Partly Cloudy,Dry,Dark - Street Lights On,West Seattle-Gatewood,-122.3869738,47.53745749