X,Y,LOCATION,SEVERITYCODE,SEVERITYDESC,COLLISIONTYPE,PERSONCOUNT,VEHCOUNT,INJURIES,SERIOUSINJURIES,FATALITIES,INCDTTM,WEATHER,ROADCOND,LIGHTCOND,NEIGHBORHOOD,NX,NY
-122.3929706,47.53751961,47TH AVE SW BETWEEN SW OTHELLO ST AND SW FONTANELLE ST,2,Injury Collision,Other,1,1,1,0,0,4/6/04,Overcast,Dry,Daylight,West Seattle-Gatewood,-122.3869738,47.53745749
-122.3765745,47.53921975,35TH AVE SW AND SW MYRTLE ST,0,Unknown,,0,0,0,0,0,10/28/04,,,,West Seattle-Gatewood,-122.3869738,47.53745749
-122.386019,47.53148829,SW MONROE ST BETWEEN 41ST AVE SW AND CALIFORNIA AVE SW,1,Property Damage Only Collision,Parked Car,2,2,0,0,0,8/9/04,Clear or Partly Cloudy,Dry,Dark - Street Lights On,West Seattle-Gatewood,-122.3869738,47.53745749
-122.3879566,47.54474608,FAUNTLEROY WAY SW BETWEEN CALIFORNIA AVE SW AND 44TH AVE SW,0,Unknown,,0,0,0,0,0,11/3/04,,,,West Seattle-Gatewood,-122.3869738,47.53745749
-122.3833514,47.52918325,SW ROSE ST BETWEEN 39TH AVE SW AND 41ST AVE SW,1,Property Damage Only Collision,Parked Car,2,2,0,0,0,1/1/04,Overcast,Wet,Dark - Street Lights On,West Seattle-Gatewood,-122.3869738,47.53745749
-122.3761823,47.4994904,35TH AVE SW BETWEEN 37TH AVE SW AND MARINE VIEW DR SW,1,Property Damage Only Collision,Parked Car,4,4,0,0,0,6/24/04 19:43,Clear or Partly Cloudy,Dry,Daylight,West Seattle-Arbor Heights,-122.3810619,47.50696689
-122.3914266,47.51634057,MARINE VIEW DR SW BETWEEN 45TH AVE SW AND 46TH AVE SW,1,Property Damage Only Collision,Other,0,1,0,0,0,10/3/17 17:34,Clear or Partly Cloudy,Dry,Daylight,West Seattle-Arbor Heights,-122.3810619,47.50696689
-122.3778172,47.49956612,MARINE VIEW DR SW BETWEEN SW OCEAN VIEW DR AND 35TH AVE SW,2b,Serious Injury Collision,Cycles,3,1,1,1,0,4/4/09,Clear or Partly Cloudy,Dry,Daylight,West Seattle-Arbor Heights,-122.3810619,47.50696689
-122.3914266,47.51634057,MARINE VIEW DR SW BETWEEN 45TH AVE SW AND 46TH AVE SW,1,Property Damage Only Collision,Other,1,1,0,0,0,4/7/13 3:18,Raining,Wet,Dark - Street Lights On,West Seattle-Arbor Heights,-122.3810619,47.50696689
-122.3752992,47.50818977,SW 106TH ST BETWEEN 34TH AVE SW AND 35TH AVE SW,1,Property Damage Only Collision,Rear Ended,2,2,0,0,0,3/10/04 8:29,Clear or Partly Cloudy,Dry,Daylight,West Seattle-Arbor Heights,-122.3810619,47.50696689
-122.3771678,47.51098488,36TH AVE SW BETWEEN SW 102ND ST AND SW 104TH ST,1,Property Damage Only Collision,Other,1,1,0,0,0,11/27/17 9:50,Overcast,Wet,Daylight,West Seattle-Arbor Heights,-122.3810619,47.50696689
-122.3768207,47.51701742,35TH AVE SW BETWEEN SW ROXBURY ST AND SW 97TH ST,1,Property Damage Only Collision,Sideswipe,2,2,0,0,0,7/9/04,Clear or Partly Cloudy,Dry,Daylight,West Seattle-Arbor Heights,-122.3810619,47.50696689
-122.3759826,47.50684502,35TH AVE SW BETWEEN SW 107TH ST AND SW 108TH ST,0,Unknown,,0,0,0,0,0,10/28/04,,,,West Seattle-Arbor Heights,-122.3810619,47.50696689
-122.3842523,47.59461779,HARBOR AVE SW BETWEEN ALKI AVE SW AND SW CALIFORNIA PL,1,Property Damage Only Collision,Rear Ended,3,2,0,0,0,12/4/04,Raining,Wet,Dark - Street Lights On,West SEATTLE-ALKI,-122.4011623,47.57650581
-122.4119786,47.57825038,62ND AVE SW BETWEEN ALKI AVE SW AND SW STEVENS ST,1,Property Damage Only Collision,Parked Car,2,2,0,0,0,3/24/13 17:00,Clear or Partly Cloudy,Dry,Daylight,West Seattle-Alki,-122.4011623,47.57650581
-122.4139355,47.57817678,ALKI AVE SW BETWEEN 63RD AVE SW AND 64TH AVE SW,1,Property Damage Only Collision,Parked Car,2,2,0,0,0,11/12/06 0:27,Raining,Wet,Dark - Street Lights On,West Seattle-Alki,-122.4011623,47.57650581
-122.4171129,47.57730184,ALKI AVE SW BETWEEN 64TH PL SW AND POINT PL SW,1,Property Damage Only Collision,Parked Car,2,2,0,0,0,5/11/19 17:00,Other,Unknown,Unknown,West Seattle-Alki,-122.4011623,47.57650581
-122.4096548,47.57061932,60TH AVE SW BETWEEN SW ORLEANS ST AND SW CHARLESTOWN W ST,0,Unknown,,0,0,0,0,0,11/20/18,,,,West Seattle-Alki,-122.4011623,47.57650581
-122.3916704,47.59198114,ALKI AVE SW BETWEEN SW JERSEY ST AND SW ARKANSAS ST,2b,Serious Injury Collision,Cycles,3,1,1,1,0,5/10/19 19:46,Clear or Partly Cloudy,Dry,Daylight,West Seattle-Alki,-122.4011623,47.57650581
-122.4081055,47.57681808,59TH AVE SW BETWEEN SW STEVENS ST AND SW ADMIRAL WAY,1,Property Damage Only Collision,Parked Car,3,2,0,0,0,3/29/13 15:18,Clear or Partly Cloudy,Dry,Daylight,West Seattle-Alki,-122.4011623,47.57650581
-122.4084548,47.56855922,59TH AVE SW AND SW ANDOVER ST,1,Property Damage Only Collision,Parked Car,2,2,0,0,0,12/6/12 21:00,Unknown,Unknown,Unknown,West Seattle-Alki,-122.4011623,47.57650581
-122.4094098,47.57680636,60TH AVE SW BETWEEN SW STEVENS ST AND SW ADMIRAL WAY,1,Property Damage Only Collision,Parked Car,2,2,0,0,0,5/29/11 6:00,Clear or Partly Cloudy,Dry,Daylight,West Seattle-Alki,-122.4011623,47.57650581
-122.3894577,47.59406406,ALKI AVE SW BETWEEN SW RHODE ISLAND ST AND SW JERSEY ST,1,Property Damage Only Collision,Parked Car,2,2,0,0,0,7/22/12 21:36,Clear or Partly Cloudy,Dry,Dusk,West Seattle-Alki,-122.4011623,47.57650581
-122.4067024,47.56397624,BEACH DR SW BETWEEN SW GENESEE ST AND SW OREGON ST,1,Property Damage Only Collision,Parked Car,2,2,0,0,0,7/4/07,Clear or Partly Cloudy,Dry,Daylight,West SEATTLE-ALKI,-122.4011623,47.57650581
-122.4062226,47.57636222,SW WINTHROP ST BETWEEN 57TH AVE SW AND SW HANFORD ST,1,Property Damage Only Collision,Parked Car,2,2,0,0,0,4/1/04,Clear or Partly Cloudy,Dry,Dark - Street Lights On,West Seattle-Alki,-122.4011623,47.57650581
-122.4039884,47.58063628,56TH AVE SW BETWEEN ALKI AVE SW AND SW LANDER ST,1,Property Damage Only Collision,Rear Ended,2,2,0,0,0,4/25/04 14:30,Clear or Partly Cloudy,Dry,Daylight,West Seattle-Alki,-122.4011623,47.57650581
-122.4075795,47.56537195,BEACH DR SW BETWEEN SW DOUGLAS PL AND SW GENESEE ST,1,Property Damage Only Collision,Parked Car,2,2,0,0,0,2/21/19 17:49,Clear or Partly Cloudy,Dry,Dark - Street Lights On,West Seattle-Alki,-122.4011623,47.57650581
-122.3894577,47.59406406,ALKI AVE SW BETWEEN SW RHODE ISLAND ST AND SW JERSEY ST,1,Property Damage Only Collision,Parked Car,2,2,0,0,0,7/16/04 14:34,Clear or Partly Cloudy,Dry,Daylight,West Seattle-Alki,-122.4011623,47.57650581
-122.4114449,47.57410958,SW HINDS ST BETWEEN 61ST AVE SW AND 62ND AVE SW,0,Unknown,,0,0,0,0,0,7/16/04,,,,West Seattle-Alki,-122.4011623,47.57650581
-122.4053755,47.57626548,57TH AVE SW BETWEEN SW WINTHROP ST AND SW HANFORD ST,0,Unknown,,0,0,0,0,0,11/11/18,,,,West Seattle-Alki,-122.4011623,47.57650581
-122.4053753,47.57874511,57TH AVE SW BETWEEN SW LANDER ST AND SW TEIG PL,0,Unknown,,0,0,0,0,0,5/14/16,,,,West Seattle-Alki,-122.4011623,47.57650581
-122.4099896,47.57931722,ALKI AVE SW BETWEEN 60TH AVE SW AND 61ST AVE SW,1,Property Damage Only Collision,Parked Car,2,2,0,0,0,12/4/17 10:41,Clear or Partly Cloudy,Dry,Daylight,West Seattle-Alki,-122.4011623,47.57650581
-122.4056793,47.58106924,ALKI AVE SW BETWEEN 57TH AVE SW AND 58TH AVE SW,1,Property Damage Only Collision,Other,5,2,0,0,0,8/31/13 17:48,Clear or Partly Cloudy,Dry,Daylight,West Seattle-Alki,-122.4011623,47.57650581
-122.3842523,47.59461779,HARBOR AVE SW BETWEEN ALKI AVE SW AND SW CALIFORNIA PL,1,Property Damage Only Collision,Parked Car,2,2,0,0,0,6/18/07 20:46,Unknown,Unknown,Unknown,West Seattle-Alki,-122.4011623,47.57650581
-122.3988643,47.58541137,ALKI AVE SW BETWEEN SW ILLINOIS ST AND BONAIR DR SW,1,Property Damage Only Collision,Parked Car,0,2,0,0,0,8/31/17 12:00,Clear or Partly Cloudy,Dry,Daylight,West Seattle-Alki,-122.4011623,47.57650581
-122.4080526,47.57859629,59TH AVE SW BETWEEN SW LANDER ST AND SW STEVENS ST,1,Property Damage Only Collision,Parked Car,2,2,0,0,0,3/15/13 23:00,Unknown,Unknown,Unknown,West Seattle-Alki,-122.4011623,47.57650581
-122.4107128,47.5768239,61ST AVE SW BETWEEN SW STEVENS ST AND SW ADMIRAL WAY,1,Property Damage Only Collision,Parked Car,2,2,0,0,0,11/12/13 10:52,Clear or Partly Cloudy,Dry,Daylight,West Seattle-Alki,-122.4011623,47.57650581
-122.412623,47.57854819,ALKI AVE SW BETWEEN 62ND AVE SW AND 63RD AVE SW,1,Property Damage Only Collision,Other,1,1,0,0,0,1/1/04,Overcast,Dry,Daylight,West Seattle-Alki,-122.4011623,47.57650581
-122.4081635,47.57305102,59TH AVE SW BETWEEN 59TH AVE SW TURN AND SW SPOKANE ST,1,Property Damage Only Collision,Parked Car,2,2,0,0,0,7/30/04 2:10,Clear or Partly Cloudy,Dry,Dark - Street Lights On,West Seattle-Alki,-122.4011623,47.57650581
-122.3842523,47.59461779,HARBOR AVE SW BETWEEN ALKI AVE SW AND SW CALIFORNIA PL,1,Property Damage Only Collision,Parked Car,2,2,0,0,0,6/5/04,Overcast,Wet,Dark - Street Lights On,West SEATTLE-ALKI,-122.4011623,47.57650581
-122.4094098,47.57680636,60TH AVE SW BETWEEN SW STEVENS ST AND SW ADMIRAL WAY,1,Property Damage Only Collision,Parked Car,2,2,0,0,0,1/14/04 9:00,Raining,Wet,Daylight,West Seattle-Alki,-122.4011623,47.57650581
-122.4171129,47.57730184,ALKI AVE SW BETWEEN 64TH PL SW AND POINT PL SW,1,Property Damage Only Collision,Parked Car,5,4,0,0,0,4/7/13 23:35,Overcast,Wet,Dark - Street Lights On,West Seattle-Alki,-122.4011623,47.57650581
-122.4099896,47.57931722,ALKI AVE SW BETWEEN 60TH AVE SW AND 61ST AVE SW,1,Property Damage Only Collision,Parked Car,2,2,0,0,0,3/28/04 3:56,Clear or Partly Cloudy,Dry,Dark - Street Lights On,West Seattle-Alki,-122.4011623,47.57650581
-122.3988643,47.58541137,ALKI AVE SW BETWEEN SW ILLINOIS ST AND BONAIR DR SW,0,Unknown,,0,0,0,0,0,4/1/13,,,,West Seattle-Alki,-122.4011623,47.57650581
-122.4087788,47.57588016,SW ADMIRAL WAY BETWEEN 59TH AVE SW AND 60TH AVE SW,2,Injury Collision,Rear Ended,2,2,1,0,0,6/14/18 12:57,Clear or Partly Cloudy,Dry,Daylight,West Seattle-Alki,-122.4011623,47.57650581
-122.3988643,47.58541137,ALKI AVE SW BETWEEN SW ILLINOIS ST AND BONAIR DR SW,2,Injury Collision,Angles,2,2,1,0,0,4/7/13 22:30,Overcast,Dry,Dark - Street Lights On,West Seattle-Alki,-122.4011623,47.57650581
-122.4094366,47.57588837,60TH AVE SW AND SW ADMIRAL WAY,0,Unknown,,0,0,0,0,0,8/1/04,,,,West Seattle-Alki,-122.4011623,47.57650581
-122.408731,47.57771566,SW STEVENS ST BETWEEN 59TH AVE SW AND 60TH AVE SW,1,Property Damage Only Collision,Parked Car,2,2,0,0,0,8/20/04 20:30,Clear or Partly Cloudy,Dry,Dark - Street Lights Off,West Seattle-Alki,-122.4011623,47.57650581
-122.4087788,47.57588016,SW ADMIRAL WAY BETWEEN 59TH AVE SW AND 60TH AVE SW,1,Property Damage Only Collision,Parked Car,2,2,0,0,0,2/14/04 0:53,Raining,Wet,Dark - Street Lights On,West Seattle-Alki,-122.4011623,47.57650581
-122.3894577,47.59406406,ALKI AVE SW BETWEEN SW RHODE ISLAND ST AND SW JERSEY ST,0,Unknown,,0,0,0,0,0,3/6/04,,,,West Seattle-Alki,-122.4011623,47.57650581
-122.3864507,47.58349953,CALIFORNIA AVE SW BETWEEN SW WALKER ST AND SW COLLEGE ST,1,Property Damage Only Collision,Parked Car,2,2,0,0,0,3/31/13 13:26,Clear or Partly Cloudy,Dry,Daylight,West Seattle-North Admiral,-122.3873285,47.58162248
-122.3906502,47.58027357,46TH AVE SW BETWEEN SW ADMIRAL WAY AND SW LANDER ST,1,Property Damage Only Collision,Parked Car,2,2,0,0,0,3/26/13 23:40,Clear or Partly Cloudy,Dry,Dark - Street Lights On,West Seattle-North Admiral,-122.3873285,47.58162248
-122.3972976,47.57841088,51ST AVE SW BETWEEN SW ADMIRAL WAY AND SW STEVENS ST,1,Property Damage Only Collision,Parked Car,2,2,0,0,0,12/18/08 3:20,Clear or Partly Cloudy,Ice,Dark - Street Lights On,West Seattle-North Admiral,-122.3873285,47.58162248
-122.386479,47.58299527,CALIFORNIA AVE SW AND SW COLLEGE ST,1,Property Damage Only Collision,Angles,3,2,0,0,0,8/2/04,Clear or Partly Cloudy,Dry,Daylight,West SEATTLE-North ADMIRAL,-122.3873285,47.58162248
-122.3803149,47.57314492,38TH AVE SW AND SW HINDS ST,1,Property Damage Only Collision,Angles,3,2,0,0,0,5/29/09 21:04,Clear or Partly Cloudy,Dry,Dusk,West Seattle-North Admiral,-122.3873285,47.58162248
-122.3865836,47.58025274,CALIFORNIA AVE SW BETWEEN SW ADMIRAL WAY AND SW LANDER ST,1,Property Damage Only Collision,Other,2,1,0,0,0,10/15/08 22:30,Clear or Partly Cloudy,Wet,Dark - Street Lights On,West Seattle-North Admiral,-122.3873285,47.58162248
-122.391931,47.58028519,47TH AVE SW BETWEEN SW ADMIRAL WAY AND SW LANDER ST,1,Property Damage Only Collision,Parked Car,3,2,0,0,0,4/1/13 14:49,Clear or Partly Cloudy,Dry,Daylight,West Seattle-North Admiral,-122.3873285,47.58162248
-122.3822654,47.59012336,CALIFORNIA WAY SW BETWEEN FERRY AVE SW AND HARBOR AVE SW,1,Property Damage Only Collision,Other,1,1,0,0,0,3/25/13 9:05,Clear or Partly Cloudy,Dry,Daylight,West Seattle-North Admiral,-122.3873285,47.58162248
-122.3898608,47.58300162,SW COLLEGE ST BETWEEN 45TH AVE SW AND 46TH AVE SW,0,Unknown,,0,0,0,0,0,10/9/04,,,,West Seattle-North Admiral,-122.3873285,47.58162248
-122.3767073,47.5802748,SW ADMIRAL WAY AND SW OLGA ST,2,Injury Collision,Left Turn,2,2,1,0,0,9/6/06,Clear or Partly Cloudy,Dry,Daylight,West SEATTLE-North ADMIRAL,-122.3873285,47.58162248
-122.3862167,47.57317804,SW HINDS ST BETWEEN 42ND AVE SW AND CALIFORNIA S AVE SW,1,Property Damage Only Collision,Parked Car,2,2,0,0,0,3/25/13 11:00,Unknown,Unknown,Daylight,West Seattle-North Admiral,-122.3873285,47.58162248
-122.3876124,47.58806731,44TH AVE SW AND SW MASSACHUSETTS ST,1,Property Damage Only Collision,Angles,4,4,0,0,0,5/16/19 9:03,Overcast,Dry,Daylight,West Seattle-North Admiral,-122.3873285,47.58162248
-122.3862191,47.57125538,SW MANNING ST BETWEEN 42ND AVE SW AND CALIFORNIA AVE SW,1,Property Damage Only Collision,Parked Car,2,2,0,0,0,10/16/16 10:10,Raining,Wet,Dark - Street Lights On,West Seattle-North Admiral,-122.3873285,47.58162248
-122.3726888,47.57294322,SW ADMIRAL WAY BETWEEN SW ADMIRAL WY OFF RP AND SW CITY VIEW ST,1,Property Damage Only Collision,,1,0,0,0,0,6/26/13,,,,West Seattle-North Admiral,-122.3873285,47.58162248
-122.3858591,47.58119072,SW ADMIRAL WAY BETWEEN 42ND AVE SW AND CALIFORNIA AVE SW,1,Property Damage Only Collision,Angles,2,2,0,0,0,7/23/07 16:30,Clear or Partly Cloudy,Dry,Daylight,West Seattle-North Admiral,-122.3873285,47.58162248
-122.3835744,47.58117288,SW ADMIRAL WAY BETWEEN WALNUT AVE SW AND 41ST AVE SW,2,Injury Collision,Other,1,1,1,0,0,6/3/09,Clear or Partly Cloudy,Dry,Daylight,West Seattle-North Admiral,-122.3873285,47.58162248
-122.3713696,47.57135546,ADMIRAL AVALON RP AND SW MANNING ST,2,Injury Collision,Angles,3,2,1,0,0,7/11/12 8:53,Clear or Partly Cloudy,Dry,Daylight,West Seattle-North Admiral,-122.3873285,47.58162248
-122.3770713,47.58069687,SW ADMIRAL WAY BETWEEN SW OLGA ST AND 37TH E AVE SW,1,Property Damage Only Collision,Other,5,2,0,0,0,9/2/16 21:21,Clear or Partly Cloudy,Dry,Dark - Street Lights On,West Seattle-North Admiral,-122.3873285,47.58162248
-122.3838024,47.58371492,41ST AVE SW BETWEEN SW WALKER ST AND SW COLLEGE N ST,1,Property Damage Only Collision,Parked Car,2,2,0,0,0,6/1/09,Unknown,Dry,Unknown,West Seattle-North Admiral,-122.3873285,47.58162248
-122.3726072,47.57900158,HARBOR AVE SW BETWEEN SW FLORIDA ST AND SW HARBOR LN,2,Injury Collision,Rear Ended,2,2,1,0,0,12/1/09,Clear or Partly Cloudy,Dry,Daylight,West SEATTLE-North ADMIRAL,-122.3873285,47.58162248
-122.3824474,47.58811716,SW MASSACHUSETTS ST BETWEEN ARCH AVE SW AND FERRY AVE SW,1,Property Damage Only Collision,Parked Car,2,2,0,0,0,2/16/17 15:30,Overcast,Dry,Daylight,West Seattle-North Admiral,-122.3873285,47.58162248
-122.3865124,47.58209531,CALIFORNIA AVE SW BETWEEN SW COLLEGE ST AND SW ADMIRAL WAY,0,Unknown,,0,0,0,0,0,2/5/04,,,,West Seattle-North Admiral,-122.3873285,47.58162248
-122.3865124,47.58209531,CALIFORNIA AVE SW BETWEEN SW COLLEGE ST AND SW ADMIRAL WAY,0,Unknown,,0,0,0,0,0,2/1/04,,,,West Seattle-North Admiral,-122.3873285,47.58162248
-122.3893064,47.5793322,45TH AVE SW AND SW LANDER ST,2,Injury Collision,Angles,4,2,3,0,0,6/12/04 12:34,Clear or Partly Cloudy,Dry,Daylight,West Seattle-North Admiral,-122.3873285,47.58162248
-122.3771017,47.57118348,36TH AVE SW AND SW MANNING ST,1,Property Damage Only Collision,Angles,3,2,0,0,0,6/18/04 4:53,Clear or Partly Cloudy,Dry,Dawn,West Seattle-North Admiral,-122.3873285,47.58162248
-122.3866664,47.57815338,CALIFORNIA AVE SW BETWEEN SW LANDER ST AND SW STEVENS ST,1,Property Damage Only Collision,Rear Ended,2,2,0,0,0,4/10/13 15:58,Clear or Partly Cloudy,Dry,Daylight,West Seattle-North Admiral,-122.3873285,47.58162248
-122.4018857,47.57761338,SW STEVENS ST BETWEEN 53RD AVE SW AND SW ADMIRAL WAY,2,Injury Collision,Other,0,1,1,0,0,6/17/04 22:31,Clear or Partly Cloudy,Dry,Dark - Street Lights On,West Seattle-North Admiral,-122.3873285,47.58162248
-122.3885494,47.58118568,SW ADMIRAL WAY BETWEEN 44TH AVE SW AND 45TH AVE SW,1,Property Damage Only Collision,Right Turn,2,2,0,0,0,4/7/13 16:47,Overcast,Wet,Daylight,West Seattle-North Admiral,-122.3873285,47.58162248
-122.3920654,47.57477739,47TH AVE SW BETWEEN SW HANFORD ST AND SW HINDS ST,0,Unknown,,0,0,0,0,0,3/31/13,,,,West Seattle-North Admiral,-122.3873285,47.58162248
-122.3721818,47.57125436,SW MANNING ST BETWEEN ADMIRAL AVALON RP AND FAUNTLEROY WAY SW,1,Property Damage Only Collision,Other,3,2,0,0,0,12/11/06 17:00,Unknown,Wet,Dark - Street Lights On,West Seattle-North Admiral,-122.3873285,47.58162248
-122.3867655,47.57163777,CALIFORNIA AVE SW BETWEEN SW SPOKANE ST AND SW MANNING ST,2,Injury Collision,Parked Car,4,3,1,0,0,10/9/05,Clear or Partly Cloudy,Dry,Dark - Street Lights On,West SEATTLE-North ADMIRAL,-122.3873285,47.58162248
-122.3760741,47.57157266,35TH AVE SW BETWEEN SW SPOKANE ST AND SW MANNING ST,0,Unknown,,1,0,0,0,0,3/23/13,,,,West Seattle-North Admiral,-122.3873285,47.58162248
-122.3865836,47.58025274,CALIFORNIA AVE SW BETWEEN SW ADMIRAL WAY AND SW LANDER ST,1,Property Damage Only Collision,Sideswipe,2,2,0,0,0,3/30/13 20:00,Clear or Partly Cloudy,Dry,Dark - Street Lights On,West Seattle-North Admiral,-122.3873285,47.58162248
-122.3751005,47.57608843,34TH AVE SW AND SW ADMIRAL WAY,1,Property Damage Only Collision,Rear Ended,2,2,0,0,0,10/8/12 16:05,Clear or Partly Cloudy,Dry,Daylight,West Seattle-North Admiral,-122.3873285,47.58162248
-122.3867665,47.57072552,CALIFORNIA AVE SW BETWEEN SW MANNING ST AND SW CHARLESTOWN ST,1,Property Damage Only Collision,,1,0,0,0,0,7/27/12,,,,West Seattle-North Admiral,-122.3873285,47.58162248
-122.3838887,47.58117586,41ST AVE SW AND SW ADMIRAL WAY,2,Injury Collision,Sideswipe,2,2,1,0,0,7/27/07 8:55,Clear or Partly Cloudy,Dry,Daylight,West Seattle-North Admiral,-122.3873285,47.58162248
-122.3893064,47.5793322,45TH AVE SW AND SW LANDER ST,2,Injury Collision,Angles,2,2,1,0,0,9/4/15 17:57,Clear or Partly Cloudy,Dry,Daylight,West Seattle-North Admiral,-122.3873285,47.58162248
-122.3894387,47.5720415,45TH AVE SW AND SW SPOKANE ST,2,Injury Collision,Angles,4,2,3,0,0,10/4/11,Clear or Partly Cloudy,Dry,Daylight,West Seattle-North Admiral,-122.3873285,47.58162248
-122.3890119,47.58745219,45TH AVE SW BETWEEN SW MASSACHUSETTS ST AND SW HOLGATE ST,1,Property Damage Only Collision,Parked Car,2,2,0,0,0,8/4/07,Clear or Partly Cloudy,Dry,Daylight,West Seattle-North Admiral,-122.3873285,47.58162248
-122.3835744,47.58117288,SW ADMIRAL WAY BETWEEN WALNUT AVE SW AND 41ST AVE SW,1,Property Damage Only Collision,Rear Ended,2,2,0,0,0,7/24/13 18:30,Clear or Partly Cloudy,Dry,Daylight,West Seattle-North Admiral,-122.3873285,47.58162248
-122.3878597,47.58117986,44TH AVE SW AND SW ADMIRAL WAY,1,Property Damage Only Collision,Angles,2,2,0,0,0,1/12/08 23:43,Clear or Partly Cloudy,Wet,Dark - Street Lights On,West Seattle-North Admiral,-122.3873285,47.58162248
-122.3866664,47.57815338,CALIFORNIA AVE SW BETWEEN SW LANDER ST AND SW STEVENS ST,1,Property Damage Only Collision,Parked Car,2,2,0,0,0,10/9/13 13:20,Clear or Partly Cloudy,Dry,Daylight,West Seattle-North Admiral,-122.3873285,47.58162248
-122.3924864,47.58080132,SW ADMIRAL WAY BETWEEN 47TH AVE SW AND 48TH AVE SW,2,Injury Collision,Other,2,2,1,0,0,3/15/04 8:06,Overcast,Dry,Daylight,West Seattle-North Admiral,-122.3873285,47.58162248
-122.3858591,47.58119072,SW ADMIRAL WAY BETWEEN 42ND AVE SW AND CALIFORNIA AVE SW,1,Property Damage Only Collision,Rear Ended,3,2,0,0,0,4/9/13 6:28,Clear or Partly Cloudy,Dry,Daylight,West Seattle-North Admiral,-122.3873285,47.58162248
-122.3941128,47.58030327,49TH AVE SW BETWEEN SW WAITE W ST AND SW ADMIRAL WAY,2,Injury Collision,Parked Car,2,2,1,0,0,7/22/04 7:06,Clear or Partly Cloudy,Dry,Dark - Street Lights On,West Seattle-North Admiral,-122.3873285,47.58162248
-122.3781598,47.5731308,37TH AVE SW AND SW HINDS ST,2,Injury Collision,Angles,3,2,2,0,0,10/30/04 9:50,Clear or Partly Cloudy,Dry,Daylight,West Seattle-North Admiral,-122.3873285,47.58162248
-122.3726072,47.57900158,HARBOR AVE SW BETWEEN SW FLORIDA ST AND SW HARBOR LN,1,Property Damage Only Collision,Other,2,2,0,0,0,4/22/04 15:17,Clear or Partly Cloudy,Dry,Daylight,West Seattle-North Admiral,-122.3873285,47.58162248
-122.3838887,47.58117586,41ST AVE SW AND SW ADMIRAL WAY,1,Property Damage Only Collision,Angles,2,2,0,0,0,4/6/13 13:51,Clear or Partly Cloudy,Wet,Daylight,West Seattle-North Admiral,-122.3873285,47.58162248
-122.3781598,47.5731308,37TH AVE SW AND SW HINDS ST,0,Unknown,,0,0,0,0,0,10/11/04,,,,West Seattle-North Admiral,-122.3873285,47.58162248
-122.3749296,47.58412242,HARBOR AVE SW BETWEEN SW BRONSON WAY AND LOTUS AVE SW,1,Property Damage Only Collision,Rear Ended,2,2,0,0,0,2/18/04 9:06,Overcast,Wet,Daylight,West Seattle-North Admiral,-122.3873285,47.58162248
-122.3867616,47.57472511,CALIFORNIA AVE SW BETWEEN SW HANFORD ST AND SW HINDS N ST,2,Injury Collision,Parked Car,3,3,1,0,0,8/14/04 1:50,Clear or Partly Cloudy,Dry,Dark - Street Lights On,West Seattle-North Admiral,-122.3873285,47.58162248
-122.3851725,47.58118609,42ND AVE SW AND SW ADMIRAL WAY,1,Property Damage Only Collision,Left Turn,3,3,0,0,0,4/13/13 14:32,Raining,Wet,Daylight,West Seattle-North Admiral,-122.3873285,47.58162248
-122.3866664,47.57815338,CALIFORNIA AVE SW BETWEEN SW LANDER ST AND SW STEVENS ST,1,Property Damage Only Collision,Parked Car,2,2,0,0,0,4/6/13 23:44,Raining,Wet,Dark - Street Lights On,West Seattle-North Admiral,-122.3873285,47.58162248
-122.3893064,47.5793322,45TH AVE SW AND SW LANDER ST,2,Injury Collision,Angles,2,2,1,0,0,1/12/04 17:44,Raining,Wet,Dark - Street Lights On,West Seattle-North Admiral,-122.3873285,47.58162248
-122.3822538,47.58065837,FAIRMOUNT AVE SW BETWEEN SW PRINCE ST AND SW FOREST ST,1,Property Damage Only Collision,Head On,8,2,0,0,0,4/3/04,Clear or Partly Cloudy,Dry,Daylight,West SEATTLE-North ADMIRAL,-122.3873285,47.58162248
-122.381462,47.55745978,FAUNTLEROY WAY SW AND SW HUDSON ST,1,Property Damage Only Collision,Left Turn,3,2,0,0,0,6/6/04,Overcast,Wet,Daylight,West SEATTLE-FAIRMOUNT PARK,-122.3789337,47.55816357
-122.3829778,47.5520568,40TH AVE SW AND SW FINDLAY ST,0,Unknown,,0,0,0,0,0,3/31/13,,,,West Seattle-Fairmount Park,-122.3789337,47.55816357
-122.3790267,47.55018382,37TH AVE SW AND SW JUNEAU ST,2,Injury Collision,Angles,6,2,1,0,0,12/12/18 18:19,Overcast,Wet,Dark - Street Lights On,West Seattle-Fairmount Park,-122.3789337,47.55816357
-122.3855774,47.55209117,42ND AVE SW AND SW FINDLAY ST,1,Property Damage Only Collision,Angles,6,2,0,0,0,8/19/06 12:09,Clear or Partly Cloudy,Dry,Daylight,West Seattle-Fairmount Park,-122.3789337,47.55816357
-122.3774515,47.56245514,36TH AVE SW BETWEEN SW OREGON ST AND SW SNOQUALMIE ST,1,Property Damage Only Collision,Parked Car,2,2,0,0,0,4/1/13 17:00,Clear or Partly Cloudy,Dry,Daylight,West Seattle-Fairmount Park,-122.3789337,47.55816357