X,Y,LOCATION,SEVERITYCODE,SEVERITYDESC,COLLISIONTYPE,PERSONCOUNT,VEHCOUNT,INJURIES,SERIOUSINJURIES,FATALITIES,INCDTTM,WEATHER,ROADCOND,LIGHTCOND,NEIGHBORHOOD,NX,NY
-122.3870385,47.55211033,CALIFORNIA AVE SW AND SW FINDLAY ST,0,Unknown,,0,0,0,0,0,12/8/04,,,,West Seattle-Fairmount Park,-122.3789337,47.55816357
-122.3807596,47.56109479,SW ALASKA ST BETWEEN 38TH AVE SW AND FAUNTLEROY WAY SW,1,Property Damage Only Collision,Rear Ended,3,3,0,0,0,4/1/13 16:17,Clear or Partly Cloudy,Dry,Daylight,West Seattle-Fairmount Park,-122.3789337,47.55816357
-122.3761888,47.56455756,35TH AVE SW BETWEEN FAUNTLEROY S WAY SW AND SW AVALON WAY,1,Property Damage Only Collision,Sideswipe,4,2,0,0,0,5/9/19 17:06,Clear or Partly Cloudy,Dry,Daylight,West Seattle-Fairmount Park,-122.3789337,47.55816357
-122.3768174,47.56407687,SW AVALON WAY BETWEEN 35TH AVE SW AND 36TH AVE SW,1,Property Damage Only Collision,Angles,2,2,0,0,0,5/8/19 9:45,Clear or Partly Cloudy,Dry,Daylight,West Seattle-Fairmount Park,-122.3789337,47.55816357
-122.3869132,47.55645627,CALIFORNIA AVE SW AND SW DAWSON N ST,1,Property Damage Only Collision,Angles,2,2,0,0,0,4/17/07 11:19,Clear or Partly Cloudy,Dry,Daylight,West Seattle-Fairmount Park,-122.3789337,47.55816357
-122.3855359,47.55840034,42ND AVE SW BETWEEN SW EDMUNDS ST AND SW HUDSON ST,2,Injury Collision,Pedestrian,2,1,1,0,0,7/15/14 14:27,Clear or Partly Cloudy,Dry,Daylight,West Seattle-Fairmount Park,-122.3789337,47.55816357
-122.385708,47.54756931,42ND AVE SW BETWEEN SW RAYMOND ST AND SW GRAHAM ST,1,Property Damage Only Collision,,3,0,0,0,0,12/2/16,,,,West Seattle-Fairmount Park,-122.3789337,47.55816357
-122.3763538,47.54923265,35TH AVE SW BETWEEN SW JUNEAU ST AND SW RAYMOND ST,1,Property Damage Only Collision,Rear Ended,3,2,0,0,0,10/18/15 20:10,Raining,Wet,Dark - Street Lights On,West Seattle-Fairmount Park,-122.3789337,47.55816357
-122.3762239,47.56017275,35TH AVE SW BETWEEN SW ALASKA ST AND SW EDMUNDS ST,1,Property Damage Only Collision,Rear Ended,5,2,0,0,0,9/28/16 13:25,Clear or Partly Cloudy,Dry,Daylight,West Seattle-Fairmount Park,-122.3789337,47.55816357
-122.3774526,47.56155427,36TH AVE SW BETWEEN SW SNOQUALMIE ST AND SW ALASKA ST,1,Property Damage Only Collision,Other,1,1,0,0,0,8/5/13 0:13,Clear or Partly Cloudy,Dry,Dark - Street Lights On,West Seattle-Fairmount Park,-122.3789337,47.55816357
-122.3829039,47.54987411,40TH AVE SW AND FAUNTLEROY N WAY SW,1,Property Damage Only Collision,Parked Car,2,2,0,0,0,3/28/07 18:25,Clear or Partly Cloudy,Dry,Daylight,West Seattle-Fairmount Park,-122.3789337,47.55816357
-122.3789054,47.55744186,37TH AVE SW AND SW HUDSON ST,1,Property Damage Only Collision,Angles,2,2,0,0,0,9/4/10 22:44,Clear or Partly Cloudy,Dry,Dark - Street Lights On,West Seattle-Fairmount Park,-122.3789337,47.55816357
-122.3787721,47.56245556,37TH AVE SW BETWEEN SW OREGON ST AND SW SNOQUALMIE ST,0,Unknown,,0,0,0,0,0,3/28/11,,,,West Seattle-Fairmount Park,-122.3789337,47.55816357
-122.3787716,47.56108125,37TH AVE SW AND SW ALASKA ST,2,Injury Collision,Angles,3,2,3,0,0,4/6/13 17:54,Overcast,Wet,Daylight,West Seattle-Fairmount Park,-122.3789337,47.55816357
-122.3709267,47.57103065,ADMIRAL AVALON RP BETWEEN 30TH AVE SW AND SW AVALON WAY,1,Property Damage Only Collision,Other,3,2,0,0,0,9/20/04 10:31,Clear or Partly Cloudy,Dry,Daylight,West Seattle-Fairmount Park,-122.3789337,47.55816357
-122.3837324,47.54844713,SW RAYMOND ST BETWEEN FAUNTLEROY WAY SW AND 41ST AVE SW,1,Property Damage Only Collision,Parked Car,2,2,0,0,0,3/28/13 20:51,Clear or Partly Cloudy,Dry,Dark - Street Lights On,West Seattle-Fairmount Park,-122.3789337,47.55816357
-122.3796877,47.56256568,FAUNTLEROY WAY SW BETWEEN SW OREGON ST AND 38TH AVE SW,0,Unknown,,0,0,0,0,0,7/12/14,,,,West Seattle-Fairmount Park,-122.3789337,47.55816357
-122.3828999,47.55474438,40TH AVE SW BETWEEN SW DAWSON ST AND SW BRANDON ST,0,Unknown,,0,0,0,0,0,11/24/16,,,,West Seattle-Fairmount Park,-122.3789337,47.55816357
-122.3855774,47.55209117,42ND AVE SW AND SW FINDLAY ST,1,Property Damage Only Collision,Angles,2,2,0,0,0,7/18/11 21:15,Clear or Partly Cloudy,Dry,Dusk,West Seattle-Fairmount Park,-122.3789337,47.55816357
-122.3787714,47.56306807,37TH AVE SW BETWEEN FAUNTLEROY WAY SW AND SW OREGON ST,1,Property Damage Only Collision,Rear Ended,2,2,0,0,0,7/8/08,Clear or Partly Cloudy,Dry,Daylight,West Seattle-Fairmount Park,-122.3789337,47.55816357
-122.3870647,47.55120695,CALIFORNIA AVE SW BETWEEN SW FINDLAY ST AND SW JUNEAU ST,1,Property Damage Only Collision,Rear Ended,4,2,0,0,0,8/9/11,Clear or Partly Cloudy,Dry,Daylight,West SEATTLE-FAIRMOUNT PARK,-122.3789337,47.55816357
-122.3829039,47.54987411,40TH AVE SW AND FAUNTLEROY N WAY SW,1,Property Damage Only Collision,Rear Ended,5,2,0,0,0,9/10/10 15:39,Clear or Partly Cloudy,Dry,Daylight,West Seattle-Fairmount Park,-122.3789337,47.55816357
-122.3842517,47.55296471,41ST AVE SW BETWEEN SW BRANDON ST AND SW FINDLAY ST,1,Property Damage Only Collision,Parked Car,2,2,0,0,0,6/6/15 22:00,Unknown,Unknown,Unknown,West Seattle-Fairmount Park,-122.3789337,47.55816357
-122.3800927,47.56225703,38TH AVE SW AND FAUNTLEROY WAY SW,2,Injury Collision,Cycles,2,1,1,0,0,3/22/17 5:12,Clear or Partly Cloudy,Dry,Dark - Street Lights On,West Seattle-Fairmount Park,-122.3789337,47.55816357
-122.381139,47.55925322,SW EDMUNDS ST BETWEEN DEAD END 2 AND FAUNTLEROY WAY SW,1,Property Damage Only Collision,Parked Car,2,2,0,0,0,2/27/13 10:30,Raining,Wet,Daylight,West Seattle-Fairmount Park,-122.3789337,47.55816357
-122.376338,47.55014223,35TH AVE SW AND SW JUNEAU ST,2b,Serious Injury Collision,Angles,5,2,1,1,0,10/27/16 7:39,Clear or Partly Cloudy,Wet,Daylight,West Seattle-Fairmount Park,-122.3789337,47.55816357
-122.3870647,47.55120695,CALIFORNIA AVE SW BETWEEN SW FINDLAY ST AND SW JUNEAU ST,1,Property Damage Only Collision,Parked Car,2,2,0,0,0,8/11/15 10:30,Unknown,Unknown,Unknown,West Seattle-Fairmount Park,-122.3789337,47.55816357
-122.3855774,47.55209117,42ND AVE SW AND SW FINDLAY ST,1,Property Damage Only Collision,Angles,2,2,0,0,0,3/14/09 12:30,Raining,Wet,Daylight,West Seattle-Fairmount Park,-122.3789337,47.55816357
-122.3792854,47.56287228,FAUNTLEROY WAY SW AND SW OREGON ST,2,Injury Collision,Angles,4,2,1,0,0,7/2/04,Overcast,Dry,Daylight,West SEATTLE-FAIRMOUNT PARK,-122.3789337,47.55816357
-122.3816201,47.55292972,FAUNTLEROY WAY SW BETWEEN SW BRANDON ST AND SW FINDLAY ST,1,Property Damage Only Collision,Parked Car,3,3,0,0,0,1/20/04 10:35,Clear or Partly Cloudy,Dry,Daylight,West Seattle-Fairmount Park,-122.3789337,47.55816357
-122.3856559,47.54937852,42ND AVE SW BETWEEN SW JUNEAU ST AND SW RAYMOND ST,1,Property Damage Only Collision,Parked Car,2,2,0,0,0,1/27/04 2:30,Clear or Partly Cloudy,Dry,Dark - Street Lights On,West Seattle-Fairmount Park,-122.3789337,47.55816357
-122.3800778,47.56166957,38TH AVE SW BETWEEN FAUNTLEROY WAY SW AND SW ALASKA ST,1,Property Damage Only Collision,Parked Car,2,2,0,0,0,4/4/13 9:30,Unknown,Unknown,Unknown,West Seattle-Fairmount Park,-122.3789337,47.55816357
-122.3787711,47.56326378,37TH AVE SW AND FAUNTLEROY WAY SW,1,Property Damage Only Collision,Left Turn,2,2,0,0,0,5/25/04 16:25,Raining,Wet,Dawn,West Seattle-Fairmount Park,-122.3789337,47.55816357
-122.3801969,47.55931622,38TH WR AVE SW BETWEEN SW ALASKA ST AND SW HUDSON ST,1,Property Damage Only Collision,Parked Car,2,2,0,0,0,9/8/04,Clear or Partly Cloudy,Dry,Daylight,West Seattle-Fairmount Park,-122.3789337,47.55816357
-122.3788751,47.55835152,37TH AVE SW BETWEEN SW EDMUNDS ST AND SW HUDSON ST,0,Unknown,,0,0,0,0,0,3/5/04,,,,West Seattle-Fairmount Park,-122.3789337,47.55816357
-122.3788751,47.55835152,37TH AVE SW BETWEEN SW EDMUNDS ST AND SW HUDSON ST,1,Property Damage Only Collision,Parked Car,2,2,0,0,0,11/17/04 12:54,Clear or Partly Cloudy,Dry,Daylight,West Seattle-Fairmount Park,-122.3789337,47.55816357
-122.3870909,47.55030084,CALIFORNIA AVE SW AND SW JUNEAU ST,1,Property Damage Only Collision,Angles,3,2,0,0,0,3/2/04,Clear or Partly Cloudy,Dry,Daylight,West SEATTLE-FAIRMOUNT PARK,-122.3789337,47.55816357
-122.3814567,47.55925332,FAUNTLEROY WAY SW AND SW EDMUNDS ST,1,Property Damage Only Collision,Angles,2,2,0,0,0,4/11/04 0:55,Clear or Partly Cloudy,Dry,Dark - Street Lights On,West Seattle-Fairmount Park,-122.3789337,47.55816357
-122.3822556,47.55382947,SW BRANDON ST BETWEEN FAUNTLEROY WAY SW AND 40TH AVE SW,1,Property Damage Only Collision,Parked Car,2,2,0,0,0,3/18/04 10:38,Clear or Partly Cloudy,Dry,Unknown,West Seattle-Fairmount Park,-122.3789337,47.55816357
-122.3790269,47.56306905,FAUNTLEROY WAY SW BETWEEN 37TH AVE SW AND SW OREGON ST,1,Property Damage Only Collision,Rear Ended,2,2,0,0,0,11/28/04 17:00,Clear or Partly Cloudy,Dry,Daylight,West Seattle-Fairmount Park,-122.3789337,47.55816357
-122.3814562,47.56110747,FAUNTLEROY WAY SW AND SW ALASKA ST,2,Injury Collision,Other,1,1,1,0,0,7/10/04 9:00,Clear or Partly Cloudy,Oil,Daylight,West Seattle-Fairmount Park,-122.3789337,47.55816357
-122.3787714,47.56306807,37TH AVE SW BETWEEN FAUNTLEROY WAY SW AND SW OREGON ST,2b,Serious Injury Collision,Cycles,2,1,1,1,0,8/4/04,Overcast,Dry,Daylight,West Seattle-Fairmount Park,-122.3789337,47.55816357
-122.3787695,47.56468033,37TH AVE SW AND SW GENESEE ST,2,Injury Collision,Angles,2,2,1,0,0,6/23/04 8:05,Overcast,Dry,Daylight,West Seattle-Genesee,-122.3858506,47.56480627
-122.3800923,47.5625648,38TH AVE SW BETWEEN SW OREGON ST AND FAUNTLEROY WAY SW,1,Property Damage Only Collision,Angles,2,2,0,0,0,3/26/13 15:11,Clear or Partly Cloudy,Dry,Daylight,West Seattle-Genesee,-122.3858506,47.56480627
-122.3867677,47.56973731,CALIFORNIA AVE SW BETWEEN SW CHARLESTOWN ST AND SW BRADFORD ST,1,Property Damage Only Collision,Parked Car,7,7,0,0,0,3/24/13 3:07,Clear or Partly Cloudy,Dry,Dark - Street Lights On,West Seattle-Genesee,-122.3858506,47.56480627
-122.385454,47.56377895,42ND AVE SW BETWEEN SW GENESEE ST AND SW OREGON ST,1,Property Damage Only Collision,Parked Car,3,2,0,0,0,3/27/13 14:35,Overcast,Wet,Daylight,West Seattle-Genesee,-122.3858506,47.56480627
-122.3867705,47.56746537,CALIFORNIA AVE SW BETWEEN SW ANDOVER ST AND SW DAKOTA ST,1,Property Damage Only Collision,Parked Car,3,3,0,0,0,4/2/13 4:57,Clear or Partly Cloudy,Dry,Dark - Street Lights On,West Seattle-Genesee,-122.3858506,47.56480627
-122.3761923,47.56529384,35TH AVE SW BETWEEN FAUNTLEROY N WAY SW AND FAUNTLEROY S WAY SW,1,Property Damage Only Collision,Rear Ended,2,2,0,0,0,2/28/04 12:30,Clear or Partly Cloudy,Dry,Daylight,West Seattle-Genesee,-122.3858506,47.56480627
-122.3867716,47.5647203,CALIFORNIA AVE SW AND SW GENESEE ST,2,Injury Collision,Angles,4,2,3,0,0,3/30/13 9:43,Clear or Partly Cloudy,Dry,Daylight,West Seattle-Genesee,-122.3858506,47.56480627
-122.3867735,47.56381596,CALIFORNIA AVE SW BETWEEN SW GENESEE ST AND SW OREGON ST,0,Unknown,,0,0,0,0,0,3/23/13,,,,West Seattle-Genesee,-122.3858506,47.56480627
-122.3804991,47.56966534,38TH AVE SW BETWEEN SW CHARLESTOWN ST AND BELVIDERE AVE SW,1,Property Damage Only Collision,Parked Car,2,2,0,0,0,10/10/10 23:05,Overcast,Wet,Dark - Street Lights On,West Seattle-Genesee,-122.3858506,47.56480627
-122.3761867,47.56648697,35TH AVE SW AND SW DAKOTA ST,1,Property Damage Only Collision,Rear Ended,2,2,0,0,0,4/1/13 17:30,Clear or Partly Cloudy,Dry,Daylight,West Seattle-Genesee,-122.3858506,47.56480627
-122.3841628,47.56019056,41ST AVE SW BETWEEN SW ALASKA ST AND SW EDMUNDS ST,0,Unknown,,0,0,0,0,0,5/3/19,,,,West Seattle-Genesee,-122.3858506,47.56480627
-122.3765414,47.56486552,FAUNTLEROY WAY SW BETWEEN WEST SEATTLE BR EB AND SW GENESEE W ST,2,Injury Collision,Rear Ended,4,2,1,0,0,11/10/15 22:05,Raining,Wet,Dark - Street Lights On,West Seattle-Genesee,-122.3858506,47.56480627
-122.3934748,47.56206501,48TH AVE SW BETWEEN SW OREGON ST AND SW ALASKA ST,1,Property Damage Only Collision,Parked Car,2,2,0,0,0,4/2/16,Unknown,Dry,Unknown,West Seattle-Genesee,-122.3858506,47.56480627
-122.3867705,47.56746537,CALIFORNIA AVE SW BETWEEN SW ANDOVER ST AND SW DAKOTA ST,1,Property Damage Only Collision,Parked Car,2,2,0,0,0,8/27/15 19:30,Clear or Partly Cloudy,Dry,Unknown,West Seattle-Genesee,-122.3858506,47.56480627
-122.3894816,47.56294858,GLENN WAY SW AND SW OREGON ST,2,Injury Collision,Angles,2,2,1,0,0,8/7/16 16:03,Clear or Partly Cloudy,Dry,Daylight,West Seattle-Genesee,-122.3858506,47.56480627
-122.3828165,47.5610581,40TH AVE SW AND SW ALASKA ST,2,Injury Collision,Angles,3,2,2,0,0,2/8/08,Raining,Wet,Daylight,West Seattle-Genesee,-122.3858506,47.56480627
-122.3761502,47.56835681,35TH AVE SW AND SW ANDOVER N ST,1,Property Damage Only Collision,Angles,4,2,0,0,0,9/9/08,Clear or Partly Cloudy,Dry,Daylight,West Seattle-Genesee,-122.3858506,47.56480627
-122.3854566,47.56197325,42ND AVE SW BETWEEN SW OREGON ST AND SW ALASKA ST,0,Unknown,,0,0,0,0,0,9/13/10,,,,West Seattle-Genesee,-122.3858506,47.56480627
-122.3894432,47.56843152,45TH AVE SW AND SW ANDOVER ST,0,Unknown,,0,0,0,0,0,12/9/04,,,,West Seattle-Genesee,-122.3858506,47.56480627
-122.3894816,47.56294858,GLENN WAY SW AND SW OREGON ST,0,Unknown,,0,0,0,0,0,11/15/04,,,,West Seattle-Genesee,-122.3858506,47.56480627
-122.3921154,47.56845685,47TH AVE SW AND SW ANDOVER ST,1,Property Damage Only Collision,Angles,2,2,0,0,0,2/13/04 7:49,Clear or Partly Cloudy,Dry,Daylight,West Seattle-Genesee,-122.3858506,47.56480627
-122.3962949,47.5593749,50TH AVE SW AND SW EDMUNDS ST,1,Property Damage Only Collision,Angles,4,3,0,0,0,12/10/18 19:00,Raining,Wet,Dark - Street Lights On,West Seattle-Genesee,-122.3858506,47.56480627
-122.3761711,47.56724524,35TH AVE SW BETWEEN SW ANDOVER S ST AND SW DAKOTA ST,0,Unknown,,0,0,0,0,0,4/6/13,,,,West Seattle-Genesee,-122.3858506,47.56480627
-122.386804,47.56021698,CALIFORNIA AVE SW BETWEEN SW ALASKA ST AND ERSKINE WAY SW,1,Property Damage Only Collision,Parked Car,2,2,0,0,0,12/15/18 20:52,Clear or Partly Cloudy,Dry,Dark - Street Lights On,West Seattle-Genesee,-122.3858506,47.56480627
-122.3861122,47.56470179,SW GENESEE ST BETWEEN 42ND AVE SW AND CALIFORNIA AVE SW,1,Property Damage Only Collision,Other,1,1,0,0,0,3/26/13 15:55,Clear or Partly Cloudy,Dry,Daylight,West Seattle-Genesee,-122.3858506,47.56480627
-122.3854566,47.56197325,42ND AVE SW BETWEEN SW OREGON ST AND SW ALASKA ST,2,Injury Collision,Angles,4,2,1,0,0,5/25/16 18:43,Clear or Partly Cloudy,Dry,Daylight,West Seattle-Genesee,-122.3858506,47.56480627
-122.3895146,47.56023457,45TH AVE SW BETWEEN SW ALASKA ST AND SW EDMUNDS ST,1,Property Damage Only Collision,Angles,2,2,0,0,0,3/17/15 16:37,Raining,Wet,Daylight,West Seattle-Genesee,-122.3858506,47.56480627
-122.3796866,47.56287242,SW OREGON ST BETWEEN FAUNTLEROY WAY SW AND 38TH AVE SW,2,Injury Collision,,2,0,2,0,0,10/15/12,,,,West Seattle-Genesee,-122.3858506,47.56480627
-122.3733839,47.56749548,WEST SEATTLE BR EB BETWEEN POINT A AND FAUNTLEROY WAY SW,1,Property Damage Only Collision,Sideswipe,2,2,0,0,0,10/25/10 14:50,Raining,Wet,Daylight,West Seattle-Genesee,-122.3858506,47.56480627
-122.3854566,47.56197325,42ND AVE SW BETWEEN SW OREGON ST AND SW ALASKA ST,1,Property Damage Only Collision,Angles,2,2,0,0,0,9/1/15 22:48,Clear or Partly Cloudy,Dry,Dark - Street Lights On,West Seattle-Genesee,-122.3858506,47.56480627
-122.3854581,47.56107185,42ND AVE SW AND SW ALASKA ST,2,Injury Collision,Cycles,2,1,1,0,0,5/15/13 17:06,Raining,Wet,Daylight,West Seattle-Genesee,-122.3858506,47.56480627
-122.3734596,47.56883141,FAUNTLEROY WAY SW BETWEEN SW CHARLESTOWN ST AND SW ANDOVER ST,1,Property Damage Only Collision,Rear Ended,5,3,0,0,0,8/7/13 17:45,Clear or Partly Cloudy,Dry,Daylight,West Seattle-Genesee,-122.3858506,47.56480627
-122.3987971,47.56943276,52ND AVE SW BETWEEN SW CHARLESTOWN W ST AND SW ANDOVER ST,2,Injury Collision,Pedestrian,2,1,1,0,0,6/21/17 19:23,Clear or Partly Cloudy,Dry,Daylight,West Seattle-Genesee,-122.3858506,47.56480627
-122.3894805,47.56385327,45TH AVE SW BETWEEN SW GENESEE ST AND SW OREGON ST,1,Property Damage Only Collision,Parked Car,2,2,0,0,0,12/31/15 15:30,Unknown,Unknown,Unknown,West Seattle-Genesee,-122.3858506,47.56480627
-122.3841314,47.56573785,41ST AVE SW BETWEEN SW DAKOTA ST AND DEAD END 2,1,Property Damage Only Collision,Parked Car,2,2,0,0,0,4/29/04 0:01,Clear or Partly Cloudy,Dry,Unknown,West Seattle-Genesee,-122.3858506,47.56480627
-122.3867767,47.56201042,CALIFORNIA AVE SW BETWEEN SW OREGON ST AND SW ALASKA ST,1,Property Damage Only Collision,Parked Car,5,2,0,0,0,4/9/13 14:41,Overcast,Dry,Daylight,West Seattle-Genesee,-122.3858506,47.56480627
-122.3921555,47.56386355,47TH AVE SW BETWEEN SW GENESEE ST AND SW OREGON ST,0,Unknown,,0,0,0,0,0,9/11/04,,,,West Seattle-Genesee,-122.3858506,47.56480627
-122.381229,47.56140654,39TH AVE SW AND FAUNTLEROY WAY SW,1,Property Damage Only Collision,Angles,2,2,0,0,0,10/5/18 14:38,Raining,Wet,Daylight,West Seattle-Genesee,-122.3858506,47.56480627
-122.3895146,47.56023457,45TH AVE SW BETWEEN SW ALASKA ST AND SW EDMUNDS ST,1,Property Damage Only Collision,Parked Car,2,2,0,0,0,5/10/19 7:47,Clear or Partly Cloudy,Dry,Unknown,West Seattle-Genesee,-122.3858506,47.56480627
-122.3733839,47.56749548,West SEATTLE BR EB BETWEEN POINT A AND FAUNTLEROY WAY SW,2,Injury Collision,Other,2,1,2,0,0,1/5/04,Overcast,Dry,Daylight,West SEATTLE-GENESEE,-122.3858506,47.56480627
-122.3854551,47.56287464,42ND AVE SW AND SW OREGON ST,1,Property Damage Only Collision,Left Turn,4,3,0,0,0,10/17/04 12:54,Raining,Wet,Daylight,West Seattle-Genesee,-122.3858506,47.56480627
-122.3861161,47.56108911,SW ALASKA ST BETWEEN 42ND AVE SW AND CALIFORNIA AVE SW,1,Property Damage Only Collision,Parked Car,2,2,0,0,0,3/1/04,Unknown,Unknown,Unknown,West Seattle-Genesee,-122.3858506,47.56480627
-122.3867716,47.5647203,CALIFORNIA AVE SW AND SW GENESEE ST,1,Property Damage Only Collision,Angles,2,2,0,0,0,4/1/04,Clear or Partly Cloudy,Dry,Daylight,West SEATTLE-GENESEE,-122.3858506,47.56480627
-122.3895146,47.56023457,45TH AVE SW BETWEEN SW ALASKA ST AND SW EDMUNDS ST,1,Property Damage Only Collision,Parked Car,2,2,0,0,0,8/22/04 14:00,Unknown,Unknown,Unknown,West Seattle-Genesee,-122.3858506,47.56480627
-122.3854835,47.56019691,42ND AVE SW BETWEEN SW ALASKA ST AND SW EDMUNDS ST,1,Property Damage Only Collision,Parked Car,2,2,0,0,0,4/5/04,Clear or Partly Cloudy,Dry,Daylight,West Seattle-Genesee,-122.3858506,47.56480627
-122.386804,47.56021698,CALIFORNIA AVE SW BETWEEN SW ALASKA ST AND ERSKINE WAY SW,1,Property Damage Only Collision,Sideswipe,2,2,0,0,0,3/31/04 13:00,Clear or Partly Cloudy,Dry,Daylight,West Seattle-Genesee,-122.3858506,47.56480627
-122.3861161,47.56108911,SW ALASKA ST BETWEEN 42ND AVE SW AND CALIFORNIA AVE SW,1,Property Damage Only Collision,Sideswipe,2,2,0,0,0,9/9/04,Clear or Partly Cloudy,Dry,Daylight,West Seattle-Genesee,-122.3858506,47.56480627
-122.3761883,47.56503852,FAUNTLEROY WAY SW AND WEST SEATTLE BR EB,1,Property Damage Only Collision,Left Turn,4,2,0,0,0,3/12/04 9:04,Overcast,Dry,Daylight,West Seattle-Genesee,-122.3858506,47.56480627
-122.3820249,47.52732592,39TH AVE SW BETWEEN SW SULLIVAN ST AND SW TILLMAN ST,1,Property Damage Only Collision,Parked Car,2,2,0,0,0,7/17/05 11:59,Clear or Partly Cloudy,Dry,Daylight,West Seattle-Fauntleroy,-122.3891021,47.52049167
-122.3873981,47.52817629,CALIFORNIA AVE SW AND SW SULLIVAN ST,2,Injury Collision,Other,1,1,1,0,0,10/16/10 3:31,Clear or Partly Cloudy,Dry,Dark - Street Lights On,West Seattle-Fauntleroy,-122.3891021,47.52049167
-122.3766999,47.52286109,35TH AVE SW AND SW HENDERSON ST,2,Injury Collision,Pedestrian,2,1,1,0,0,2/18/05 16:02,Clear or Partly Cloudy,Dry,Daylight,West Seattle-Fauntleroy,-122.3891021,47.52049167
-122.3847002,47.52847544,41ST AVE SW AND SW THISTLE ST,2,Injury Collision,Angles,2,2,1,0,0,3/20/06 15:49,Clear or Partly Cloudy,Dry,Daylight,West Seattle-Fauntleroy,-122.3891021,47.52049167
-122.3916135,47.52131954,SW WILDWOOD PL BETWEEN 46TH AVE SW AND 47TH AVE SW,1,Property Damage Only Collision,Head On,3,2,0,0,0,12/12/18 17:06,Raining,Wet,Dark - Street Lights On,West Seattle-Fauntleroy,-122.3891021,47.52049167
-122.387933,47.53039452,SW SOUTHERN ST BETWEEN CALIFORNIA AVE SW AND NORTHROP PL SW,0,Unknown,,0,0,0,0,0,9/6/09,,,,West Seattle-Fauntleroy,-122.3891021,47.52049167
-122.3849164,47.52362923,41ST AVE SW BETWEEN SW TRENTON ST AND SW CONCORD ST,1,Property Damage Only Collision,Parked Car,2,2,0,0,0,11/26/16 21:53,Raining,Wet,,West Seattle-Fauntleroy,-122.3891021,47.52049167
-122.3820785,47.52291678,39TH AVE SW AND SW HENDERSON ST,1,Property Damage Only Collision,Other,2,2,0,0,0,1/14/07 11:15,Clear or Partly Cloudy,Ice,Daylight,West Seattle-Fauntleroy,-122.3891021,47.52049167
-122.3906933,47.52094077,SW WILDWOOD PL BETWEEN 45TH AVE SW AND 46TH AVE SW,1,Property Damage Only Collision,Parked Car,3,3,0,0,0,7/5/17 16:04,Clear or Partly Cloudy,Dry,Daylight,West Seattle-Fauntleroy,-122.3891021,47.52049167
-122.3928843,47.52402277,FAUNTLEROY WAY SW BETWEEN SW TRENTON ST AND SW BARTON ST,2,Injury Collision,Head On,7,3,1,0,0,5/21/08 20:21,Raining,Wet,Dusk,West Seattle-Fauntleroy,-122.3891021,47.52049167
-122.3867104,47.52852323,SW THISTLE ST BETWEEN 42ND AVE SW AND CALIFORNIA AVE SW,1,Property Damage Only Collision,Other,4,1,0,0,0,4/7/13 0:06,Raining,Wet,Dark - Street Lights On,West Seattle-Fauntleroy,-122.3891021,47.52049167
-122.3895134,47.51987504,44TH AVE SW BETWEEN SW WILDWOOD PL AND SW FLETCHER ST,1,Property Damage Only Collision,Parked Car,2,2,0,0,0,9/27/04 18:15,Clear or Partly Cloudy,Dry,Dusk,West Seattle-Fauntleroy,-122.3891021,47.52049167
-122.3800586,47.52289493,SW HENDERSON ST BETWEEN 37TH AVE SW AND 38TH AVE SW,0,Unknown,,0,0,0,0,0,1/21/06,,,,West Seattle-Fauntleroy,-122.3891021,47.52049167
-122.3910372,47.51914719,45TH AVE SW BETWEEN SW BRACE POINT DR AND KILBOURNE CT SW,0,Unknown,,0,0,0,0,0,12/21/04,,,,West Seattle-Fauntleroy,-122.3891021,47.52049167
-122.3793336,47.52651921,37TH AVE SW BETWEEN SW TILLMAN ST AND SW CLOVERDALE ST,0,Unknown,,0,0,0,0,0,11/23/04,,,,West Seattle-Fauntleroy,-122.3891021,47.52049167
-122.3113893,47.57250921,17TH AVE S BETWEEN S HINDS ST AND S SPOKANE ST,1,Property Damage Only Collision,Parked Car,2,2,0,0,0,3/30/13 7:00,Unknown,Dry,Unknown,Beacon Hill-North Beacon Hill,-122.3088188,47.57773261
-122.3029541,47.58294568,23RD AVE S AND S COLLEGE ST,1,Property Damage Only Collision,Angles,4,2,0,0,0,6/30/08 13:22,Clear or Partly Cloudy,Dry,Daylight,Beacon Hill-North Beacon Hill,-122.3088188,47.57773261
-122.2970769,47.57694363,RAINIER AVE S BETWEEN S FOREST ST AND M L KING JR WAY S,1,Property Damage Only Collision,Rear Ended,3,3,0,0,0,9/7/06,Overcast,Dry,Daylight,Beacon HILL-North Beacon HILL,-122.3088188,47.57773261
-122.2970769,47.57694363,RAINIER AVE S BETWEEN S FOREST ST AND M L KING JR WAY S,1,Property Damage Only Collision,Rear Ended,8,3,0,0,0,3/25/13 13:19,Clear or Partly Cloudy,Dry,Daylight,Beacon Hill-North Beacon Hill,-122.3088188,47.57773261
-122.3127252,47.58454239,S HILL ST BETWEEN 15TH AVE S AND 16TH AVE S,1,Property Damage Only Collision,Parked Car,2,2,0,0,0,3/30/13 23:00,Clear or Partly Cloudy,Dry,Dark - No Street Lights,Beacon Hill-North Beacon Hill,-122.3088188,47.57773261
-122.3130532,47.56724052,S DAKOTA ST BETWEEN 15TH AVE S AND 16TH AVE S,0,Unknown,,0,0,0,0,0,10/15/04,,,,Beacon Hill-North Beacon Hill,-122.3088188,47.57773261
-122.3146879,47.58412338,14TH AVE S BETWEEN S HILL ST AND S WALKER ST,1,Property Damage Only Collision,Sideswipe,5,3,0,0,0,8/15/06 13:20,Clear or Partly Cloudy,Dry,Daylight,Beacon Hill-North Beacon Hill,-122.3088188,47.57773261