X,Y,LOCATION,SEVERITYCODE,SEVERITYDESC,COLLISIONTYPE,PERSONCOUNT,VEHCOUNT,INJURIES,SERIOUSINJURIES,FATALITIES,INCDTTM,WEATHER,ROADCOND,LIGHTCOND,NEIGHBORHOOD,NX,NY
-122.3093918,47.59308025,RAINIER AVE S BETWEEN S NORMAN ST AND I90 WB RAINIER NB OF RP,2,Injury Collision,Rear Ended,2,2,2,0,0,9/30/04 12:40,Clear or Partly Cloudy,Dry,Daylight,Beacon Hill-North Beacon Hill,-122.3088188,47.57773261
-122.3134077,47.57162902,15TH AVE S AND S SPOKANE ST,2,Injury Collision,Angles,4,3,3,0,0,9/11/05 20:41,Clear or Partly Cloudy,Dry,Dark - Street Lights On,Beacon Hill-North Beacon Hill,-122.3088188,47.57773261
-122.3148453,47.59076764,14TH AVE S BETWEEN S JUDKINS ST AND S ATLANTIC ST,1,Property Damage Only Collision,Parked Car,3,3,0,0,0,3/26/13 2:37,Clear or Partly Cloudy,Dry,Dark - Street Lights On,Beacon Hill-North Beacon Hill,-122.3088188,47.57773261
-122.3064701,47.56643214,Beacon AVE S BETWEEN Beacon WR N AVE S AND Beacon ER AVE S,1,Property Damage Only Collision,Rear Ended,3,3,0,0,0,2/3/05,Clear or Partly Cloudy,Dry,Daylight,Beacon HILL-North Beacon HILL,-122.3088188,47.57773261
-122.3029467,47.58365857,23RD AVE S AND S WALKER ST,1,Property Damage Only Collision,Angles,3,2,0,0,0,5/9/19 9:42,Clear or Partly Cloudy,Dry,Daylight,Beacon Hill-North Beacon Hill,-122.3088188,47.57773261
-122.3055394,47.58807595,RAINIER AVE S BETWEEN S MASSACHUSETTS ST AND S STATE ST,2,Injury Collision,Rear Ended,2,2,1,0,0,2/11/06 13:00,Clear or Partly Cloudy,Dry,Daylight,Beacon Hill-North Beacon Hill,-122.3088188,47.57773261
-122.3046833,47.58690986,RAINIER AVE S AND S GRAND ST,2,Injury Collision,Angles,3,2,1,0,0,1/27/05 11:59,Clear or Partly Cloudy,Dry,Daylight,Beacon Hill-North Beacon Hill,-122.3088188,47.57773261
-122.3084303,47.57250753,BEACON AVE S BETWEEN S HINDS ST AND S SPOKANE ST,2,Injury Collision,Rear Ended,5,3,1,0,0,8/23/07 18:35,Clear or Partly Cloudy,Dry,Daylight,Beacon Hill-North Beacon Hill,-122.3088188,47.57773261
-122.3175918,47.58843651,S MASSACHUSETTS ST BETWEEN DEAD END AND 12TH AVE S,1,Property Damage Only Collision,Parked Car,2,2,0,0,0,4/25/05 6:00,Clear or Partly Cloudy,Dry,Dark - No Street Lights,Beacon Hill-North Beacon Hill,-122.3088188,47.57773261
-122.3025795,47.57192358,S SPOKANE ST BETWEEN 23RD AVE S AND 24TH AVE S,2,Injury Collision,Rear Ended,2,2,1,0,0,10/17/06 15:00,Clear or Partly Cloudy,Dry,Daylight,Beacon Hill-North Beacon Hill,-122.3088188,47.57773261
-122.3080593,47.57142089,BEACON AVE S BETWEEN S SPOKANE ST AND BEACON WR AVE S,2,Injury Collision,Rear Ended,4,3,1,0,0,5/8/19 17:26,Clear or Partly Cloudy,Dry,Daylight,Beacon Hill-North Beacon Hill,-122.3088188,47.57773261
-122.3067051,47.56640458,Beacon WR N AVE S BETWEEN Beacon AVE S AND Beacon ER S AVE S,2,Injury Collision,Rear Ended,4,2,2,0,0,8/2/05,Clear or Partly Cloudy,Dry,Daylight,Beacon HILL-North Beacon HILL,-122.3088188,47.57773261
-122.2991597,47.57967346,RAINIER AVE S BETWEEN S BAYVIEW ST AND S MCCLELLAN ST,1,Property Damage Only Collision,Sideswipe,0,2,0,0,0,9/17/17 17:12,Raining,Wet,Daylight,Beacon Hill-North Beacon Hill,-122.3088188,47.57773261
-122.3011704,47.57404295,S HORTON ST BETWEEN 24TH AVE S AND 25TH AVE S,1,Property Damage Only Collision,Rear Ended,2,2,0,0,0,1/19/10 16:48,Clear or Partly Cloudy,Dry,Daylight,Beacon Hill-North Beacon Hill,-122.3088188,47.57773261
-122.3145298,47.57162418,S COLUMBIAN WAY AND S SPOKANE ST,1,Property Damage Only Collision,Other,2,2,0,0,0,2/28/14 3:15,Unknown,Dry,Dark - Street Lights On,Beacon Hill-North Beacon Hill,-122.3088188,47.57773261
-122.2991597,47.57967346,RAINIER AVE S BETWEEN S BAYVIEW ST AND S MCCLELLAN ST,2,Injury Collision,Rear Ended,2,2,1,0,0,10/4/16 15:04,Clear or Partly Cloudy,Wet,Daylight,Beacon Hill-North Beacon Hill,-122.3088188,47.57773261
-122.3137311,47.57162762,S SPOKANE ST BETWEEN HINDS PL S AND 15TH AVE S,1,Property Damage Only Collision,Sideswipe,2,2,0,0,0,10/25/17 19:07,Overcast,Wet,Dark - Street Lights On,Beacon Hill-North Beacon Hill,-122.3088188,47.57773261
-122.3090577,47.57456744,BEACON AVE S BETWEEN S HANFORD ST AND S HORTON ST,2,Injury Collision,Rear Ended,3,2,1,0,0,12/22/14 16:53,Clear or Partly Cloudy,Dry,Dusk,Beacon Hill-North Beacon Hill,-122.3088188,47.57773261
-122.3133747,47.58503937,15TH AVE S BETWEEN S PLUM ST AND S HILL ST,1,Property Damage Only Collision,Parked Car,2,2,0,0,0,12/10/09 13:00,Clear or Partly Cloudy,Dry,Daylight,Beacon Hill-North Beacon Hill,-122.3088188,47.57773261
-122.3078975,47.57309061,18TH AVE S AND S HINDS ST,2,Injury Collision,Angles,2,2,1,0,0,9/19/14 17:55,Clear or Partly Cloudy,Dry,Daylight,Beacon Hill-North Beacon Hill,-122.3088188,47.57773261
-122.3063645,47.58911506,RAINIER AVE S BETWEEN I90 EB OFF RP AND RAINIER NB I90 EB On RP,2,Injury Collision,Rear Ended,2,2,1,0,0,9/1/04,Clear or Partly Cloudy,Dry,Daylight,Beacon HILL-North Beacon HILL,-122.3088188,47.57773261
-122.3133944,47.58298195,15TH AVE S AND S COLLEGE ST,2,Injury Collision,Angles,3,2,1,0,0,4/7/13 10:45,Raining,Wet,Daylight,Beacon Hill-North Beacon Hill,-122.3088188,47.57773261
-122.2991597,47.57967346,RAINIER AVE S BETWEEN S BAYVIEW ST AND S MCCLELLAN ST,0,Unknown,,0,0,0,0,0,4/16/04,,,,Beacon Hill-North Beacon Hill,-122.3088188,47.57773261
-122.3142217,47.59147475,15TH AVE S BETWEEN GOLF DR S AND S ATLANTIC ST,1,Property Damage Only Collision,Parked Car,2,2,0,0,0,4/5/13 10:00,Unknown,Unknown,Unknown,Beacon Hill-North Beacon Hill,-122.3088188,47.57773261
-122.3109494,47.59511628,RAINIER AVE S BETWEEN S DEARBORN ST AND S CHARLES N ST,2,Injury Collision,Other,1,1,1,0,0,8/18/04 16:54,Clear or Partly Cloudy,Dry,Daylight,Beacon Hill-North Beacon Hill,-122.3088188,47.57773261
-122.3109494,47.59511628,RAINIER AVE S BETWEEN S DEARBORN ST AND S CHARLES N ST,1,Property Damage Only Collision,Sideswipe,3,2,0,0,0,8/24/18 12:36,Clear or Partly Cloudy,Dry,Daylight,Beacon Hill-North Beacon Hill,-122.3088188,47.57773261
-122.3160048,47.57687701,13TH AVE S AND S STEVENS ST,2,Injury Collision,Cycles,2,1,1,0,0,3/25/13 22:57,Clear or Partly Cloudy,Dry,Dark - Street Lights On,Beacon Hill-North Beacon Hill,-122.3088188,47.57773261
-122.3142596,47.58101917,S BAYVIEW ST BETWEEN 14TH AVE S AND BEACON AVE S,1,Property Damage Only Collision,Parked Car,2,2,0,0,0,10/10/07 0:01,Unknown,Unknown,Unknown,Beacon Hill-North Beacon Hill,-122.3088188,47.57773261
-122.3018097,47.58314526,RAINIER AVE S AND S COLLEGE N ST,2b,Serious Injury Collision,Right Turn,2,2,1,1,0,7/6/07,Clear or Partly Cloudy,Dry,Daylight,Beacon Hill-North Beacon Hill,-122.3088188,47.57773261
-122.3148561,47.58921409,14TH AVE S BETWEEN S ATLANTIC ST AND S MASSACHUSETTS ST,1,Property Damage Only Collision,Parked Car,2,2,0,0,0,5/5/11 7:54,Raining,Wet,Unknown,Beacon Hill-North Beacon Hill,-122.3088188,47.57773261
-122.3062278,47.5877328,20TH AVE S AND S STATE ST,1,Property Damage Only Collision,Angles,2,2,0,0,0,3/31/14 13:46,Clear or Partly Cloudy,Dry,Daylight,Beacon Hill-North Beacon Hill,-122.3088188,47.57773261
-122.3028197,47.57835008,S MCCLELLAN ST BETWEEN 23RD AVE S AND HARRIS PL S,1,Property Damage Only Collision,Other,2,2,0,0,0,10/15/11 21:47,Clear or Partly Cloudy,Dry,Unknown,Beacon Hill-North Beacon Hill,-122.3088188,47.57773261
-122.3005695,47.57261158,25TH AVE S BETWEEN S HINDS ST AND S SPOKANE ST,1,Property Damage Only Collision,Parked Car,2,2,0,0,0,7/19/15 17:00,Clear or Partly Cloudy,Dry,Unknown,Beacon Hill-North Beacon Hill,-122.3088188,47.57773261
-122.3055394,47.58807595,RAINIER AVE S BETWEEN S MASSACHUSETTS ST AND S STATE ST,1,Property Damage Only Collision,Sideswipe,2,2,0,0,0,7/9/14 13:34,Clear or Partly Cloudy,Dry,Daylight,Beacon Hill-North Beacon Hill,-122.3088188,47.57773261
-122.3127145,47.576866,S STEVENS ST BETWEEN 15TH AVE S AND 16TH AVE S,2,Injury Collision,Pedestrian,2,1,1,0,0,1/5/11 13:30,Overcast,Dry,Daylight,Beacon Hill-North Beacon Hill,-122.3088188,47.57773261
-122.3107531,47.58635362,17TH AVE S AND S HOLGATE ST,1,Property Damage Only Collision,Pedestrian,3,1,0,0,0,3/21/16 9:46,Raining,Wet,Daylight,Beacon Hill-North Beacon Hill,-122.3088188,47.57773261
-122.3042449,47.58451194,22ND AVE S AND S HILL ST,1,Property Damage Only Collision,Sideswipe,2,2,0,0,0,9/9/08,Clear or Partly Cloudy,Dry,Daylight,Beacon Hill-North Beacon Hill,-122.3088188,47.57773261
-122.2991597,47.57967346,RAINIER AVE S BETWEEN S BAYVIEW ST AND S MCCLELLAN ST,2,Injury Collision,Rear Ended,5,2,1,0,0,1/10/10 13:42,Overcast,Dry,Daylight,Beacon Hill-North Beacon Hill,-122.3088188,47.57773261
-122.3062278,47.5877328,20TH AVE S AND S STATE ST,1,Property Damage Only Collision,Angles,3,2,0,0,0,4/28/15 18:15,Raining,Wet,Daylight,Beacon Hill-North Beacon Hill,-122.3088188,47.57773261
-122.300792,47.57835021,S MCCLELLAN ST BETWEEN 24TH AVE S AND 25TH AVE S,2,Injury Collision,Rear Ended,3,2,1,0,0,7/5/16 18:32,Overcast,Dry,Daylight,Beacon Hill-North Beacon Hill,-122.3088188,47.57773261
-122.3147124,47.58187088,14TH AVE S AND BEACON AVE S,2,Injury Collision,Pedestrian,2,1,1,0,0,7/12/11 23:00,Unknown,Unknown,Unknown,Beacon Hill-North Beacon Hill,-122.3088188,47.57773261
-122.312377,47.57947121,BEACON AVE S AND S LANDER ST,2,Injury Collision,Pedestrian,2,1,1,0,0,2/8/17 15:35,Unknown,Unknown,Unknown,Beacon Hill-North Beacon Hill,-122.3088188,47.57773261
-122.311909,47.56262085,S COLUMBIAN WAY BETWEEN 16TH AVE S AND VETRN HOSPITAL DR,2,Injury Collision,Rear Ended,2,2,1,0,0,7/31/17 7:20,Clear or Partly Cloudy,Dry,Daylight,Beacon Hill-North Beacon Hill,-122.3088188,47.57773261
-122.3117744,47.59083497,STURGUS AVE S BETWEEN S JUDKINS ST AND S ATLANTIC ST,1,Property Damage Only Collision,Parked Car,2,2,0,0,0,4/17/06 15:34,Clear or Partly Cloudy,Dry,Daylight,Beacon Hill-North Beacon Hill,-122.3088188,47.57773261
-122.3133747,47.58503937,15TH AVE S BETWEEN S PLUM ST AND S HILL ST,1,Property Damage Only Collision,Parked Car,2,2,0,0,0,1/1/14 8:30,Unknown,Unknown,Unknown,Beacon Hill-North Beacon Hill,-122.3088188,47.57773261
-122.311597,47.5786263,BEACON AVE S AND S MCCLELLAN ST,1,Property Damage Only Collision,Angles,3,2,0,0,0,1/24/12 8:34,Raining,Wet,Daylight,Beacon Hill-North Beacon Hill,-122.3088188,47.57773261
-122.3044487,47.57192292,21ST AVE S AND S SPOKANE ST,1,Property Damage Only Collision,Right Turn,3,2,0,0,0,12/26/10 17:40,Raining,Wet,Dark - Street Lights On,Beacon Hill-North Beacon Hill,-122.3088188,47.57773261
-122.3042368,47.5854993,22ND AVE S AND S PLUM ST,1,Property Damage Only Collision,Angles,2,2,0,0,0,11/4/12 17:23,Raining,Wet,Dark - Street Lights On,Beacon Hill-North Beacon Hill,-122.3088188,47.57773261
-122.3062339,47.58841254,20TH AVE S AND S MASSACHUSETTS ST,1,Property Damage Only Collision,Left Turn,5,2,0,0,0,3/21/13 13:05,Overcast,Wet,Daylight,Beacon Hill-North Beacon Hill,-122.3088188,47.57773261
-122.3036048,47.58549756,RAINIER AVE S AND S PLUM ST,1,Property Damage Only Collision,Angles,4,2,0,0,0,11/5/15 16:18,Clear or Partly Cloudy,Dry,Dusk,Beacon Hill-North Beacon Hill,-122.3088188,47.57773261
-122.3084303,47.57250753,Beacon AVE S BETWEEN S HINDS ST AND S SPOKANE ST,2,Injury Collision,Rear Ended,3,2,2,0,0,10/9/07,Raining,Wet,Dark - Street Lights On,Beacon HILL-North Beacon HILL,-122.3088188,47.57773261
-122.3042368,47.5854993,22ND AVE S AND S PLUM ST,2,Injury Collision,Angles,4,2,3,0,0,5/8/10 16:05,Clear or Partly Cloudy,Dry,Daylight,Beacon Hill-North Beacon Hill,-122.3088188,47.57773261
-122.3109494,47.59511628,RAINIER AVE S BETWEEN S DEARBORN ST AND S CHARLES N ST,1,Property Damage Only Collision,Right Turn,3,2,0,0,0,11/24/17 17:45,Overcast,Wet,Dark - Street Lights On,Beacon Hill-North Beacon Hill,-122.3088188,47.57773261
-122.302928,47.58410158,23RD AVE S BETWEEN RAINIER AVE S AND S WALKER ST,1,Property Damage Only Collision,Rear Ended,3,3,0,0,0,3/10/16 11:03,Overcast,Wet,Daylight,Beacon Hill-North Beacon Hill,-122.3088188,47.57773261
-122.3089354,47.57192439,S SPOKANE ST BETWEEN ALAMO PL S AND BEACON AVE S,1,Property Damage Only Collision,Rear Ended,3,2,0,0,0,4/4/13 17:00,Raining,Wet,Daylight,Beacon Hill-North Beacon Hill,-122.3088188,47.57773261
-122.3086078,47.57309098,BEACON AVE S AND S HINDS ST,0,Unknown,,0,0,0,0,0,12/21/04,,,,Beacon Hill-North Beacon Hill,-122.3088188,47.57773261
-122.2970769,47.57694363,RAINIER AVE S BETWEEN S FOREST ST AND M L KING JR WAY S,1,Property Damage Only Collision,,1,0,0,0,0,1/4/13,,,,Beacon Hill-North Beacon Hill,-122.3088188,47.57773261
-122.3033251,47.57835108,23RD AVE S AND S MCCLELLAN ST,1,Property Damage Only Collision,Angles,4,2,0,0,0,8/25/04 22:24,Overcast,Dry,Dark - Street Lights On,Beacon Hill-North Beacon Hill,-122.3088188,47.57773261
-122.3055377,47.55985332,COLUMBIA DR S AND S COLUMBIAN WAY,2,Injury Collision,Head On,7,3,1,0,0,9/13/04 16:31,Clear or Partly Cloudy,Dry,Daylight,Beacon Hill-North Beacon Hill,-122.3088188,47.57773261
-122.3029467,47.58365857,23RD AVE S AND S WALKER ST,1,Property Damage Only Collision,Sideswipe,3,2,0,0,0,4/5/13 21:28,Raining,Wet,Dark - Street Lights On,Beacon Hill-North Beacon Hill,-122.3088188,47.57773261
-122.3066088,47.57603394,20TH AVE S BETWEEN S STEVENS ST AND S HANFORD ST,2,Injury Collision,Angles,2,2,1,0,0,1/28/18 14:08,Clear or Partly Cloudy,Dry,Daylight,Beacon Hill-North Beacon Hill,-122.3088188,47.57773261
-122.3093145,47.57873954,18TH AVE S AND S MCCLELLAN ST,2,Injury Collision,Angles,2,2,1,0,0,4/4/13 15:23,Raining,Wet,Daylight,Beacon Hill-North Beacon Hill,-122.3088188,47.57773261
-122.3090577,47.57456744,BEACON AVE S BETWEEN S HANFORD ST AND S HORTON ST,2,Injury Collision,Cycles,2,1,1,0,0,5/12/04 17:17,Clear or Partly Cloudy,Dry,Daylight,Beacon Hill-North Beacon Hill,-122.3088188,47.57773261
-122.3140366,47.57947659,S LANDER ST BETWEEN 14TH AVE S AND 15TH AVE S,1,Property Damage Only Collision,Parked Car,2,2,0,0,0,12/11/04 2:15,Raining,Wet,Dark - Street Lights On,Beacon Hill-North Beacon Hill,-122.3088188,47.57773261
-122.3102589,47.5942141,RAINIER AVE S BETWEEN S CHARLES N ST AND S CHARLES S ST,2,Injury Collision,Rear Ended,2,2,1,0,0,8/28/04 17:30,Clear or Partly Cloudy,Dry,Daylight,Beacon Hill-North Beacon Hill,-122.3088188,47.57773261
-122.3060327,47.58841158,S MASSACHUSETTS ST BETWEEN 20TH AVE S AND RAINIER AVE S,0,Unknown,,0,0,0,0,0,10/29/04,,,,Beacon Hill-North Beacon Hill,-122.3088188,47.57773261
-122.3025726,47.58365748,S WALKER ST BETWEEN 23RD AVE S AND RAINIER AVE S,1,Property Damage Only Collision,Right Turn,3,2,0,0,0,1/30/18 23:14,Clear or Partly Cloudy,Dry,Dark - Street Lights On,Beacon Hill-North Beacon Hill,-122.3088188,47.57773261
-122.3042449,47.58451194,22ND AVE S AND S HILL ST,2,Injury Collision,Angles,2,2,1,0,0,4/7/13 9:55,Raining,Wet,Daylight,Beacon Hill-North Beacon Hill,-122.3088188,47.57773261
-122.3127162,47.56428277,16TH AVE S BETWEEN S NEVADA ST AND S COLUMBIAN WAY,2,Injury Collision,Other,1,1,1,0,0,6/24/04 10:26,Overcast,Dry,Daylight,Beacon Hill-North Beacon Hill,-122.3088188,47.57773261
-122.302928,47.58410158,23RD AVE S BETWEEN RAINIER AVE S AND S WALKER ST,0,Unknown,,0,0,0,0,0,8/2/04,,,,Beacon Hill-North Beacon Hill,-122.3088188,47.57773261
-122.3082529,47.57192408,BEACON AVE S AND S SPOKANE ST,2,Injury Collision,Angles,4,3,1,0,0,4/14/13 11:34,Clear or Partly Cloudy,Dry,Daylight,Beacon Hill-North Beacon Hill,-122.3088188,47.57773261
-122.3133566,47.57819458,15TH AVE S BETWEEN S MCCLELLAN ST AND S FOREST ST,1,Property Damage Only Collision,Rear Ended,3,2,0,0,0,4/9/13 9:30,Clear or Partly Cloudy,Dry,Daylight,Beacon Hill-North Beacon Hill,-122.3088188,47.57773261
-122.3146497,47.57188856,S COLUMBIAN WAY BETWEEN 14TH AVE S AND S SPOKANE ST,2,Injury Collision,Rear Ended,2,2,1,0,0,4/4/13 16:59,Raining,Wet,Daylight,Beacon Hill-North Beacon Hill,-122.3088188,47.57773261
-122.3046833,47.58690986,RAINIER AVE S AND S GRAND ST,1,Property Damage Only Collision,Angles,2,2,0,0,0,4/8/13 7:44,Overcast,Wet,Daylight,Beacon Hill-North Beacon Hill,-122.3088188,47.57773261
-122.3033245,47.57793997,23RD AVE S BETWEEN S MCCLELLAN ST AND S FOREST ST,1,Property Damage Only Collision,Rear Ended,2,2,0,0,0,3/11/04 7:50,Clear or Partly Cloudy,Dry,Daylight,Beacon Hill-North Beacon Hill,-122.3088188,47.57773261
-122.3133906,47.58333832,15TH AVE S BETWEEN S WALKER ST AND S COLLEGE ST,0,Unknown,,0,0,0,0,0,11/27/18,,,,Beacon Hill-North Beacon Hill,-122.3088188,47.57773261
-122.314672,47.58595269,14TH AVE S BETWEEN S HOLGATE ST AND S PLUM ST,0,Unknown,,0,0,0,0,0,11/4/04,,,,Beacon Hill-North Beacon Hill,-122.3088188,47.57773261
-122.3142941,47.5716252,S SPOKANE ST BETWEEN S COLUMBIAN WAY AND HINDS PL S,1,Property Damage Only Collision,Sideswipe,2,2,0,0,0,9/14/04 18:06,Raining,Wet,Daylight,Beacon Hill-North Beacon Hill,-122.3088188,47.57773261
-122.3146497,47.57188856,S COLUMBIAN WAY BETWEEN 14TH AVE S AND S SPOKANE ST,1,Property Damage Only Collision,Other,3,2,0,0,0,4/4/13 8:11,Raining,Wet,Daylight,Beacon Hill-North Beacon Hill,-122.3088188,47.57773261
-122.3063645,47.58911506,RAINIER AVE S BETWEEN I90 EB OFF RP AND RAINIER NB I90 EB ON RP,1,Property Damage Only Collision,Other,2,2,0,0,0,11/29/04 10:20,Clear or Partly Cloudy,Dry,Daylight,Beacon Hill-North Beacon Hill,-122.3088188,47.57773261
-122.3137311,47.57162762,S SPOKANE ST BETWEEN HINDS PL S AND 15TH AVE S,1,Property Damage Only Collision,Other,2,2,0,0,0,3/27/19 15:40,Clear or Partly Cloudy,Dry,Daylight,Beacon Hill-North Beacon Hill,-122.3088188,47.57773261
-122.3134288,47.56951676,15TH AVE S BETWEEN 15TH AVS TURN RD AND S COLUMBIAN N WAY,2,Injury Collision,Rear Ended,3,2,1,0,0,5/21/04 17:07,Overcast,Dry,Daylight,Beacon Hill-North Beacon Hill,-122.3088188,47.57773261
-122.2991597,47.57967346,RAINIER AVE S BETWEEN S BAYVIEW ST AND S MCCLELLAN ST,2,Injury Collision,Rear Ended,2,2,1,0,0,4/28/19 3:55,Clear or Partly Cloudy,Dry,Dark - Street Lights On,Beacon Hill-North Beacon Hill,-122.3088188,47.57773261
-122.3133566,47.57819458,15TH AVE S BETWEEN S MCCLELLAN ST AND S FOREST ST,2,Injury Collision,Rear Ended,4,2,2,0,0,9/6/04,Overcast,Dry,Daylight,Beacon Hill-North Beacon Hill,-122.3088188,47.57773261
-122.3034131,47.57192258,23RD AVE S AND S SPOKANE ST,2,Injury Collision,Other,2,1,1,0,0,4/8/13 5:32,Raining,Wet,Dark - Street Lights On,Beacon Hill-North Beacon Hill,-122.3088188,47.57773261
-122.3133566,47.57819458,15TH AVE S BETWEEN S MCCLELLAN ST AND S FOREST ST,1,Property Damage Only Collision,Parked Car,3,2,0,0,0,4/6/13 17:19,Raining,Wet,Daylight,Beacon Hill-North Beacon Hill,-122.3088188,47.57773261
-122.3122111,47.57929088,BEACON AVE S BETWEEN S LANDER ST AND 16TH AVE S,1,Property Damage Only Collision,Rear Ended,3,3,0,0,0,4/5/13 8:09,Overcast,Wet,Daylight,Beacon Hill-North Beacon Hill,-122.3088188,47.57773261
-122.3055407,47.58550389,21ST AVE S AND S PLUM ST,1,Property Damage Only Collision,Angles,2,2,0,0,0,6/27/18 16:04,Clear or Partly Cloudy,Dry,Daylight,Beacon Hill-North Beacon Hill,-122.3088188,47.57773261
-122.314703,47.58242809,14TH AVE S BETWEEN S COLLEGE ST AND BEACON AVE S,2b,Serious Injury Collision,Cycles,2,1,1,1,0,7/1/04,Overcast,Dry,Daylight,Beacon Hill-North Beacon Hill,-122.3088188,47.57773261
-122.3059222,47.57192339,S SPOKANE ST BETWEEN 19TH AVE S AND 20TH AVE S,2,Injury Collision,Rear Ended,5,2,1,0,0,3/17/04 8:47,Raining,Wet,Daylight,Beacon Hill-North Beacon Hill,-122.3088188,47.57773261
-122.3034131,47.57192258,23RD AVE S AND S SPOKANE ST,2,Injury Collision,Other,1,1,1,0,0,4/8/04,Clear or Partly Cloudy,Dry,Dark - Street Lights On,Beacon Hill-North Beacon Hill,-122.3088188,47.57773261
-122.3033961,47.5725069,23RD AVE S BETWEEN S HINDS ST AND S SPOKANE ST,2,Injury Collision,Other,2,1,2,0,0,8/21/04 18:29,Overcast,Wet,Daylight,Beacon Hill-North Beacon Hill,-122.3088188,47.57773261
-122.3172808,47.59268663,12TH AVE S BETWEEN S CHARLES S ST AND S JUDKINS ST,1,Property Damage Only Collision,Parked Car,3,3,0,0,0,1/27/04 16:00,Clear or Partly Cloudy,Dry,Daylight,Beacon Hill-North Beacon Hill,-122.3088188,47.57773261
-122.3141468,47.57074508,S COLUMBIAN WAY BETWEEN S SPOKANE ST AND 15TH AVS TURN RD,0,Unknown,,0,0,0,0,0,12/29/04,,,,Beacon Hill-North Beacon Hill,-122.3088188,47.57773261
-122.3082529,47.57192408,BEACON AVE S AND S SPOKANE ST,1,Property Damage Only Collision,Left Turn,8,2,0,0,0,10/31/04 8:38,Clear or Partly Cloudy,Dry,Daylight,Beacon Hill-North Beacon Hill,-122.3088188,47.57773261
-122.3127559,47.58101178,S BAYVIEW ST BETWEEN 15TH AVE S AND 16TH AVE S,1,Property Damage Only Collision,Head On,3,2,0,0,0,9/3/04,Clear or Partly Cloudy,Dry,Daylight,Beacon Hill-North Beacon Hill,-122.3088188,47.57773261
-122.3146919,47.58369852,14TH AVE S AND S WALKER ST,0,Unknown,,0,0,0,0,0,5/3/04,,,,Beacon Hill-North Beacon Hill,-122.3088188,47.57773261
-122.3033263,47.57629546,23RD AVE S BETWEEN S STEVENS ST AND S WINTHROP ST,1,Property Damage Only Collision,Rear Ended,3,2,0,0,0,5/27/04 15:50,Raining,Wet,Daylight,Beacon Hill-North Beacon Hill,-122.3088188,47.57773261
-122.3146605,47.57819791,14TH AVE S BETWEEN S MCCLELLAN ST AND S FOREST ST,1,Property Damage Only Collision,Sideswipe,3,2,0,0,0,4/5/04,Clear or Partly Cloudy,Dry,Daylight,Beacon Hill-North Beacon Hill,-122.3088188,47.57773261
-122.308804,47.57606599,18TH AVE S BETWEEN S STEVENS ST AND S HANFORD ST,1,Property Damage Only Collision,Parked Car,2,2,0,0,0,8/3/04,Clear or Partly Cloudy,Dry,Dark - Street Lights On,Beacon Hill-North Beacon Hill,-122.3088188,47.57773261
-122.3053664,47.57192321,20TH AVE S AND S SPOKANE ST,1,Property Damage Only Collision,Left Turn,2,2,0,0,0,4/2/04,Clear or Partly Cloudy,Dry,Daylight,Beacon Hill-North Beacon Hill,-122.3088188,47.57773261
-122.3147124,47.58187088,14TH AVE S AND BEACON AVE S,1,Property Damage Only Collision,Angles,3,2,0,0,0,7/7/04,Clear or Partly Cloudy,Dry,Daylight,Beacon Hill-North Beacon Hill,-122.3088188,47.57773261
-122.3109494,47.59511628,RAINIER AVE S BETWEEN S DEARBORN ST AND S CHARLES N ST,1,Property Damage Only Collision,Sideswipe,3,2,0,0,0,5/3/04,Clear or Partly Cloudy,Dry,Daylight,Beacon HILL-North Beacon HILL,-122.3088188,47.57773261
-122.3134017,47.58199984,15TH AVE S BETWEEN S COLLEGE ST AND S BAYVIEW ST,1,Property Damage Only Collision,Parked Car,2,2,0,0,0,2/26/04 19:00,Other,Unknown,Unknown,Beacon Hill-North Beacon Hill,-122.3088188,47.57773261
-122.3021356,47.55849922,S FERDINAND ST BETWEEN 24TH AVE S AND 24TH PL S,1,Property Damage Only Collision,Parked Car,2,2,0,0,0,5/28/06 15:00,Overcast,Wet,Daylight,Beacon Hill-Mid-Beacon Hill,-122.3026113,47.55621863
-122.293647,47.54590955,30TH AVE S BETWEEN S GRAHAM ST AND DEAD END 6,1,Property Damage Only Collision,,2,0,0,0,0,5/9/19,,,,Beacon Hill-Mid-Beacon Hill,-122.3026113,47.55621863
-122.315691,47.57297957,S COLUMBIAN EB WAY BETWEEN I5 SB COLLECTOR AND 14TH AVE S,2,Injury Collision,Rear Ended,3,2,1,0,0,6/13/04 16:30,Clear or Partly Cloudy,Dry,Daylight,Beacon Hill-Mid-Beacon Hill,-122.3026113,47.55621863
-122.3013165,47.54534364,S EDDY ST BETWEEN 24TH AVE S AND BEACON WR AVE S,1,Property Damage Only Collision,Parked Car,3,3,0,0,0,3/22/04 6:43,Clear or Partly Cloudy,Dry,Daylight,Beacon Hill-Mid-Beacon Hill,-122.3026113,47.55621863
-122.3104989,47.56165254,S COLUMBIAN WAY AND S SNOQUALMIE ST,0,Unknown,,0,0,0,0,0,12/14/04,,,,Beacon Hill-Mid-Beacon Hill,-122.3026113,47.55621863