X,Y,LOCATION,SEVERITYCODE,SEVERITYDESC,COLLISIONTYPE,PERSONCOUNT,VEHCOUNT,INJURIES,SERIOUSINJURIES,FATALITIES,INCDTTM,WEATHER,ROADCOND,LIGHTCOND,NEIGHBORHOOD,NX,NY
-122.3134392,47.5579,15TH AVE S AND S SHELTON ST,2,Injury Collision,Rear Ended,3,2,2,0,0,3/23/06 7:28,Overcast,Wet,Daylight,Beacon Hill-Mid-Beacon Hill,-122.3026113,47.55621863
-122.2999185,47.54501365,BEACON ER AVE S BETWEEN S EDDY ST AND S MORGAN ST,1,Property Damage Only Collision,Parked Car,2,2,0,0,0,11/15/06 13:00,Clear or Partly Cloudy,Dry,Other,Beacon Hill-Mid-Beacon Hill,-122.3026113,47.55621863
-122.3006007,47.5463793,BEACON WR AVE S AND S GRAHAM ST,1,Property Damage Only Collision,Sideswipe,5,3,0,0,0,8/20/08 15:02,Raining,Wet,Daylight,Beacon Hill-Mid-Beacon Hill,-122.3026113,47.55621863
-122.3064263,47.54573946,SWIFT AVE S AND SWIFT AV OFF RP,2,Injury Collision,Angles,2,2,2,0,0,1/28/04 8:04,Raining,Wet,Daylight,Beacon Hill-Mid-Beacon Hill,-122.3026113,47.55621863
-122.3134248,47.55980475,15TH AVE S BETWEEN S ANGELINE ST AND S FERDINAND ST,1,Property Damage Only Collision,Parked Car,3,3,0,0,0,6/15/05 8:01,Clear or Partly Cloudy,Dry,Daylight,Beacon Hill-Mid-Beacon Hill,-122.3026113,47.55621863
-122.3027487,47.55435017,BEACON ER AVE S BETWEEN S BENNETT S ST AND S BRANDON ST,1,Property Damage Only Collision,Parked Car,2,2,0,0,0,5/10/19 9:28,Clear or Partly Cloudy,Dry,Daylight,Beacon Hill-Mid-Beacon Hill,-122.3026113,47.55621863
-122.312299,47.55343793,16TH AVE S AND S LUCILE ST,1,Property Damage Only Collision,Angles,6,2,0,0,0,9/14/04 15:30,Raining,Wet,Daylight,Beacon Hill-Mid-Beacon Hill,-122.3026113,47.55621863
-122.318605,47.5634953,11TH AVE S AND S OREGON ST,1,Property Damage Only Collision,Angles,2,2,0,0,0,11/5/05,Raining,Wet,Daylight,Beacon Hill-Mid-Beacon Hill,-122.3026113,47.55621863
-122.3053058,47.5446487,SWIFT AVE S BETWEEN S EDDY ST AND S WARSAW ST,1,Property Damage Only Collision,Rear Ended,4,2,0,0,0,8/30/06 9:27,Overcast,Dry,Daylight,Beacon Hill-Mid-Beacon Hill,-122.3026113,47.55621863
-122.3134679,47.55410054,15TH AVE S BETWEEN S BENNETT ST AND S LUCILE ST,1,Property Damage Only Collision,Other,1,1,0,0,0,7/30/06 4:47,Raining,Wet,Dark - Street Lights On,Beacon Hill-Mid-Beacon Hill,-122.3026113,47.55621863
-122.3180849,47.55043294,AIRPORT WAY S BETWEEN S HOMER ST AND S DORIS ST,1,Property Damage Only Collision,Other,2,2,0,0,0,9/21/04 10:34,Clear or Partly Cloudy,Dry,Daylight,Beacon Hill-Mid-Beacon Hill,-122.3026113,47.55621863
-122.2993543,47.54318876,BEACON ER AVE S BETWEEN S WARSAW ST AND S HOLLY ST,2,Injury Collision,Parked Car,3,3,1,0,0,12/12/12 13:55,Overcast,Wet,Daylight,Beacon Hill-Mid-Beacon Hill,-122.3026113,47.55621863
-122.3000379,47.54540584,BEACON ER AVE S AND S EDDY ST,2,Injury Collision,Angles,2,2,1,0,0,3/14/08 15:07,Overcast,Wet,Daylight,Beacon Hill-Mid-Beacon Hill,-122.3026113,47.55621863
-122.2941944,47.54620845,S GRAHAM ST BETWEEN SHAFFER AVE S AND 30TH AVE S,1,Property Damage Only Collision,Sideswipe,2,2,0,0,0,7/22/14 11:03,Clear or Partly Cloudy,Dry,Daylight,Beacon Hill-Mid-Beacon Hill,-122.3026113,47.55621863
-122.3105875,47.56052254,S ANGELINE ST BETWEEN 15TH AVE S AND S COLUMBIAN W WAY,2,Injury Collision,Angles,3,2,2,0,0,4/27/15 19:34,Clear or Partly Cloudy,Dry,Daylight,Beacon Hill-Mid-Beacon Hill,-122.3026113,47.55621863
-122.3057276,47.54956729,S KENNY ST BETWEEN 21ST AVE S AND 22ND S AVE S,1,Property Damage Only Collision,Parked Car,2,2,0,0,0,12/18/07 17:45,Raining,Wet,Dark - Street Lights On,Beacon Hill-Mid-Beacon Hill,-122.3026113,47.55621863
-122.300332,47.54637208,BEACON ER AVE S AND S GRAHAM ST,2,Injury Collision,Angles,3,3,2,0,0,3/30/10 22:21,Overcast,Wet,Dark - Street Lights On,Beacon Hill-Mid-Beacon Hill,-122.3026113,47.55621863
-122.3134622,47.56724307,15TH AVE S AND S DAKOTA ST,1,Property Damage Only Collision,Left Turn,4,2,0,0,0,12/2/16 7:59,Raining,Wet,Dawn,Beacon Hill-Mid-Beacon Hill,-122.3026113,47.55621863
-122.3041401,47.55883751,BEACON ER AVE S BETWEEN S COLUMBIAN WAY AND S FERDINAND N ST,1,Property Damage Only Collision,Angles,2,2,0,0,0,10/17/18 12:45,Clear or Partly Cloudy,Dry,Daylight,Beacon Hill-Mid-Beacon Hill,-122.3026113,47.55621863
-122.2915557,47.55095458,32ND AVE S AND S ORCAS ST,2,Injury Collision,Angles,2,2,2,0,0,4/11/13 9:15,Raining,Wet,Daylight,Beacon Hill-Mid-Beacon Hill,-122.3026113,47.55621863
-122.2915544,47.55492466,32ND AVE S BETWEEN S DAWSON ST AND S BENNETT ST,1,Property Damage Only Collision,Parked Car,2,2,0,0,0,4/9/13 14:00,Overcast,Dry,Daylight,Beacon Hill-Mid-Beacon Hill,-122.3026113,47.55621863
-122.299567,47.54291008,BEACON WR AVE S AND S HOLLY N ST,1,Property Damage Only Collision,Angles,2,2,0,0,0,4/13/04 7:50,Clear or Partly Cloudy,Dry,Daylight,Beacon Hill-Mid-Beacon Hill,-122.3026113,47.55621863
-122.284692,47.54411991,M L KING JR WR WAY S BETWEEN S MORGAN ST AND 38TH AVE S,2b,Serious Injury Collision,Other,9,2,5,1,0,9/11/04 22:08,Overcast,Dry,Dark - Street Lights On,Beacon Hill-Mid-Beacon Hill,-122.3026113,47.55621863
-122.2893192,47.55249815,35TH AVE S AND S LUCILE ST,2,Injury Collision,Angles,3,2,2,0,0,6/12/04 18:35,Raining,Wet,Daylight,Beacon Hill-Mid-Beacon Hill,-122.3026113,47.55621863
-122.3128759,47.55475571,S BENNETT ST BETWEEN 15TH AVE S AND 16TH AVE S,1,Property Damage Only Collision,Parked Car,2,2,0,0,0,4/14/13 22:35,Clear or Partly Cloudy,Dry,Dark - Street Lights On,Beacon Hill-Mid-Beacon Hill,-122.3026113,47.55621863
-122.3171835,47.55418716,12TH AVE S BETWEEN S BENNETT ST AND S LUCILE ST,1,Property Damage Only Collision,Parked Car,2,2,0,0,0,6/28/04 12:31,Clear or Partly Cloudy,Dry,Daylight,Beacon Hill-Mid-Beacon Hill,-122.3026113,47.55621863
-122.2879588,47.54608596,S GRAHAM ST BETWEEN 33RD AVE S AND M L KING JR WR WAY S,1,Property Damage Only Collision,Sideswipe,2,2,0,0,0,4/12/13 16:54,Raining,Wet,Daylight,Beacon Hill-Mid-Beacon Hill,-122.3026113,47.55621863
-122.2882922,47.55160251,M L KING JR WR WAY S BETWEEN S FINDLAY ST AND S ORCAS ST,1,Property Damage Only Collision,Right Turn,2,2,0,0,0,1/23/18 23:15,Raining,Wet,Dark - Street Lights On,Beacon Hill-Mid-Beacon Hill,-122.3026113,47.55621863
-122.3127415,47.56324163,16TH AVE S AND S COLUMBIAN WAY,2,Injury Collision,Left Turn,2,2,1,0,0,7/7/04,Clear or Partly Cloudy,Dry,Daylight,Beacon Hill-Mid-Beacon Hill,-122.3026113,47.55621863
-122.2904597,47.5534528,33RD AVE S AND S BRANDON ST,1,Property Damage Only Collision,Angles,2,2,0,0,0,11/10/04 20:43,Clear or Partly Cloudy,Dry,Dark - Street Lights On,Beacon Hill-Mid-Beacon Hill,-122.3026113,47.55621863
-122.3134829,47.55234567,15TH AVE S BETWEEN S LUCILE ST AND S ORCAS ST,1,Property Damage Only Collision,Parked Car,2,2,0,0,0,9/3/06,Clear or Partly Cloudy,Dry,Dark - Street Lights On,Beacon Hill-Mid-Beacon Hill,-122.3026113,47.55621863
-122.2958197,47.54625221,29TH AVE S AND S GRAHAM ST,2,Injury Collision,Angles,2,2,1,0,0,9/2/08,Clear or Partly Cloudy,Dry,Daylight,Beacon Hill-Mid-Beacon Hill,-122.3026113,47.55621863
-122.2893233,47.5528452,35TH AVE S BETWEEN DEAD END 5 AND S LUCILE ST,1,Property Damage Only Collision,Parked Car,2,2,0,0,0,12/18/10 11:00,Clear or Partly Cloudy,Dry,Daylight,Beacon Hill-Mid-Beacon Hill,-122.3026113,47.55621863
-122.3135245,47.56260182,15TH AVE S BETWEEN S OREGON ST AND S SNOQUALMIE ST,2,Injury Collision,Parked Car,3,2,1,0,0,10/13/16 20:43,Raining,Wet,Dark - Street Lights On,Beacon Hill-Mid-Beacon Hill,-122.3026113,47.55621863
-122.3127415,47.56324163,16TH AVE S AND S COLUMBIAN WAY,1,Property Damage Only Collision,Left Turn,2,2,0,0,0,10/30/12 7:50,Raining,Wet,Dawn,Beacon Hill-Mid-Beacon Hill,-122.3026113,47.55621863
-122.2879588,47.54608596,S GRAHAM ST BETWEEN 33RD AVE S AND M L KING JR WR WAY S,1,Property Damage Only Collision,Rear Ended,4,2,0,0,0,10/23/08 9:57,Unknown,Unknown,Daylight,Beacon Hill-Mid-Beacon Hill,-122.3026113,47.55621863
-122.3134248,47.55980475,15TH AVE S BETWEEN S ANGELINE ST AND S FERDINAND ST,2,Injury Collision,Rear Ended,2,2,1,0,0,5/9/12 8:10,Overcast,Wet,Daylight,Beacon Hill-Mid-Beacon Hill,-122.3026113,47.55621863
-122.3182054,47.55752021,CORSON AVE S BETWEEN S SHELTON ST AND S HUDSON ST,2,Injury Collision,Pedestrian,2,1,1,0,0,11/19/09 16:58,Raining,Wet,Dark - Street Lights On,Beacon Hill-Mid-Beacon Hill,-122.3026113,47.55621863
-122.3134191,47.56055995,15TH AVE S AND S ANGELINE ST,1,Property Damage Only Collision,Angles,2,2,0,0,0,6/12/17 7:49,Clear or Partly Cloudy,Dry,Daylight,Beacon Hill-Mid-Beacon Hill,-122.3026113,47.55621863
-122.3110931,47.55233776,17TH AVE S BETWEEN S LUCILE ST AND S ORCAS ST,1,Property Damage Only Collision,Parked Car,4,4,0,0,0,1/1/11 21:21,Clear or Partly Cloudy,Dry,Dark - Street Lights On,Beacon Hill-Mid-Beacon Hill,-122.3026113,47.55621863
-122.3179589,47.55828094,CORSON AVE S BETWEEN S FERDINAND ST AND S SHELTON ST,1,Property Damage Only Collision,Parked Car,2,2,0,0,0,6/3/14 9:15,Unknown,Unknown,Daylight,Beacon Hill-Mid-Beacon Hill,-122.3026113,47.55621863
-122.3143013,47.54770866,AIRPORT WAY S BETWEEN 13TH AVE S AND S HARDY ST,0,Unknown,,0,0,0,0,0,6/17/09,,,,Beacon Hill-Mid-Beacon Hill,-122.3026113,47.55621863
-122.3159751,47.54858799,13TH AVE S AND AIRPORT WAY S,1,Property Damage Only Collision,Left Turn,2,2,0,0,0,2/3/17 14:00,Raining,Wet,Daylight,Beacon Hill-Mid-Beacon Hill,-122.3026113,47.55621863
-122.2879588,47.54608596,S GRAHAM ST BETWEEN 33RD AVE S AND M L KING JR WR WAY S,1,Property Damage Only Collision,Sideswipe,2,2,0,0,0,5/2/09,Clear or Partly Cloudy,Dry,Dawn,Beacon Hill-Mid-Beacon Hill,-122.3026113,47.55621863
-122.2915535,47.55529415,32ND AVE S AND S DAWSON ST,1,Property Damage Only Collision,,2,0,0,0,0,1/12/20,,,,Beacon Hill-Mid-Beacon Hill,-122.3026113,47.55621863
-122.2926049,47.54707972,31ST AVE S BETWEEN S RAYMOND ST AND S GRAHAM ST,0,Unknown,,0,0,0,0,0,9/10/04,,,,Beacon Hill-Mid-Beacon Hill,-122.3026113,47.55621863
-122.3030519,47.55105958,S ORCAS ST BETWEEN 23RD AVE S AND BEACON WR AVE S,0,Unknown,,0,0,0,0,0,10/27/04,,,,Beacon Hill-Mid-Beacon Hill,-122.3026113,47.55621863
-122.312299,47.55343793,16TH AVE S AND S LUCILE ST,0,Unknown,,0,0,0,0,0,12/18/04,,,,Beacon Hill-Mid-Beacon Hill,-122.3026113,47.55621863
-122.3143013,47.54770866,AIRPORT WAY S BETWEEN 13TH AVE S AND S HARDY ST,0,Unknown,,0,0,0,0,0,12/29/04,,,,Beacon Hill-Mid-Beacon Hill,-122.3026113,47.55621863
-122.3123242,47.55059186,16TH AVE S BETWEEN S ORCAS ST AND S JUNEAU ST,1,Property Damage Only Collision,Rear Ended,2,2,0,0,0,4/13/04 19:00,Clear or Partly Cloudy,Dry,Daylight,Beacon Hill-Mid-Beacon Hill,-122.3026113,47.55621863
-122.312515,47.54816749,CORGIAT DR S AND S ALBRO PL,2,Injury Collision,Angles,3,2,1,0,0,4/10/04 16:50,Clear or Partly Cloudy,Dry,Daylight,Beacon Hill-Mid-Beacon Hill,-122.3026113,47.55621863
-122.2909465,47.54795952,S RAYMOND ST BETWEEN 32ND AVE S AND 33RD AVE S,0,Unknown,,0,0,0,0,0,4/4/13,,,,Beacon Hill-Mid-Beacon Hill,-122.3026113,47.55621863
-122.3159963,47.5653161,13TH AVE S AND S NEVADA ST,0,Unknown,,0,0,0,0,0,12/10/04,,,,Beacon Hill-Mid-Beacon Hill,-122.3026113,47.55621863
-122.2884847,47.55119502,S ORCAS ST BETWEEN 35TH E AVE S AND M L KING JR WR WAY S,1,Property Damage Only Collision,Parked Car,2,2,0,0,0,5/19/19 17:53,Clear or Partly Cloudy,Dry,Daylight,Beacon Hill-Mid-Beacon Hill,-122.3026113,47.55621863
-122.2860912,47.54701438,M L KING JR WR WAY S BETWEEN S RAYMOND ST AND S GRAHAM ST,0,Unknown,,0,0,0,0,0,12/21/04,,,,Beacon Hill-Mid-Beacon Hill,-122.3026113,47.55621863
-122.2950599,47.56086211,S ALASKA PL AND S ALASKA ST,1,Property Damage Only Collision,Pedestrian,2,1,0,0,0,4/8/13 6:45,Overcast,Wet,Daylight,Beacon Hill-Mid-Beacon Hill,-122.3026113,47.55621863
-122.3159751,47.54858799,13TH AVE S AND AIRPORT WAY S,1,Property Damage Only Collision,Other,2,2,0,0,0,1/15/04 15:10,Overcast,Wet,Daylight,Beacon Hill-Mid-Beacon Hill,-122.3026113,47.55621863
-122.3011516,47.54428439,S MORGAN ST BETWEEN 24TH AVE S AND BEACON WR S AVE S,1,Property Damage Only Collision,Parked Car,5,4,0,0,0,10/30/04 19:04,Clear or Partly Cloudy,Dry,Dark - Street Lights On,Beacon Hill-Mid-Beacon Hill,-122.3026113,47.55621863
-122.3118172,47.54852153,S ALBRO PL BETWEEN CORGIAT DR S AND SWIFT AVE S,0,Unknown,,0,0,0,0,0,12/7/04,,,,Beacon Hill-Mid-Beacon Hill,-122.3026113,47.55621863
-122.3137639,47.56986598,15TH AVS TURN RD AND S COLUMBIAN WAY,1,Property Damage Only Collision,Head On,2,2,0,0,0,2/28/18 15:51,Raining,Wet,Daylight,Beacon Hill-Mid-Beacon Hill,-122.3026113,47.55621863
-122.3172479,47.56722553,12TH AVE S AND S DAKOTA ST,0,Unknown,,2,0,0,0,0,3/10/19,,,,Beacon Hill-Mid-Beacon Hill,-122.3026113,47.55621863
-122.3127248,47.54977251,SWIFT AVE S BETWEEN 15TH AVE S AND 16TH AVE S,2,Injury Collision,Head On,3,2,2,0,0,7/3/04,Clear or Partly Cloudy,Dry,Daylight,Beacon Hill-Mid-Beacon Hill,-122.3026113,47.55621863
-122.315691,47.57297957,S COLUMBIAN EB WAY BETWEEN I5 SB COLLECTOR AND 14TH AVE S,1,Property Damage Only Collision,Sideswipe,3,2,0,0,0,1/13/04 15:00,Clear or Partly Cloudy,Dry,Dusk,Beacon Hill-Mid-Beacon Hill,-122.3026113,47.55621863
-122.305556,47.54540319,S EDDY ST BETWEEN SWIFT AVE S AND 22ND AVE S,0,Unknown,,0,0,0,0,0,1/6/04,,,,Beacon Hill-Mid-Beacon Hill,-122.3026113,47.55621863
-122.3143013,47.54770866,AIRPORT WAY S BETWEEN 13TH AVE S AND S HARDY ST,2,Injury Collision,Head On,2,2,1,0,0,11/15/18 17:38,Clear or Partly Cloudy,Dry,Dark - Street Lights On,Beacon Hill-Mid-Beacon Hill,-122.3026113,47.55621863
-122.3134622,47.56724307,15TH AVE S AND S DAKOTA ST,1,Property Damage Only Collision,Left Turn,4,3,0,0,0,4/5/13 7:42,Raining,Wet,Daylight,Beacon Hill-Mid-Beacon Hill,-122.3026113,47.55621863
-122.2930204,47.56009254,M L KING JR WR WAY S BETWEEN S ALASKA ST AND S ANGELINE ST,2,Injury Collision,Rear Ended,4,2,3,0,0,4/11/13 15:04,Clear or Partly Cloudy,Dry,Daylight,Beacon Hill-Mid-Beacon Hill,-122.3026113,47.55621863
-122.291854,47.558266,M L KING JR WR WAY S BETWEEN S EDMUNDS ST AND S FERDINAND ST,2,Injury Collision,Rear Ended,2,2,1,0,0,5/1/04,Clear or Partly Cloudy,Dry,Dark - Street Lights On,Beacon HILL-Mid-Beacon HILL,-122.3026113,47.55621863
-122.3013165,47.54534364,S EDDY ST BETWEEN 24TH AVE S AND BEACON WR AVE S,0,Unknown,,0,0,0,0,0,1/14/04,,,,Beacon Hill-Mid-Beacon Hill,-122.3026113,47.55621863
-122.3014698,47.5464027,S GRAHAM ST BETWEEN 24TH AVE S AND BEACON WR AVE S,0,Unknown,,0,0,0,0,0,12/15/04,,,,Beacon Hill-Mid-Beacon Hill,-122.3026113,47.55621863
-122.2915544,47.55492466,32ND AVE S BETWEEN S DAWSON ST AND S BENNETT ST,1,Property Damage Only Collision,Parked Car,3,3,0,0,0,5/1/04,Clear or Partly Cloudy,Dry,Dark - No Street Lights,Beacon Hill-Mid-Beacon Hill,-122.3026113,47.55621863
-122.3041401,47.55883751,BEACON ER AVE S BETWEEN S COLUMBIAN WAY AND S FERDINAND N ST,2,Injury Collision,Other,2,2,1,0,0,1/23/04 18:10,Raining,Dry,Dark - Street Lights On,Beacon Hill-Mid-Beacon Hill,-122.3026113,47.55621863
-122.3134679,47.55410054,15TH AVE S BETWEEN S BENNETT ST AND S LUCILE ST,1,Property Damage Only Collision,Parked Car,2,2,0,0,0,5/6/04,Clear or Partly Cloudy,Dry,Daylight,Beacon Hill-Mid-Beacon Hill,-122.3026113,47.55621863
-122.3135066,47.56391747,15TH AVE S BETWEEN S COLUMBIAN S WAY AND S OREGON ST,2,Injury Collision,Rear Ended,2,2,1,0,0,9/16/04 18:23,Raining,Wet,Daylight,Beacon Hill-Mid-Beacon Hill,-122.3026113,47.55621863
-122.3134679,47.55410054,15TH AVE S BETWEEN S BENNETT ST AND S LUCILE ST,1,Property Damage Only Collision,Parked Car,2,2,0,0,0,11/24/04 15:00,Raining,Wet,Dusk,Beacon Hill-Mid-Beacon Hill,-122.3026113,47.55621863
-122.3031397,47.55563122,BEACON ER AVE S BETWEEN S DAWSON ST AND S BENNETT N ST,0,Unknown,,0,0,0,0,0,1/17/04,,,,Beacon Hill-Mid-Beacon Hill,-122.3026113,47.55621863
-122.3013165,47.54534364,S EDDY ST BETWEEN 24TH AVE S AND BEACON WR AVE S,1,Property Damage Only Collision,Parked Car,2,2,0,0,0,10/10/04 14:17,Unknown,Unknown,Unknown,Beacon Hill-Mid-Beacon Hill,-122.3026113,47.55621863
-122.2860912,47.54701438,M L KING JR WR WAY S BETWEEN S RAYMOND ST AND S GRAHAM ST,2,Injury Collision,Rear Ended,4,3,4,0,0,7/24/04 13:43,Clear or Partly Cloudy,Dry,Daylight,Beacon Hill-Mid-Beacon Hill,-122.3026113,47.55621863
-122.2945878,47.53796576,BEACON ER AVE S BETWEEN S MYRTLE ST AND S OTHELLO ST,2,Injury Collision,Rear Ended,6,2,1,0,0,3/31/13 19:00,Clear or Partly Cloudy,Dry,Dusk,Beacon Hill-South Beacon Hill,-122.2962265,47.52937853
-122.3079367,47.54698098,SWIFT AVE S AND S GRAHAM ST,1,Property Damage Only Collision,Left Turn,3,2,0,0,0,2/27/04 17:42,Overcast,Dry,Dusk,Beacon Hill-South Beacon Hill,-122.2962265,47.52937853
-122.2792654,47.52611404,M L KING JR WR WAY S AND S CLOVERDALE ST,2,Injury Collision,Left Turn,4,2,4,0,0,12/16/18 1:03,Raining,Wet,Dark - Street Lights On,Beacon Hill-South Beacon Hill,-122.2962265,47.52937853
-122.293751,47.53891249,S MYRTLE ST BETWEEN BEACON ER AVE S AND S MYRTLE PL,1,Property Damage Only Collision,Rear Ended,2,2,0,0,0,10/14/06 21:48,Raining,Wet,Dark - Street Lights On,Beacon Hill-South Beacon Hill,-122.2962265,47.52937853
-122.3082797,47.54717122,SWIFT AVE S BETWEEN 19TH ER AVE S AND S GRAHAM ST,1,Property Damage Only Collision,Rear Ended,3,2,0,0,0,4/1/13 12:52,Overcast,Dry,Daylight,Beacon Hill-South Beacon Hill,-122.2962265,47.52937853
-122.2931688,47.53676155,BEACON WR AVE S AND S OTHELLO ST,2,Injury Collision,Left Turn,4,2,1,0,0,3/19/05 20:19,Overcast,Dry,Dark - Street Lights On,Beacon Hill-South Beacon Hill,-122.2962265,47.52937853
-122.2889606,47.53271655,BEACON WR AVE S BETWEEN S PORTLAND ST AND S CHICAGO ST,1,Property Damage Only Collision,Parked Car,3,3,0,0,0,3/26/13 7:20,Overcast,Dry,Dark - Street Lights On,Beacon Hill-South Beacon Hill,-122.2962265,47.52937853
-122.2878823,47.52788512,S THISTLE ST BETWEEN BEACON WR S AVE S AND BEACON ER AVE S,1,Property Damage Only Collision,Angles,2,2,0,0,0,3/30/13 10:57,Clear or Partly Cloudy,Dry,Daylight,Beacon Hill-South Beacon Hill,-122.2962265,47.52937853
-122.2983584,47.53396284,AIRPORT WAY S BETWEEN S OTHELLO ST AND MILITARY RD S,2b,Serious Injury Collision,Other,2,1,2,1,0,10/29/06 2:56,Overcast,Dry,Dark - No Street Lights,Beacon Hill-South Beacon Hill,-122.2962265,47.52937853
-122.2832981,47.53243665,39TH AVE S BETWEEN S HOLDEN ST AND S KENYON ST,1,Property Damage Only Collision,Parked Car,2,2,0,0,0,3/28/13 20:00,Unknown,Unknown,Unknown,Beacon Hill-South Beacon Hill,-122.2962265,47.52937853
-122.293751,47.53891249,S MYRTLE ST BETWEEN BEACON ER AVE S AND S MYRTLE PL,2,Injury Collision,Rear Ended,4,2,1,0,0,12/31/08 9:04,Overcast,Dry,Daylight,Beacon Hill-South Beacon Hill,-122.2962265,47.52937853
-122.3060942,47.54540983,SWIFT AVE S AND S EDDY ST,1,Property Damage Only Collision,Rear Ended,2,2,0,0,0,5/3/10 17:00,Clear or Partly Cloudy,Dry,Daylight,Beacon Hill-South Beacon Hill,-122.2962265,47.52937853
-122.3000038,47.53944267,SWIFT AVE S BETWEEN COVELLO W DR S AND COVELLO E DR S,1,Property Damage Only Collision,Rear Ended,3,2,0,0,0,3/27/14 17:59,Clear or Partly Cloudy,Dry,Daylight,Beacon Hill-South Beacon Hill,-122.2962265,47.52937853
-122.2789197,47.52520624,M L KING JR WR WAY S BETWEEN S CLOVERDALE ST AND S TRENTON ST,2b,Serious Injury Collision,Other,3,1,2,2,0,3/6/17 16:36,Clear or Partly Cloudy,Dry,Daylight,Beacon Hill-South Beacon Hill,-122.2962265,47.52937853
-122.2791224,47.51524989,M L KING JR WR WAY S BETWEEN MERTON WAY S AND S NORFOLK ST,1,Property Damage Only Collision,Sideswipe,3,2,0,0,0,2/12/10 18:50,Raining,Wet,Dark - Street Lights On,Beacon Hill-South Beacon Hill,-122.2962265,47.52937853
-122.3062596,47.54557493,SWIFT AVE S BETWEEN SWIFT AV OFF RP AND S EDDY ST,0,Unknown,,0,0,0,0,0,8/19/04,,,,Beacon Hill-South Beacon Hill,-122.2962265,47.52937853
-122.2820568,47.51990297,CARKEEK DR S BETWEEN 41ST AVE S AND 40TH AVE S,1,Property Damage Only Collision,Other,1,1,0,0,0,3/30/19 4:35,Clear or Partly Cloudy,Dry,Dark - Street Lights On,Beacon Hill-South Beacon Hill,-122.2962265,47.52937853
-122.2886883,47.53271373,BEACON ER AVE S BETWEEN S PORTLAND ST AND S CHICAGO ST,0,Unknown,,0,0,0,0,0,11/10/04,,,,Beacon Hill-South Beacon Hill,-122.2962265,47.52937853
-122.2878549,47.53034343,BEACON ER AVE S BETWEEN S MONROE ST AND S ROSE ST,1,Property Damage Only Collision,Rear Ended,2,2,0,0,0,11/11/17 7:06,Raining,Wet,Dawn,Beacon Hill-South Beacon Hill,-122.2962265,47.52937853
-122.2808036,47.5261038,42ND AVE S AND S CLOVERDALE ST,2,Injury Collision,Angles,8,2,2,0,0,8/24/06 12:52,Clear or Partly Cloudy,Dry,Daylight,Beacon Hill-South Beacon Hill,-122.2962265,47.52937853
-122.3053392,47.54391961,SWIFT AV OFF RP BETWEEN I5 NB AND SWIFT AVE S,2,Injury Collision,Rear Ended,3,3,2,0,0,5/26/15 18:55,Clear or Partly Cloudy,Dry,Daylight,Beacon Hill-South Beacon Hill,-122.2962265,47.52937853
-122.2859579,47.5269976,37TH AVE S BETWEEN S THISTLE ST AND S CLOVERDALE ST,1,Property Damage Only Collision,Parked Car,2,2,0,0,0,2/16/14 4:04,Raining,Wet,Dark - No Street Lights,Beacon Hill-South Beacon Hill,-122.2962265,47.52937853
-122.2848411,47.52138488,38TH AVE S AND S BARTON ST,2,Injury Collision,Angles,4,2,1,0,0,8/16/09 19:55,Clear or Partly Cloudy,Dry,Dusk,Beacon Hill-South Beacon Hill,-122.2962265,47.52937853
-122.3010917,47.5403276,SWIFT AVE S BETWEEN S WILLOW ST AND COVELLO W DR S,2b,Serious Injury Collision,Other,2,1,1,1,0,8/6/11 2:00,Clear or Partly Cloudy,Dry,Dark - Street Lights On,Beacon Hill-South Beacon Hill,-122.2962265,47.52937853
-122.278933,47.51342479,M L KING JR WR WAY S AND S NORFOLK ST,1,Property Damage Only Collision,Right Turn,4,2,0,0,0,4/24/09 12:07,Clear or Partly Cloudy,Dry,Daylight,Beacon Hill-South Beacon Hill,-122.2962265,47.52937853
-122.283668,47.52787048,39TH AVE S AND S THISTLE ST,2,Injury Collision,Angles,2,2,2,0,0,11/2/04,Unknown,Unknown,Unknown,Beacon Hill-South Beacon Hill,-122.2962265,47.52937853
-122.3079367,47.54698098,SWIFT AVE S AND S GRAHAM ST,2,Injury Collision,Rear Ended,4,2,1,0,0,5/11/18 19:00,Clear or Partly Cloudy,Dry,Daylight,Beacon Hill-South Beacon Hill,-122.2962265,47.52937853
-122.2888636,47.533058,BEACON ER AVE S AND S PORTLAND ST,1,Property Damage Only Collision,Angles,3,2,0,0,0,12/12/04 8:42,Clear or Partly Cloudy,Dry,Daylight,Beacon Hill-South Beacon Hill,-122.2962265,47.52937853
-122.3079367,47.54698098,SWIFT AVE S AND S GRAHAM ST,1,Property Damage Only Collision,Angles,2,2,0,0,0,4/10/13 12:20,Clear or Partly Cloudy,Dry,Daylight,Beacon Hill-South Beacon Hill,-122.2962265,47.52937853
-122.2859599,47.52241262,37TH AVE S BETWEEN BEACON WR AVE S AND S BARTON ST,1,Property Damage Only Collision,Other,2,2,0,0,0,9/20/04 15:58,Clear or Partly Cloudy,Dry,Daylight,Beacon Hill-South Beacon Hill,-122.2962265,47.52937853
-122.2897068,47.53409893,BEACON WR AVE S BETWEEN S AUSTIN ST AND S HOLDEN ST,1,Property Damage Only Collision,Parked Car,2,2,0,0,0,2/13/19 23:00,Snowing,Snow/Slush,Unknown,Beacon Hill-South Beacon Hill,-122.2962265,47.52937853
-122.2947903,47.53666678,S OTHELLO ST BETWEEN MILITARY RD S AND BEACON WR AVE S,1,Property Damage Only Collision,Rear Ended,4,2,0,0,0,6/20/04 18:28,Clear or Partly Cloudy,Dry,Daylight,Beacon Hill-South Beacon Hill,-122.2962265,47.52937853
-122.2789197,47.52520624,M L KING JR WR WAY S BETWEEN S CLOVERDALE ST AND S TRENTON ST,1,Property Damage Only Collision,Sideswipe,2,2,0,0,0,3/19/04 15:33,Clear or Partly Cloudy,Dry,Daylight,Beacon Hill-South Beacon Hill,-122.2962265,47.52937853