X,Y,LOCATION,SEVERITYCODE,SEVERITYDESC,COLLISIONTYPE,PERSONCOUNT,VEHCOUNT,INJURIES,SERIOUSINJURIES,FATALITIES,INCDTTM,WEATHER,ROADCOND,LIGHTCOND,NEIGHBORHOOD,NX,NY
-122.2914564,47.53238558,S CHICAGO ST BETWEEN DEAD END 3 AND 32ND AVE S,1,Property Damage Only Collision,Parked Car,2,2,0,0,0,3/5/04,Unknown,Unknown,Unknown,Beacon Hill-South Beacon Hill,-122.2962265,47.52937853
-122.2948226,47.5378637,BEACON WR AVE S BETWEEN S MYRTLE ST AND S OTHELLO ST,0,Unknown,,0,0,0,0,0,12/11/04,,,,Beacon Hill-South Beacon Hill,-122.2962265,47.52937853
-122.289705,47.51640341,AIRPORT WAY S BETWEEN CITY LIMITS C AND S NORFOLK ST,2,Injury Collision,Rear Ended,2,2,1,0,0,1/15/04 16:25,Raining,Wet,Dusk,Beacon Hill-South Beacon Hill,-122.2962265,47.52937853
-122.3062596,47.54557493,SWIFT AVE S BETWEEN SWIFT AV OFF RP AND S EDDY ST,1,Property Damage Only Collision,Rear Ended,2,2,0,0,0,3/25/04 16:30,Raining,Wet,Daylight,Beacon Hill-South Beacon Hill,-122.2962265,47.52937853
-122.2886883,47.53271373,BEACON ER AVE S BETWEEN S PORTLAND ST AND S CHICAGO ST,1,Property Damage Only Collision,Parked Car,2,2,0,0,0,6/19/04 12:00,Clear or Partly Cloudy,Dry,Daylight,Beacon Hill-South Beacon Hill,-122.2962265,47.52937853
-122.2936542,47.54350859,30TH AVE S BETWEEN S MORGAN ST AND S HOLLY ST,0,Unknown,,0,0,0,0,0,11/23/18,,,,Beacon Hill-Holly Park,-122.2888957,47.53799609
-122.2909043,47.53946714,32ND AVE S BETWEEN S FRONTENAC ST AND S MYRTLE ST,1,Property Damage Only Collision,Parked Car,3,2,0,0,0,7/12/06 12:15,Raining,Wet,Daylight,Beacon Hill-Holly Park,-122.2888957,47.53799609
-122.2947487,47.54352116,SHAFFER AVE S BETWEEN S MORGAN ST AND S HOLLY ST,1,Property Damage Only Collision,Parked Car,5,2,0,0,0,5/11/19 19:40,Clear or Partly Cloudy,Dry,Daylight,Beacon Hill-Holly Park,-122.2888957,47.53799609
-122.2812932,47.5370423,M L KING JR WR WAY S AND S OTHELLO ST,2,Injury Collision,Angles,4,2,1,0,0,7/28/05 11:45,Clear or Partly Cloudy,Dry,Daylight,Beacon Hill-Holly Park,-122.2888957,47.53799609
-122.2819113,47.53618909,40TH AVE S AND S HOLLY PARK DR,1,Property Damage Only Collision,Angles,2,2,0,0,0,4/2/13 7:45,Clear or Partly Cloudy,Dry,Daylight,Beacon Hill-Holly Park,-122.2888957,47.53799609
-122.2834778,47.54157198,M L KING JR WR WAY S BETWEEN S HOLLY ST AND S WILLOW ST,1,Property Damage Only Collision,Rear Ended,3,3,0,0,0,3/26/13 17:09,Clear or Partly Cloudy,Dry,Daylight,Beacon Hill-Holly Park,-122.2888957,47.53799609
-122.2807928,47.53153737,M L KING JR WR WAY S AND S KENYON ST,2,Injury Collision,Other,2,2,1,0,0,4/1/13 18:33,Clear or Partly Cloudy,Dry,Daylight,Beacon Hill-Holly Park,-122.2888957,47.53799609
-122.2868623,47.53729873,HOLLY PARK DR S AND S MYRTLE PL,2,Injury Collision,Rear Ended,2,2,1,0,0,6/25/09 13:51,Clear or Partly Cloudy,Dry,Daylight,Beacon Hill-Holly Park,-122.2888957,47.53799609
-122.2823449,47.53704402,S OTHELLO ST BETWEEN 39TH AVE S AND M L KING JR WR WAY S,2,Injury Collision,Left Turn,0,2,1,0,0,3/16/17 16:03,Clear or Partly Cloudy,Dry,Daylight,Beacon Hill-Holly Park,-122.2888957,47.53799609
-122.2826025,47.53978646,M L KING JR WR WAY S BETWEEN S WILLOW ST AND S MYRTLE ST,1,Property Damage Only Collision,Rear Ended,4,2,0,0,0,12/21/16 18:08,Overcast,Dry,Dark - Street Lights On,Beacon Hill-Holly Park,-122.2888957,47.53799609
-122.2826025,47.53978646,M L KING JR WR WAY S BETWEEN S WILLOW ST AND S MYRTLE ST,1,Property Damage Only Collision,Rear Ended,5,3,0,0,0,1/3/19 19:10,Overcast,Wet,Dusk,Beacon Hill-Holly Park,-122.2888957,47.53799609
-122.2854202,47.53887927,S MYRTLE ST BETWEEN 37TH AVE S AND 38TH AVE S,1,Property Damage Only Collision,Parked Car,2,2,0,0,0,4/9/13 23:00,Unknown,Unknown,Dark - Street Lights On,Beacon Hill-Holly Park,-122.2888957,47.53799609
-122.2968219,47.53919549,BEACON WR AVE S BETWEEN 28TH AVE S AND S MYRTLE ST,2,Injury Collision,Rear Ended,4,2,2,0,0,5/14/15 15:54,Clear or Partly Cloudy,Dry,Daylight,Beacon Hill-Holly Park,-122.2888957,47.53799609
-122.2840517,47.53704015,S OTHELLO ST BETWEEN 38TH AVE S AND 39TH AVE S,2,Injury Collision,Rear Ended,2,2,2,0,0,7/8/16 16:23,Overcast,Dry,Daylight,Beacon Hill-Holly Park,-122.2888957,47.53799609
-122.2808113,47.53299172,M L KING JR WR WAY S BETWEEN S HOLDEN ST AND S CHICAGO ST,1,Property Damage Only Collision,Other,3,2,0,0,0,3/10/16 12:14,Raining,Wet,Daylight,Beacon Hill-Holly Park,-122.2888957,47.53799609
-122.2847256,47.53795902,38TH AVE S BETWEEN S MYRTLE ST AND S OTHELLO ST,1,Property Damage Only Collision,Parked Car,2,2,0,0,0,2/24/15 11:30,Unknown,Unknown,Unknown,Beacon Hill-Holly Park,-122.2888957,47.53799609
-122.2921643,47.54131773,S BRIGHTON ST BETWEEN 30TH AVE S AND 32ND AVE S,2,Injury Collision,Cycles,3,1,1,0,0,6/29/11 20:00,Clear or Partly Cloudy,Dry,Daylight,Beacon Hill-Holly Park,-122.2888957,47.53799609
-122.2834636,47.53888304,S MYRTLE ST BETWEEN 38TH AVE S AND M L KING JR WR WAY S,2,Injury Collision,Angles,5,2,1,0,0,8/20/11 18:43,Clear or Partly Cloudy,Dry,Daylight,Beacon Hill-Holly Park,-122.2888957,47.53799609
-122.281345,47.53420104,S AUSTIN ST BETWEEN 40TH AVE S AND M L KING JR WR WAY S,1,Property Damage Only Collision,Parked Car,2,2,0,0,0,10/11/10 20:00,Unknown,Unknown,Unknown,Beacon Hill-Holly Park,-122.2888957,47.53799609
-122.2847948,47.54246111,38TH AVE S AND S HOLLY ST,1,Property Damage Only Collision,Sideswipe,2,2,0,0,0,4/14/15 7:23,Clear or Partly Cloudy,Dry,Daylight,Beacon Hill-Holly Park,-122.2888957,47.53799609
-122.2968219,47.53919549,BEACON WR AVE S BETWEEN 28TH AVE S AND S MYRTLE ST,1,Property Damage Only Collision,Rear Ended,2,2,0,0,0,1/20/04 18:30,Overcast,Dry,Dark - Street Lights On,Beacon Hill-Holly Park,-122.2888957,47.53799609
-122.2843571,47.54245955,S HOLLY ST BETWEEN 38TH AVE S AND M L KING JR WR WAY S,1,Property Damage Only Collision,Angles,2,2,0,0,0,4/13/13 18:38,Overcast,Wet,Daylight,Beacon Hill-Holly Park,-122.2888957,47.53799609
-122.2947549,47.54264794,SHAFFER AVE S AND S HOLLY ST,2,Injury Collision,Angles,4,2,1,0,0,5/24/04 8:09,Clear or Partly Cloudy,Dry,Daylight,Beacon Hill-Holly Park,-122.2888957,47.53799609
-122.2936403,47.54264726,30TH AVE S AND S HOLLY ST,1,Property Damage Only Collision,Angles,2,2,0,0,0,9/22/04 15:14,Raining,Wet,Daylight,Beacon Hill-Holly Park,-122.2888957,47.53799609
-122.2821789,47.53888387,M L KING JR WR WAY S AND S MYRTLE ST,0,Unknown,,0,0,0,0,0,12/14/04,,,,Beacon Hill-Holly Park,-122.2888957,47.53799609
-122.2817366,47.53796439,M L KING JR WR WAY S BETWEEN S MYRTLE ST AND S OTHELLO ST,2,Injury Collision,Rear Ended,5,3,2,0,0,6/12/04 15:37,Overcast,Dry,Daylight,Beacon Hill-Holly Park,-122.2888957,47.53799609
-122.2812932,47.5370423,M L KING JR WR WAY S AND S OTHELLO ST,2,Injury Collision,Angles,3,2,2,0,0,4/14/13 19:55,Clear or Partly Cloudy,Dry,Dusk,Beacon Hill-Holly Park,-122.2888957,47.53799609
-122.2853874,47.53702877,S OTHELLO ST BETWEEN S MYRTLE PL AND 38TH AVE S,1,Property Damage Only Collision,Rear Ended,2,2,0,0,0,10/5/04,Fog/Smog/Smoke,Dry,Daylight,Beacon Hill-Holly Park,-122.2888957,47.53799609
-122.2947425,47.54439165,SHAFFER AVE S AND S MORGAN ST,1,Property Damage Only Collision,Angles,2,2,0,0,0,5/28/04 14:24,Raining,Wet,Daylight,Beacon Hill-Holly Park,-122.2888957,47.53799609
-122.2817366,47.53796439,M L KING JR WR WAY S BETWEEN S MYRTLE ST AND S OTHELLO ST,2,Injury Collision,Rear Ended,5,3,2,0,0,3/24/04 15:00,Raining,Wet,Daylight,Beacon Hill-Holly Park,-122.2888957,47.53799609
-122.2737411,47.54381502,RAINIER AVE S BETWEEN S MORGAN ST AND S WARSAW ST,1,Property Damage Only Collision,Parked Car,3,2,0,0,0,5/24/05 16:30,Clear or Partly Cloudy,Dry,Daylight,Rainier Valley-Brighton,-122.2759487,47.53880398
-122.2815463,47.53797,M L KING JR ER WAY S BETWEEN S MYRTLE ST AND S OTHELLO ST,1,Property Damage Only Collision,Rear Ended,2,2,0,0,0,10/30/10 1:05,Clear or Partly Cloudy,Dry,Dark - Street Lights On,Rainier Valley-Brighton,-122.2759487,47.53880398
-122.2756724,47.54578659,RAINIER AVE S BETWEEN S GRAHAM ST AND 46TH AVE S,2,Injury Collision,Angles,2,2,1,0,0,3/29/13 13:24,Clear or Partly Cloudy,Dry,Daylight,Rainier Valley-Brighton,-122.2759487,47.53880398
-122.2721868,47.54158539,RAINIER AVE S BETWEEN S HOLLY ST AND S WILLOW ST,1,Property Damage Only Collision,Other,3,2,0,0,0,8/25/05 19:05,Clear or Partly Cloudy,Dry,Daylight,Rainier Valley-Brighton,-122.2759487,47.53880398
-122.2766972,47.53797772,45TH AVE S BETWEEN S MYRTLE ST AND S OTHELLO ST,1,Property Damage Only Collision,Parked Car,2,2,0,0,0,3/30/13 23:35,Clear or Partly Cloudy,Dry,Dark - No Street Lights,Rainier Valley-Brighton,-122.2759487,47.53880398
-122.2668613,47.53352947,SEWARD PARK AVE S BETWEEN S FONTANELLE PL AND S KENYON ST,1,Property Damage Only Collision,Parked Car,2,2,0,0,0,3/26/13 15:00,Unknown,Unknown,Unknown,Rainier Valley-Brighton,-122.2759487,47.53880398
-122.2713028,47.53980164,S FRONTENAC ST BETWEEN DEAD END 3 AND RAINIER AVE S,1,Property Damage Only Collision,Other,6,2,0,0,0,7/24/04 11:55,Clear or Partly Cloudy,Dry,Daylight,Rainier Valley-Brighton,-122.2759487,47.53880398
-122.2737108,47.54515463,47TH AVE S BETWEEN S GRAHAM ST AND S MORGAN ST,0,Unknown,,0,0,0,0,0,12/9/18,,,,Rainier Valley-Brighton,-122.2759487,47.53880398
-122.2820844,47.54528713,S EDDY ST BETWEEN 39TH AVE S AND 42ND N AVE S,1,Property Damage Only Collision,Parked Car,3,3,0,0,0,3/31/13 2:12,Clear or Partly Cloudy,Dry,Dark - Street Lights On,Rainier Valley-Brighton,-122.2759487,47.53880398
-122.2773645,47.53705785,S OTHELLO ST BETWEEN 44TH AVE S AND 45TH AVE S,1,Property Damage Only Collision,Parked Car,2,2,0,0,0,3/30/13 0:45,Clear or Partly Cloudy,Dry,Dark - Street Lights On,Rainier Valley-Brighton,-122.2759487,47.53880398
-122.2699891,47.53210531,RAINIER AVE S BETWEEN S CHICAGO ST AND S KENYON ST,1,Property Damage Only Collision,Pedestrian,0,1,0,0,0,2/19/15,Unknown,Unknown,Unknown,RAINIER VALLEY-BRIGHTON,-122.2759487,47.53880398
-122.2780846,47.54067186,44TH AVE S AND S WILLOW ST,2,Injury Collision,Parked Car,6,4,3,0,0,5/9/11 23:15,Clear or Partly Cloudy,Dry,Dark - No Street Lights,Rainier Valley-Brighton,-122.2759487,47.53880398
-122.271247,47.5402497,RAINIER AVE S BETWEEN S WILLOW ST AND S FRONTENAC ST,2,Injury Collision,Other,1,1,1,0,0,9/26/04 2:41,Clear or Partly Cloudy,Dry,Dark - Street Lights On,Rainier Valley-Brighton,-122.2759487,47.53880398
-122.27893,47.54244693,S HOLLY ST BETWEEN 43RD AVE S AND 44TH AVE S,1,Property Damage Only Collision,Parked Car,2,2,0,0,0,2/11/04 16:00,Clear or Partly Cloudy,Dry,Daylight,Rainier Valley-Brighton,-122.2759487,47.53880398
-122.2807971,47.53623841,M L KING JR ER WAY S BETWEEN S OTHELLO ST AND RENTON S AVE S,1,Property Damage Only Collision,Sideswipe,4,2,0,0,0,7/4/04,Clear or Partly Cloudy,Dry,Daylight,RAINIER VALLEY-BRIGHTON,-122.2759487,47.53880398
-122.2713388,47.53592623,S FONTANELLE ST BETWEEN 48TH AVE S AND RAINIER AVE S,1,Property Damage Only Collision,Other,3,3,0,0,0,10/23/19 2:55,Clear or Partly Cloudy,Dry,Dark - Street Lights On,Rainier Valley-Brighton,-122.2759487,47.53880398
-122.2811042,47.53705159,M L KING JR ER WAY S AND S OTHELLO ST,1,Property Damage Only Collision,,1,0,0,0,0,7/30/19,,,,Rainier Valley-Brighton,-122.2759487,47.53880398
-122.2804747,47.5353175,RENTON AVE S BETWEEN M L KING JR ER S WAY S AND S WEBSTER W ST,0,Unknown,,0,0,0,0,0,1/5/04,,,,Rainier Valley-Brighton,-122.2759487,47.53880398
-122.2776129,47.53154601,S KENYON ST BETWEEN RENTON AVE S AND 44TH PL S,1,Property Damage Only Collision,Angles,5,2,0,0,0,4/8/13 18:40,Clear or Partly Cloudy,Dry,Dusk,Rainier Valley-Brighton,-122.2759487,47.53880398
-122.2668613,47.53352947,SEWARD PARK AVE S BETWEEN S FONTANELLE PL AND S KENYON ST,1,Property Damage Only Collision,Parked Car,2,2,0,0,0,3/29/13 15:00,Unknown,Unknown,Daylight,Rainier Valley-Brighton,-122.2759487,47.53880398
-122.2737411,47.54381502,RAINIER AVE S BETWEEN S MORGAN ST AND S WARSAW ST,1,Property Damage Only Collision,Parked Car,2,2,0,0,0,4/15/06 12:00,Unknown,Unknown,Unknown,Rainier Valley-Brighton,-122.2759487,47.53880398
-122.2767696,47.54512989,S EDDY ST BETWEEN 44TH AVE S AND 46TH AVE S,2,Injury Collision,Left Turn,2,2,1,0,0,5/8/19 17:45,Clear or Partly Cloudy,Dry,Daylight,Rainier Valley-Brighton,-122.2759487,47.53880398
-122.2668613,47.53352947,SEWARD PARK AVE S BETWEEN S FONTANELLE PL AND S KENYON ST,1,Property Damage Only Collision,Parked Car,2,2,0,0,0,11/21/08 9:50,Unknown,Unknown,Unknown,Rainier Valley-Brighton,-122.2759487,47.53880398
-122.2756724,47.54578659,RAINIER AVE S BETWEEN S GRAHAM ST AND 46TH AVE S,1,Property Damage Only Collision,Sideswipe,2,2,0,0,0,9/15/15 22:00,Clear or Partly Cloudy,Dry,Dark - Street Lights On,Rainier Valley-Brighton,-122.2759487,47.53880398
-122.2699903,47.5346718,RAINIER AVE S AND S AUSTIN ST,2,Injury Collision,Rear Ended,2,2,1,0,0,9/15/16 17:46,Clear or Partly Cloudy,Dry,Daylight,Rainier Valley-Brighton,-122.2759487,47.53880398
-122.2753893,47.5446951,46TH AVE S BETWEEN S EDDY ST AND S MORGAN ST,1,Property Damage Only Collision,Parked Car,0,2,0,0,0,5/26/15 2:45,Overcast,Dry,Dark - Street Lights On,Rainier Valley-Brighton,-122.2759487,47.53880398
-122.2815463,47.53797,M L KING JR ER WAY S BETWEEN S MYRTLE ST AND S OTHELLO ST,0,Unknown,,0,0,0,0,0,7/7/16,,,,Rainier Valley-Brighton,-122.2759487,47.53880398
-122.2668613,47.53352947,SEWARD PARK AVE S BETWEEN S FONTANELLE PL AND S KENYON ST,1,Property Damage Only Collision,Parked Car,2,2,0,0,0,7/3/13 10:00,Clear or Partly Cloudy,Dry,Daylight,Rainier Valley-Brighton,-122.2759487,47.53880398
-122.2767167,47.53978659,S FRONTENAC ST BETWEEN 44TH AVE S AND 46TH AVE S,1,Property Damage Only Collision,Parked Car,2,2,0,0,0,8/27/11 18:58,Clear or Partly Cloudy,Dry,Daylight,Rainier Valley-Brighton,-122.2759487,47.53880398
-122.2728077,47.54247599,RAINIER AVE S AND S HOLLY ST,2,Injury Collision,Left Turn,4,2,1,0,0,8/3/15 8:00,Clear or Partly Cloudy,Dry,Daylight,Rainier Valley-Brighton,-122.2759487,47.53880398
-122.271247,47.5402497,RAINIER AVE S BETWEEN S WILLOW ST AND S FRONTENAC ST,1,Property Damage Only Collision,,1,0,0,0,0,4/4/13,,,,Rainier Valley-Brighton,-122.2759487,47.53880398
-122.2852811,47.54569398,M L KING JR ER WAY S BETWEEN S GRAHAM ST AND S EDDY ST,1,Property Damage Only Collision,Rear Ended,3,2,0,0,0,11/26/04 23:56,Raining,Wet,Dark - Street Lights On,Rainier Valley-Brighton,-122.2759487,47.53880398
-122.271247,47.5402497,RAINIER AVE S BETWEEN S WILLOW ST AND S FRONTENAC ST,1,Property Damage Only Collision,Rear Ended,3,3,0,0,0,4/11/13 15:06,Clear or Partly Cloudy,Dry,Daylight,Rainier Valley-Brighton,-122.2759487,47.53880398
-122.2753174,47.53301138,46TH AVE S BETWEEN S HOLDEN S ST AND S CHICAGO ST,1,Property Damage Only Collision,Parked Car,2,2,0,0,0,4/14/13 9:18,Clear or Partly Cloudy,Wet,Daylight,Rainier Valley-Brighton,-122.2759487,47.53880398
-122.2820948,47.54600376,S GRAHAM ST BETWEEN 39TH AVE S AND 42ND AVE S,2,Injury Collision,Rear Ended,2,2,1,0,0,4/23/04 14:44,Overcast,Wet,Daylight,Rainier Valley-Brighton,-122.2759487,47.53880398
-122.2776129,47.53154601,S KENYON ST BETWEEN RENTON AVE S AND 44TH PL S,1,Property Damage Only Collision,Parked Car,4,2,0,0,0,4/9/13 17:05,Clear or Partly Cloudy,Dry,Daylight,Rainier Valley-Brighton,-122.2759487,47.53880398
-122.2807971,47.53623841,M L KING JR ER WAY S BETWEEN S OTHELLO ST AND RENTON S AVE S,1,Property Damage Only Collision,Sideswipe,4,2,0,0,0,6/28/04 14:49,Clear or Partly Cloudy,Dry,Daylight,Rainier Valley-Brighton,-122.2759487,47.53880398
-122.2726358,47.53796967,48TH AVE S BETWEEN S ORCHARD ST AND S GARDEN ST,1,Property Damage Only Collision,Parked Car,2,2,0,0,0,9/26/04 7:54,Clear or Partly Cloudy,Dry,Unknown,Rainier Valley-Brighton,-122.2759487,47.53880398
-122.2852811,47.54569398,M L KING JR ER WAY S BETWEEN S GRAHAM ST AND S EDDY ST,2,Injury Collision,Rear Ended,2,2,1,0,0,10/20/04 13:15,Clear or Partly Cloudy,Sand/Mud/Dirt,Daylight,Rainier Valley-Brighton,-122.2759487,47.53880398
-122.270274,47.53695788,RAINIER AVE S AND S OTHELLO ST,0,Unknown,,0,0,0,0,0,12/17/04,,,,Rainier Valley-Brighton,-122.2759487,47.53880398
-122.2797559,47.53423263,RENTON AVE S BETWEEN S WEBSTER W ST AND 43RD AVE S,2,Injury Collision,Rear Ended,4,4,1,0,0,9/13/18 19:27,Overcast,Dry,Dusk,Rainier Valley-Brighton,-122.2759487,47.53880398
-122.2705069,47.53796121,RAINIER AVE S BETWEEN S ORCHARD ST AND S GARDEN ST,1,Property Damage Only Collision,Rear Ended,2,2,0,0,0,9/24/04 17:50,Clear or Partly Cloudy,Dry,Daylight,Rainier Valley-Brighton,-122.2759487,47.53880398
-122.2819884,47.53888841,M L KING JR ER WAY S AND S MYRTLE ST,1,Property Damage Only Collision,Right Turn,2,2,0,0,0,4/7/13 17:12,Overcast,Wet,Daylight,Rainier Valley-Brighton,-122.2759487,47.53880398
-122.2805974,47.53185733,M L KING JR ER WAY S BETWEEN S BOZEMAN ST AND S KENYON ST,0,Unknown,,0,0,0,0,0,11/3/04,,,,Rainier Valley-Brighton,-122.2759487,47.53880398
-122.2721868,47.54158539,RAINIER AVE S BETWEEN S HOLLY ST AND S WILLOW ST,1,Property Damage Only Collision,Rear Ended,3,3,0,0,0,8/26/04 18:39,Clear or Partly Cloudy,Dry,Dusk,Rainier Valley-Brighton,-122.2759487,47.53880398
-122.2832913,47.54318328,39TH AVE S AND S WARSAW ST,1,Property Damage Only Collision,Angles,2,2,0,0,0,4/4/13 8:00,Overcast,Wet,Daylight,Rainier Valley-Brighton,-122.2759487,47.53880398
-122.285452,47.54605841,M L KING JR ER WAY S AND S GRAHAM ST,1,Property Damage Only Collision,Other,3,2,0,0,0,6/27/18 10:17,Clear or Partly Cloudy,Dry,Daylight,Rainier Valley-Brighton,-122.2759487,47.53880398
-122.2699869,47.53314343,RAINIER AVE S BETWEEN S HOLDEN ST AND S CHICAGO ST,1,Property Damage Only Collision,Right Turn,2,2,0,0,0,4/11/18 14:55,Clear or Partly Cloudy,Wet,Daylight,Rainier Valley-Brighton,-122.2759487,47.53880398
-122.2753832,47.5438032,46TH AVE S BETWEEN S MORGAN ST AND S WARSAW ST,0,Unknown,,0,0,0,0,0,12/22/04,,,,Rainier Valley-Brighton,-122.2759487,47.53880398
-122.272167,47.54247936,S HOLLY ST BETWEEN RAINIER AVE S AND 49TH AVE S,1,Property Damage Only Collision,Parked Car,2,2,0,0,0,7/14/04 16:30,Clear or Partly Cloudy,Dry,Daylight,Rainier Valley-Brighton,-122.2759487,47.53880398
-122.2714578,47.53695391,S OTHELLO ST BETWEEN 48TH AVE S AND RAINIER AVE S,1,Property Damage Only Collision,Rear Ended,2,2,0,0,0,4/3/13 15:08,Clear or Partly Cloudy,Dry,Daylight,Rainier Valley-Brighton,-122.2759487,47.53880398
-122.2809217,47.53705051,S OTHELLO ST BETWEEN M L KING JR ER WAY S AND 42ND AVE S,1,Property Damage Only Collision,Rear Ended,2,2,0,0,0,10/26/04 15:40,Clear or Partly Cloudy,Dry,Daylight,Rainier Valley-Brighton,-122.2759487,47.53880398
-122.2699891,47.53210531,RAINIER AVE S BETWEEN S CHICAGO ST AND S KENYON ST,1,Property Damage Only Collision,Angles,3,2,0,0,0,1/21/18 10:00,Overcast,Dry,Daylight,Rainier Valley-Brighton,-122.2759487,47.53880398
-122.2787444,47.53889203,S MYRTLE ST BETWEEN 43RD AVE S AND 44TH AVE S,1,Property Damage Only Collision,Other,2,2,0,0,0,3/27/13 17:30,Clear or Partly Cloudy,Dry,Dusk,Rainier Valley-Brighton,-122.2759487,47.53880398
-122.270274,47.53695788,RAINIER AVE S AND S OTHELLO ST,1,Property Damage Only Collision,Left Turn,2,2,0,0,0,9/8/04,Raining,Wet,Daylight,RAINIER VALLEY-BRIGHTON,-122.2759487,47.53880398
-122.2699903,47.5346718,RAINIER AVE S AND S AUSTIN ST,1,Property Damage Only Collision,Angles,7,2,0,0,0,3/26/04 16:51,Raining,Wet,Daylight,Rainier Valley-Brighton,-122.2759487,47.53880398
-122.2832874,47.54156762,M L KING JR ER WAY S BETWEEN S HOLLY ST AND S WILLOW ST,1,Property Damage Only Collision,Rear Ended,2,2,0,0,0,3/7/04,Clear or Partly Cloudy,Dry,Daylight,RAINIER VALLEY-BRIGHTON,-122.2759487,47.53880398
-122.270433,47.53764263,RAINIER AVE S AND S GARDEN ST,2,Injury Collision,Angles,3,2,2,0,0,6/8/04,Clear or Partly Cloudy,Dry,Daylight,RAINIER VALLEY-BRIGHTON,-122.2759487,47.53880398
-122.2701547,47.53644387,RAINIER AVE S BETWEEN S OTHELLO ST AND S FONTANELLE ST,2,Injury Collision,Rear Ended,3,2,1,0,0,6/27/04 12:22,Clear or Partly Cloudy,Dry,Daylight,Rainier Valley-Brighton,-122.2759487,47.53880398
-122.2808142,47.54110699,42ND AVE S BETWEEN S BRIGHTON ST AND S WILLOW ST,1,Property Damage Only Collision,Parked Car,3,3,0,0,0,7/23/04 13:20,Clear or Partly Cloudy,Dry,Daylight,Rainier Valley-Brighton,-122.2759487,47.53880398
-122.2820948,47.54600376,S GRAHAM ST BETWEEN 39TH AVE S AND 42ND AVE S,1,Property Damage Only Collision,Other,2,2,0,0,0,3/4/04,Clear or Partly Cloudy,Wet,Dusk,Rainier Valley-Brighton,-122.2759487,47.53880398
-122.2807353,47.53704901,42ND AVE S AND S OTHELLO ST,1,Property Damage Only Collision,Other,5,2,0,0,0,6/26/04 15:30,Clear or Partly Cloudy,Dry,Daylight,Rainier Valley-Brighton,-122.2759487,47.53880398
-122.2709423,47.539804,RAINIER AVE S AND S FRONTENAC ST,0,Unknown,,0,0,0,0,0,12/23/04,,,,Rainier Valley-Brighton,-122.2759487,47.53880398
-122.2806033,47.53234862,M L KING JR ER WAY S BETWEEN S CHICAGO ST AND S BOZEMAN ST,0,Unknown,,0,0,0,0,0,6/4/04,,,,Rainier Valley-Brighton,-122.2759487,47.53880398
-122.2703535,47.53730025,RAINIER AVE S BETWEEN S GARDEN ST AND S OTHELLO ST,1,Property Damage Only Collision,Rear Ended,2,2,0,0,0,6/11/04 16:10,Clear or Partly Cloudy,Dry,Daylight,Rainier Valley-Brighton,-122.2759487,47.53880398
-122.2790134,47.52611725,M L KING JR ER WAY S AND S CLOVERDALE ST,1,Property Damage Only Collision,Pedestrian,3,1,0,0,0,4/23/10 20:20,Raining,Wet,Dark - Street Lights On,Rainier Valley-Dunlap,-122.2698595,47.52530912
-122.2789825,47.52327071,M L KING JR ER WAY S AND S HENDERSON ST,2,Injury Collision,Cycles,3,1,1,0,0,5/6/19 17:17,Clear or Partly Cloudy,Dry,Daylight,Rainier Valley-Dunlap,-122.2698595,47.52530912
-122.2775724,47.52956487,S ROSE ST BETWEEN RENTON N AVE S AND 44TH PL S,2,Injury Collision,Pedestrian,2,1,1,0,0,12/22/07 16:34,Overcast,Dry,Dusk,Rainier Valley-Dunlap,-122.2698595,47.52530912
-122.2699871,47.52913011,RAINIER AVE S AND S ROSE S ST,1,Property Damage Only Collision,Angles,2,2,0,0,0,7/6/06,Overcast,Dry,Daylight,RAINIER VALLEY-Dunlap,-122.2698595,47.52530912
-122.2735399,47.5233101,S HENDERSON ST BETWEEN 46TH AVE S AND 48TH AVE S,1,Property Damage Only Collision,Parked Car,2,2,0,0,0,4/7/12 14:31,Clear or Partly Cloudy,Dry,Daylight,Rainier Valley-Dunlap,-122.2698595,47.52530912
-122.2769409,47.52611905,RENTON AVE S AND S CLOVERDALE ST,1,Property Damage Only Collision,Angles,4,3,0,0,0,10/28/08 13:30,Clear or Partly Cloudy,Dry,Daylight,Rainier Valley-Dunlap,-122.2698595,47.52530912
-122.2644965,47.52241002,SEWARD PARK AVE S BETWEEN S HENDERSON ST AND S FISHER PL,2,Injury Collision,Rear Ended,3,2,2,0,0,6/11/06 14:17,Clear or Partly Cloudy,Dry,Daylight,Rainier Valley-Dunlap,-122.2698595,47.52530912
-122.272841,47.52282674,48TH AVE S BETWEEN S HENDERSON ST AND S DIRECTOR ST,1,Property Damage Only Collision,Parked Car,2,2,0,0,0,12/10/14 17:30,Raining,Wet,Dark - Street Lights On,Rainier Valley-Dunlap,-122.2698595,47.52530912
-122.2700021,47.52075616,RAINIER AVE S BETWEEN S FISHER PL AND 51ST AVE S,1,Property Damage Only Collision,Sideswipe,2,2,0,0,0,9/14/14 21:45,Clear or Partly Cloudy,Dry,Dark - Street Lights On,Rainier Valley-Dunlap,-122.2698595,47.52530912
-122.2699832,47.52617082,RAINIER AVE S AND S CLOVERDALE ST,1,Property Damage Only Collision,Sideswipe,3,2,0,0,0,10/12/13 22:03,Clear or Partly Cloudy,Dry,Dark - Street Lights On,Rainier Valley-Dunlap,-122.2698595,47.52530912