X,Y,LOCATION,SEVERITYCODE,SEVERITYDESC,COLLISIONTYPE,PERSONCOUNT,VEHCOUNT,INJURIES,SERIOUSINJURIES,FATALITIES,INCDTTM,WEATHER,ROADCOND,LIGHTCOND,NEIGHBORHOOD,NX,NY
-122.269986,47.52330727,RAINIER AVE S AND S HENDERSON ST,1,Property Damage Only Collision,Rear Ended,2,2,0,0,0,6/26/10 19:28,Clear or Partly Cloudy,Dry,Daylight,Rainier Valley-Dunlap,-122.2698595,47.52530912
-122.2765772,47.52425408,RENTON AVE S AND S TRENTON ST,1,Property Damage Only Collision,Angles,2,2,0,0,0,8/21/09 11:30,Clear or Partly Cloudy,Dry,Daylight,Rainier Valley-Dunlap,-122.2698595,47.52530912
-122.2790134,47.52611725,M L KING JR ER WAY S AND S CLOVERDALE ST,2,Injury Collision,Angles,2,2,2,0,0,11/14/08 10:40,Clear or Partly Cloudy,Dry,Daylight,Rainier Valley-Dunlap,-122.2698595,47.52530912
-122.269982,47.52473904,RAINIER AVE S BETWEEN S CLOVERDALE ST AND S HENDERSON ST,1,Property Damage Only Collision,Rear Ended,3,3,0,0,0,7/14/10 15:36,Clear or Partly Cloudy,Dry,Daylight,Rainier Valley-Dunlap,-122.2698595,47.52530912
-122.2699879,47.52281564,RAINIER AVE S BETWEEN S HENDERSON ST AND S DIRECTOR N ST,1,Property Damage Only Collision,Sideswipe,2,2,0,0,0,8/20/13 16:00,Clear or Partly Cloudy,Dry,Daylight,Rainier Valley-Dunlap,-122.2698595,47.52530912
-122.2699832,47.52617082,RAINIER AVE S AND S CLOVERDALE ST,2,Injury Collision,Pedestrian,2,1,1,0,0,10/24/05 16:00,Clear or Partly Cloudy,Dry,Daylight,Rainier Valley-Dunlap,-122.2698595,47.52530912
-122.2771748,47.5267845,RENTON AVE S BETWEEN S CAMANO PL AND S CLOVERDALE ST,1,Property Damage Only Collision,Parked Car,3,2,0,0,0,2/22/07 20:32,Clear or Partly Cloudy,Dry,Dark - Street Lights On,Rainier Valley-Dunlap,-122.2698595,47.52530912
-122.2699832,47.52617082,RAINIER AVE S AND S CLOVERDALE ST,0,Unknown,,0,0,0,0,0,3/1/14,,,,Rainier Valley-Dunlap,-122.2698595,47.52530912
-122.26115,47.52031675,RAINIER AVE S BETWEEN 57TH AVE S AND ITHACA PL S,1,Property Damage Only Collision,Sideswipe,2,2,0,0,0,11/6/09,Raining,Wet,Dark - Street Lights On,Rainier Valley-Dunlap,-122.2698595,47.52530912
-122.2780964,47.52970064,RENTON AVE S AND S ROSE CT,2,Injury Collision,Other,1,1,1,0,0,7/13/12 18:43,Clear or Partly Cloudy,Dry,Daylight,Rainier Valley-Dunlap,-122.2698595,47.52530912
-122.2699879,47.52281564,RAINIER AVE S BETWEEN S HENDERSON ST AND S DIRECTOR N ST,1,Property Damage Only Collision,Sideswipe,4,4,0,0,0,1/1/09,Raining,Wet,Dark - Street Lights On,RAINIER VALLEY-Dunlap,-122.2698595,47.52530912
-122.2645944,47.52388215,SEWARD PARK AVE S BETWEEN HAMLET AVE S AND S HENDERSON ST,1,Property Damage Only Collision,Parked Car,2,2,0,0,0,8/11/06 16:12,Clear or Partly Cloudy,Dry,Daylight,Rainier Valley-Dunlap,-122.2698595,47.52530912
-122.2627774,47.52011701,RAINIER AVE S AND SEWARD PARK AVE S,2,Injury Collision,Angles,4,2,1,0,0,7/12/12 16:36,Clear or Partly Cloudy,Dry,Daylight,Rainier Valley-Dunlap,-122.2698595,47.52530912
-122.2706687,47.52613435,S CLOVERDALE ST BETWEEN 50TH AVE S AND RAINIER AVE S,1,Property Damage Only Collision,Other,1,1,0,0,0,9/15/19 4:07,Raining,Wet,Dark - Street Lights On,Rainier Valley-Dunlap,-122.2698595,47.52530912
-122.2627774,47.52011701,RAINIER AVE S AND SEWARD PARK AVE S,1,Property Damage Only Collision,Sideswipe,2,2,0,0,0,7/13/18 9:57,Clear or Partly Cloudy,Dry,Daylight,Rainier Valley-Dunlap,-122.2698595,47.52530912
-122.2782798,47.52331462,S HENDERSON ST BETWEEN M L KING JR ER WAY S AND CHIEF SEALTH TRL,1,Property Damage Only Collision,Rear Ended,4,2,0,0,0,1/12/19 10:56,Clear or Partly Cloudy,Dry,Daylight,Rainier Valley-Dunlap,-122.2698595,47.52530912
-122.2729855,47.52612512,S CLOVERDALE ST BETWEEN 47TH AVE S AND 48TH AVE S,2,Injury Collision,Other,2,1,2,0,0,2/23/04 13:11,Overcast,Wet,Daylight,Rainier Valley-Dunlap,-122.2698595,47.52530912
-122.2714035,47.52282141,50TH AVE S BETWEEN S HENDERSON ST AND S DIRECTOR ST,0,Unknown,,0,0,0,0,0,12/21/04,,,,Rainier Valley-Dunlap,-122.2698595,47.52530912
-122.2715034,47.51904835,RENTON AVE S AND S FLETCHER ST,1,Property Damage Only Collision,Angles,2,2,0,0,0,7/9/04,Clear or Partly Cloudy,Dry,Dark - Street Lights On,RAINIER VALLEY-Dunlap,-122.2698595,47.52530912
-122.2714012,47.52330888,50TH AVE S AND S HENDERSON ST,1,Property Damage Only Collision,Rear Ended,4,2,0,0,0,4/5/13 15:51,Clear or Partly Cloudy,Dry,Daylight,Rainier Valley-Dunlap,-122.2698595,47.52530912
-122.2699954,47.52165888,RAINIER AVE S BETWEEN S DIRECTOR S ST AND S FISHER PL,1,Property Damage Only Collision,Other,2,2,0,0,0,8/2/04,Clear or Partly Cloudy,Dry,Daylight,RAINIER VALLEY-Dunlap,-122.2698595,47.52530912
-122.2713549,47.52613085,50TH AVE S AND S CLOVERDALE ST,2,Injury Collision,Angles,3,2,1,0,0,1/25/04 9:11,Clear or Partly Cloudy,Dry,Daylight,Rainier Valley-Dunlap,-122.2698595,47.52530912
-122.2790134,47.52611725,M L KING JR ER WAY S AND S CLOVERDALE ST,1,Property Damage Only Collision,Other,2,2,0,0,0,5/3/18 18:40,Clear or Partly Cloudy,Dry,Daylight,Rainier Valley-Dunlap,-122.2698595,47.52530912
-122.2792189,47.52261507,M L KING JR ER WAY S BETWEEN S HENDERSON ST AND S DIRECTOR ST,2,Injury Collision,Rear Ended,2,2,1,0,0,4/13/13 21:07,Raining,Wet,Dark - Street Lights On,Rainier Valley-Dunlap,-122.2698595,47.52530912
-122.2699843,47.52704457,RAINIER AVE S BETWEEN S THISTLE ST AND S CLOVERDALE ST,0,Unknown,,0,0,0,0,0,1/9/04,,,,Rainier Valley-Dunlap,-122.2698595,47.52530912
-122.2699882,47.52994139,RAINIER AVE S BETWEEN S ELMGROVE ST AND S ROSE N ST,2,Injury Collision,Sideswipe,6,2,3,0,0,6/20/04 17:10,Clear or Partly Cloudy,Dry,Daylight,Rainier Valley-Dunlap,-122.2698595,47.52530912
-122.2699879,47.52281564,RAINIER AVE S BETWEEN S HENDERSON ST AND S DIRECTOR N ST,2,Injury Collision,Other,4,2,1,0,0,6/15/04 19:30,Clear or Partly Cloudy,Dry,Daylight,Rainier Valley-Dunlap,-122.2698595,47.52530912
-122.2706334,47.52024383,S BARTON PL BETWEEN 50TH S AVE S AND 51ST AVE S,1,Property Damage Only Collision,Sideswipe,2,2,0,0,0,10/22/04 16:55,Overcast,Dry,Daylight,Rainier Valley-Dunlap,-122.2698595,47.52530912
-122.2667643,47.51984487,RAINIER AVE S BETWEEN 52ND AVE S AND 53RD AVE S,1,Property Damage Only Collision,Rear Ended,2,2,0,0,0,5/28/04 13:57,Overcast,Wet,Daylight,Rainier Valley-Dunlap,-122.2698595,47.52530912
-122.2699832,47.52617082,RAINIER AVE S AND S CLOVERDALE ST,1,Property Damage Only Collision,Left Turn,3,2,0,0,0,1/30/04 8:51,Clear or Partly Cloudy,Dry,Daylight,Rainier Valley-Dunlap,-122.2698595,47.52530912
-122.2769409,47.52611905,RENTON AVE S AND S CLOVERDALE ST,1,Property Damage Only Collision,Left Turn,2,2,0,0,0,1/30/04 12:22,Overcast,Dry,Daylight,Rainier Valley-Dunlap,-122.2698595,47.52530912
-122.2725459,47.52014317,RENTON AVE S BETWEEN S BARTON ST AND S FLETCHER ST,0,Unknown,,0,0,0,0,0,12/21/04,,,,Rainier Valley-Dunlap,-122.2698595,47.52530912
-122.2658522,47.52753369,SEWARD PARK AVE S BETWEEN S GRATTAN ST AND S CLOVERDALE ST,1,Property Damage Only Collision,Rear Ended,3,2,0,0,0,2/8/04,Clear or Partly Cloudy,Wet,Dark - Street Lights On,RAINIER VALLEY-Dunlap,-122.2698595,47.52530912
-122.2690082,47.52682077,S CLOVERDALE PL BETWEEN RAINIER AVE S AND GRATTAN PL S,1,Property Damage Only Collision,Parked Car,2,2,0,0,0,10/11/04 12:00,Clear or Partly Cloudy,Dry,Daylight,Rainier Valley-Dunlap,-122.2698595,47.52530912
-122.269982,47.52473904,RAINIER AVE S BETWEEN S CLOVERDALE ST AND S HENDERSON ST,1,Property Damage Only Collision,Rear Ended,2,2,0,0,0,2/26/04 23:58,Raining,Wet,Dark - Street Lights On,Rainier Valley-Dunlap,-122.2698595,47.52530912
-122.2681589,47.52330258,S HENDERSON ST BETWEEN RAINIER AVE S AND 53RD AVE S,1,Property Damage Only Collision,Other,1,1,0,0,0,2/18/04 1:19,Overcast,Wet,Dark - Street Lights On,Rainier Valley-Dunlap,-122.2698595,47.52530912
-122.2700596,47.51099185,51ST AVE S BETWEEN S GAZELLE ST AND S RYAN WAY,1,Property Damage Only Collision,Parked Car,2,2,0,0,0,5/8/05,Overcast,Dry,Daylight,Rainier Valley-Rainier Beach,-122.2580357,47.51337021
-122.2615904,47.51978102,57TH AVE S BETWEEN RAINIER AVE S AND WATERS AVE S,1,Property Damage Only Collision,Parked Car,2,2,0,0,0,8/28/06 1:00,Clear or Partly Cloudy,Dry,Dark - Street Lights On,Rainier Valley-Rainier Beach,-122.2580357,47.51337021
-122.2700009,47.51865295,51ST AVE S BETWEEN S FLETCHER ST AND S CAMBRIDGE ST,2,Injury Collision,Rear Ended,4,4,2,0,0,5/18/05 13:00,Clear or Partly Cloudy,Wet,Daylight,Rainier Valley-Rainier Beach,-122.2580357,47.51337021
-122.2465767,47.51105248,CORNELL AVE S AND RAINIER AVE S,2,Injury Collision,Angles,2,2,2,0,0,5/13/04 11:45,Clear or Partly Cloudy,Dry,Daylight,Rainier Valley-Rainier Beach,-122.2580357,47.51337021
-122.2514435,47.51401481,RAINIER AVE S BETWEEN S NORFOLK ST AND S COOPER ST,1,Property Damage Only Collision,Other,2,1,0,0,0,3/31/13 0:01,Clear or Partly Cloudy,Dry,Dark - Street Lights On,Rainier Valley-Rainier Beach,-122.2580357,47.51337021
-122.2559003,47.50895426,62ND AVE S BETWEEN S RYAN ST AND S PRENTICE ST,1,Property Damage Only Collision,Parked Car,5,2,0,0,0,12/8/16 17:48,Clear or Partly Cloudy,Dry,Dark - Street Lights On,Rainier Valley-Rainier Beach,-122.2580357,47.51337021
-122.2692612,47.51991971,RAINIER AVE S BETWEEN 51ST AVE S AND STURTEVANT AVE S,1,Property Damage Only Collision,Head On,3,2,0,0,0,5/30/13 10:25,Clear or Partly Cloudy,Dry,Daylight,Rainier Valley-Rainier Beach,-122.2580357,47.51337021
-122.2389494,47.51050158,RAINIER AVE S BETWEEN 75TH AVE S AND CITY LIMITS,1,Property Damage Only Collision,Parked Car,3,3,0,0,0,9/21/13 1:00,Clear or Partly Cloudy,Wet,Dark - Street Lights On,Rainier Valley-Rainier Beach,-122.2580357,47.51337021
-122.2568451,47.51563647,WATERS AVE S BETWEEN 61ST AVE S AND WATERS ER AVE S,1,Property Damage Only Collision,Parked Car,2,2,0,0,0,2/24/11 0:01,Snowing,Snow/Slush,Unknown,Rainier Valley-Rainier Beach,-122.2580357,47.51337021
-122.2612857,47.50611766,57TH AVE S AND S BANGOR ST,2,Injury Collision,Angles,2,2,1,0,0,12/24/10 10:20,Raining,Wet,Daylight,Rainier Valley-Rainier Beach,-122.2580357,47.51337021
-122.2536181,47.51568877,RAINIER AVE S BETWEEN S PILGRIM ST AND S NORFOLK ST,1,Property Damage Only Collision,Sideswipe,4,2,0,0,0,5/11/12 16:18,Clear or Partly Cloudy,Dry,Daylight,Rainier Valley-Rainier Beach,-122.2580357,47.51337021
-122.2700137,47.51770956,51ST AVE S BETWEEN S CAMBRIDGE ST AND RENTON AVE S,1,Property Damage Only Collision,Rear Ended,4,2,0,0,0,8/4/08,Clear or Partly Cloudy,Dry,Dusk,Rainier Valley-Rainier Beach,-122.2580357,47.51337021
-122.2615823,47.5202644,57TH AVE S AND RAINIER AVE S,1,Property Damage Only Collision,Sideswipe,3,2,0,0,0,9/7/19 11:15,Overcast,Dry,Daylight,Rainier Valley-Rainier Beach,-122.2580357,47.51337021
-122.2620216,47.51680326,57TH AVE S AND S ROXBURY W ST,0,Unknown,,0,0,0,0,0,12/6/04,,,,Rainier Valley-Rainier Beach,-122.2580357,47.51337021
-122.2500305,47.50727601,67TH AVE S BETWEEN S PRENTICE ST AND S BANGOR ST,1,Property Damage Only Collision,Parked Car,2,2,0,0,0,4/21/19 22:00,Clear or Partly Cloudy,Dry,Dark - Street Lights On,Rainier Valley-Rainier Beach,-122.2580357,47.51337021
-122.2559054,47.50820034,62ND AVE S AND S PRENTICE ST,1,Property Damage Only Collision,Angles,2,2,0,0,0,8/11/17 14:57,Clear or Partly Cloudy,Dry,Daylight,Rainier Valley-Rainier Beach,-122.2580357,47.51337021
-122.2547159,47.51716333,RAINIER AVE S BETWEEN S KEPPLER ST AND S PILGRIM ST,1,Property Damage Only Collision,Parked Car,2,2,0,0,0,6/11/16 3:21,Overcast,Dry,Dark - Street Lights On,Rainier Valley-Rainier Beach,-122.2580357,47.51337021
-122.2603378,47.50969174,S RYAN ST BETWEEN 57TH E AVE S AND 59TH AVE S,2,Injury Collision,Parked Car,4,2,1,0,0,2/18/15 15:10,Clear or Partly Cloudy,Dry,Daylight,Rainier Valley-Rainier Beach,-122.2580357,47.51337021
-122.270006,47.51826498,51ST AVE S AND S CAMBRIDGE ST,2,Injury Collision,Left Turn,2,2,1,0,0,5/15/12 10:05,Clear or Partly Cloudy,Dry,Daylight,Rainier Valley-Rainier Beach,-122.2580357,47.51337021
-122.2700009,47.51865295,51ST AVE S BETWEEN S FLETCHER ST AND S CAMBRIDGE ST,1,Property Damage Only Collision,Right Turn,3,2,0,0,0,5/5/06,Clear or Partly Cloudy,Dry,Daylight,Rainier Valley-Rainier Beach,-122.2580357,47.51337021
-122.2483239,47.51161898,68TH AVE S AND RAINIER AVE S,2,Injury Collision,Cycles,2,1,1,0,0,6/2/07,Clear or Partly Cloudy,Dry,Daylight,Rainier Valley-Rainier Beach,-122.2580357,47.51337021
-122.2700209,47.51715141,51ST AVE S AND RENTON AVE S,1,Property Damage Only Collision,Angles,0,2,0,0,0,12/16/12 0:40,Overcast,Dry,Dark - Street Lights On,Rainier Valley-Rainier Beach,-122.2580357,47.51337021
-122.2631033,47.50612417,56TH AVE S AND S BANGOR ST,2b,Serious Injury Collision,Other,2,2,1,1,0,4/18/17 18:38,Raining,Wet,Daylight,Rainier Valley-Rainier Beach,-122.2580357,47.51337021
-122.2535631,47.50729531,64TH AVE S BETWEEN S PRENTICE ST AND S BANGOR ST,1,Property Damage Only Collision,Sideswipe,2,2,0,0,0,7/19/07 14:49,Clear or Partly Cloudy,Dry,Daylight,Rainier Valley-Rainier Beach,-122.2580357,47.51337021
-122.2389494,47.51050158,RAINIER AVE S BETWEEN 75TH AVE S AND CITY LIMITS,1,Property Damage Only Collision,Parked Car,2,2,0,0,0,4/25/04 12:00,Unknown,Unknown,Unknown,Rainier Valley-Rainier Beach,-122.2580357,47.51337021
-122.2700248,47.51685114,51ST AVE S AND S ROXBURY ST,1,Property Damage Only Collision,Angles,2,2,0,0,0,4/8/13 18:15,Unknown,Unknown,Unknown,Rainier Valley-Rainier Beach,-122.2580357,47.51337021
-122.275087,47.51671033,Beacon AVE S BETWEEN S FLETCHER ST AND S BOND ST,2,Injury Collision,Head On,4,2,2,0,0,12/4/04,Raining,Wet,Daylight,RAINIER VALLEY-RAINIER BEACH,-122.2580357,47.51337021
-122.2700596,47.51099185,51ST AVE S BETWEEN S GAZELLE ST AND S RYAN WAY,2,Injury Collision,Parked Car,2,2,1,0,0,7/8/04,Clear or Partly Cloudy,Dry,Daylight,Rainier Valley-Rainier Beach,-122.2580357,47.51337021
-122.2700354,47.51494582,51ST AVE S BETWEEN S PILGRIM ST AND S BOND ST,2,Injury Collision,Parked Car,3,2,1,0,0,3/28/04 15:18,Clear or Partly Cloudy,Dry,Daylight,Rainier Valley-Rainier Beach,-122.2580357,47.51337021
-122.2588938,47.50612182,S BANGOR ST BETWEEN 59TH AVE S AND 60TH AVE S,1,Property Damage Only Collision,Rear Ended,2,2,0,0,0,2/18/04 8:19,Overcast,Wet,Daylight,Rainier Valley-Rainier Beach,-122.2580357,47.51337021
-122.2424335,47.51100594,RAINIER AVE S BETWEEN 72ND AVE S AND 75TH AVE S,1,Property Damage Only Collision,Parked Car,2,2,0,0,0,8/22/19 23:05,Clear or Partly Cloudy,Dry,Dark - Street Lights On,Rainier Valley-Rainier Beach,-122.2580357,47.51337021
-122.2577425,47.50903608,RENTON AVE S BETWEEN S RYAN ST AND S PRENTICE N ST,1,Property Damage Only Collision,Parked Car,4,2,0,0,0,4/7/13 15:37,Raining,Wet,Daylight,Rainier Valley-Rainier Beach,-122.2580357,47.51337021
-122.2594527,47.5068968,59TH AVE S BETWEEN S PRENTICE S ST AND S BANGOR ST,2,Injury Collision,Parked Car,3,2,1,0,0,3/26/04 16:22,Raining,Wet,Daylight,Rainier Valley-Rainier Beach,-122.2580357,47.51337021
-122.2692612,47.51991971,RAINIER AVE S BETWEEN 51ST AVE S AND STURTEVANT AVE S,2,Injury Collision,Rear Ended,2,2,1,0,0,4/3/04,Clear or Partly Cloudy,Dry,Daylight,Rainier Valley-Rainier Beach,-122.2580357,47.51337021
-122.2700354,47.51494582,51ST AVE S BETWEEN S PILGRIM ST AND S BOND ST,2,Injury Collision,Rear Ended,4,3,2,0,0,1/31/04 10:47,Overcast,Wet,Daylight,Rainier Valley-Rainier Beach,-122.2580357,47.51337021
-122.2547159,47.51716333,RAINIER AVE S BETWEEN S KEPPLER ST AND S PILGRIM ST,0,Unknown,,0,0,0,0,0,12/11/04,,,,Rainier Valley-Rainier Beach,-122.2580357,47.51337021
-122.2788815,47.51516103,M L KING JR ER WAY S BETWEEN MERTON WAY S AND S NORFOLK ST,1,Property Damage Only Collision,Other,6,2,0,0,0,7/7/04,Clear or Partly Cloudy,Dry,Daylight,RAINIER VALLEY-RAINIER BEACH,-122.2580357,47.51337021
-122.2708793,47.51805305,50TH AVE S AND RENTON AVE S,1,Property Damage Only Collision,Other,3,2,0,0,0,7/4/04,Clear or Partly Cloudy,Dry,Dusk,Rainier Valley-Rainier Beach,-122.2580357,47.51337021
-122.2692612,47.51991971,RAINIER AVE S BETWEEN 51ST AVE S AND STURTEVANT AVE S,1,Property Damage Only Collision,Rear Ended,3,3,0,0,0,11/27/04 8:06,Clear or Partly Cloudy,Wet,Daylight,Rainier Valley-Rainier Beach,-122.2580357,47.51337021
-122.257034,47.51335807,61ST AVE S AND S NORFOLK ST,2,Injury Collision,Angles,8,2,3,0,0,5/3/04,Clear or Partly Cloudy,Dry,Daylight,Rainier Valley-Rainier Beach,-122.2580357,47.51337021
-122.2618426,47.50251813,S LEO ST BETWEEN 56TH E AVE S AND 57TH AVE S,1,Property Damage Only Collision,Other,1,1,0,0,0,6/11/11 23:36,Clear or Partly Cloudy,Dry,Dark - Street Lights On,Rainier Valley-Rainier View,-122.2557892,47.503466
-122.2518317,47.50539748,S HAZEL ST BETWEEN 65TH AVE S AND 66TH AVE S,1,Property Damage Only Collision,Parked Car,2,2,0,0,0,10/26/13 4:12,Clear or Partly Cloudy,Dry,Dark - Street Lights On,Rainier Valley-Rainier View,-122.2557892,47.503466
-122.2483602,47.51007367,68TH AVE S BETWEEN RAINIER AVE S AND HOLYOKE WAY S,1,Property Damage Only Collision,Other,1,1,0,0,0,2/15/10 5:39,Fog/Smog/Smoke,Wet,Dark - No Street Lights,Rainier Valley-Rainier View,-122.2557892,47.503466
-122.2701494,47.50558835,51ST AVE S BETWEEN S BANGOR ST AND S 109TH ST,1,Property Damage Only Collision,Other,2,2,0,0,0,2/6/14 5:07,Clear or Partly Cloudy,Ice,Dark - Street Lights On,Rainier Valley-Rainier View,-122.2557892,47.503466
-122.2513864,47.50344105,RENTON AVE S BETWEEN S FOUNTAIN ST AND S FOUNTAIN PL,2,Injury Collision,Rear Ended,3,2,1,0,0,4/5/13 12:33,Clear or Partly Cloudy,Dry,Daylight,Rainier Valley-Rainier View,-122.2557892,47.503466
-122.2541988,47.50316039,S FOUNTAIN ST BETWEEN 62ND AVE S AND 63RD AVE S,0,Unknown,,0,0,0,0,0,10/1/04,,,,Rainier Valley-Rainier View,-122.2557892,47.503466
-122.2463885,47.4997087,S 115TH ST BETWEEN 70TH PL S AND 71ST PL S,2,Injury Collision,Parked Car,3,3,1,0,0,3/28/13 21:04,Clear or Partly Cloudy,Dry,Dark - Street Lights On,Rainier Valley-Rainier View,-122.2557892,47.503466
-122.2477686,47.51123597,RAINIER AVE S BETWEEN 68TH AVE S AND CORNELL AVE S,2,Injury Collision,Other,1,1,1,0,0,4/12/13 7:30,Clear or Partly Cloudy,Dry,Dark - Street Lights On,Rainier Valley-Rainier View,-122.2557892,47.503466
-122.252464,47.50444075,RENTON AVE S BETWEEN S HAZEL ST AND S FOUNTAIN ST,1,Property Damage Only Collision,Parked Car,4,4,0,0,0,12/5/04,Unknown,Unknown,Unknown,RAINIER VALLEY-RAINIER VIEW,-122.2557892,47.503466
-122.2425418,47.50105146,WOODLEY AVE S BETWEEN LAKE RIDGE DR S AND S 115TH ST,1,Property Damage Only Collision,Parked Car,2,2,0,0,0,11/13/04 15:39,Overcast,Dry,Daylight,Rainier Valley-Rainier View,-122.2557892,47.503466
-122.252464,47.50444075,RENTON AVE S BETWEEN S HAZEL ST AND S FOUNTAIN ST,2,Injury Collision,Rear Ended,3,2,1,0,0,4/4/13 10:43,Raining,Wet,Daylight,Rainier Valley-Rainier View,-122.2557892,47.503466
-122.2516215,47.5036592,RENTON AVE S AND S FOUNTAIN ST,0,Unknown,,0,0,0,0,0,12/9/04,,,,Rainier Valley-Rainier View,-122.2557892,47.503466
-122.2648432,47.50311096,55TH AVE S BETWEEN S FOUNTAIN ST AND S LEO ST,1,Property Damage Only Collision,Other,1,1,0,0,0,7/31/04 3:36,Clear or Partly Cloudy,Dry,Dark - Street Lights On,Rainier Valley-Rainier View,-122.2557892,47.503466
-122.2477686,47.51123597,RAINIER AVE S BETWEEN 68TH AVE S AND CORNELL AVE S,1,Property Damage Only Collision,Other,6,1,0,0,0,10/23/04 17:01,Clear or Partly Cloudy,Dry,Daylight,Rainier Valley-Rainier View,-122.2557892,47.503466
-122.2955681,47.57496603,RAINIER AVE S AND S HANFORD ST,1,Property Damage Only Collision,Angles,6,2,0,0,0,5/8/19 14:20,Clear or Partly Cloudy,Dry,Daylight,Rainier Valley-Mount Baker,-122.2888366,47.57767277
-122.2886012,47.56976561,S CHARLESTOWN ST BETWEEN 35TH AVE S AND 36TH AVE S,2,Injury Collision,Parked Car,2,2,2,0,0,3/27/13 16:24,Raining,Wet,Daylight,Rainier Valley-Mount Baker,-122.2888366,47.57767277
-122.2839204,47.56618626,39TH AVE S AND S DAKOTA ST,1,Property Damage Only Collision,Angles,2,2,0,0,0,2/8/06,Clear or Partly Cloudy,Dry,Daylight,Rainier Valley-Mount Baker,-122.2888366,47.57767277
-122.2942012,47.5741472,S BYRON ST BETWEEN RAINIER AVE S AND WETMORE AVE S,1,Property Damage Only Collision,Parked Car,2,2,0,0,0,3/28/13 12:40,Clear or Partly Cloudy,Dry,Daylight,Rainier Valley-Mount Baker,-122.2888366,47.57767277
-122.2849971,47.56617723,38TH AVE S AND S DAKOTA ST,1,Property Damage Only Collision,Angles,2,2,0,0,0,12/3/18 14:57,Clear or Partly Cloudy,Dry,Daylight,Rainier Valley-Mount Baker,-122.2888366,47.57767277
-122.2849971,47.56617723,38TH AVE S AND S DAKOTA ST,1,Property Damage Only Collision,Angles,2,2,0,0,0,7/25/06 12:00,Clear or Partly Cloudy,Dry,Daylight,Rainier Valley-Mount Baker,-122.2888366,47.57767277
-122.2942012,47.5741472,S BYRON ST BETWEEN RAINIER AVE S AND WETMORE AVE S,1,Property Damage Only Collision,Other,1,1,0,0,0,6/30/07 20:07,Clear or Partly Cloudy,Dry,Daylight,Rainier Valley-Mount Baker,-122.2888366,47.57767277
-122.2910103,47.57075993,33RD AVE S BETWEEN S SPOKANE ST AND RAINIER AVE S,1,Property Damage Only Collision,Parked Car,2,2,0,0,0,4/8/17 2:21,Overcast,Dry,Dark - Street Lights On,Rainier Valley-Mount Baker,-122.2888366,47.57767277
-122.2903262,47.56976927,S CHARLESTOWN ST BETWEEN RAINIER AVE S AND 34TH AVE S,2,Injury Collision,Angles,3,2,1,0,0,4/12/13 18:31,Clear or Partly Cloudy,Dry,Daylight,Rainier Valley-Mount Baker,-122.2888366,47.57767277
-122.2866875,47.5804853,CASCADIA AVE S BETWEEN MOUNT BAKER DR S AND MOUNT ST HELENS PL S,1,Property Damage Only Collision,Other,1,1,0,0,0,4/5/13 11:42,Clear or Partly Cloudy,Dry,Daylight,Rainier Valley-Mount Baker,-122.2888366,47.57767277
-122.2919244,47.58174032,32ND AVE S BETWEEN S COLLEGE ST AND S BAYVIEW ST,1,Property Damage Only Collision,Parked Car,2,2,0,0,0,1/6/14 12:00,Unknown,Unknown,Daylight,Rainier Valley-Mount Baker,-122.2888366,47.57767277
-122.2929944,47.57697444,31ST AVE S AND S MOUNT BAKER WB BV,1,Property Damage Only Collision,Parked Car,2,2,0,0,0,6/17/04 9:45,Clear or Partly Cloudy,Dry,Daylight,Rainier Valley-Mount Baker,-122.2888366,47.57767277
-122.2853742,47.57525041,S HANFORD ST BETWEEN 37TH AVE S AND HUNTER WR BLVD S,1,Property Damage Only Collision,,1,0,0,0,0,12/9/12,,,,Rainier Valley-Mount Baker,-122.2888366,47.57767277
-122.2929979,47.57899645,31ST AVE S BETWEEN S LANDER ST AND S MCCLELLAN ST,0,Unknown,,0,0,0,0,0,10/18/15,,,,Rainier Valley-Mount Baker,-122.2888366,47.57767277
-122.2919705,47.57039062,RAINIER AVE S BETWEEN S COURT ST AND 33RD AVE S,1,Property Damage Only Collision,Parked Car,2,2,0,0,0,1/6/12 15:00,Unknown,Unknown,Unknown,Rainier Valley-Mount Baker,-122.2888366,47.57767277
-122.2980507,47.58831183,M L KING JR WAY S AND S MASSACHUSETTS ST,2,Injury Collision,Angles,6,2,4,0,0,8/23/16 18:31,Clear or Partly Cloudy,Dry,Daylight,Rainier Valley-Mount Baker,-122.2888366,47.57767277
-122.2981446,47.58364221,M L KING JR WAY S AND S WALKER ST,2,Injury Collision,Right Turn,3,2,1,0,0,1/9/17 18:32,Raining,Wet,Dark - Street Lights On,Rainier Valley-Mount Baker,-122.2888366,47.57767277
-122.2962432,47.57587276,RAINIER AVE S AND S MOUNT BAKER EB BV,2,Injury Collision,Left Turn,2,2,2,0,0,8/22/07 14:41,Clear or Partly Cloudy,Dry,Daylight,Rainier Valley-Mount Baker,-122.2888366,47.57767277
-122.2966297,47.57635897,M L KING JR WAY S AND RAINIER AVE S,1,Property Damage Only Collision,Sideswipe,2,2,0,0,0,2/13/13 14:04,Overcast,Dry,Daylight,Rainier Valley-Mount Baker,-122.2888366,47.57767277