X,Y,LOCATION,SEVERITYCODE,SEVERITYDESC,COLLISIONTYPE,PERSONCOUNT,VEHCOUNT,INJURIES,SERIOUSINJURIES,FATALITIES,INCDTTM,WEATHER,ROADCOND,LIGHTCOND,NEIGHBORHOOD,NX,NY
-122.2889957,47.56704703,RAINIER AVE S BETWEEN S ANDOVER ST AND S DAKOTA ST,1,Property Damage Only Collision,Angles,2,2,0,0,0,8/9/14 14:17,Clear or Partly Cloudy,Dry,Daylight,Rainier Valley-Mount Baker,-122.2888366,47.57767277
-122.2919705,47.57039062,RAINIER AVE S BETWEEN S COURT ST AND 33RD AVE S,1,Property Damage Only Collision,Sideswipe,2,2,0,0,0,2/8/17 15:02,Raining,Wet,Daylight,Rainier Valley-Mount Baker,-122.2888366,47.57767277
-122.2866875,47.59046653,LAKESIDE AVE S BETWEEN S IRVING ST AND S DAY ST,2,Injury Collision,Other,1,1,1,0,0,1/12/18 23:00,Overcast,Wet,Dark - Street Lights On,Rainier Valley-Mount Baker,-122.2888366,47.57767277
-122.2849971,47.56617723,38TH AVE S AND S DAKOTA ST,0,Unknown,,0,0,0,0,0,1/24/04,,,,Rainier Valley-Mount Baker,-122.2888366,47.57767277
-122.2910103,47.57075993,33RD AVE S BETWEEN S SPOKANE ST AND RAINIER AVE S,1,Property Damage Only Collision,Parked Car,2,2,0,0,0,4/14/13 16:50,Clear or Partly Cloudy,Dry,Daylight,Rainier Valley-Mount Baker,-122.2888366,47.57767277
-122.2980507,47.58831183,M L KING JR WAY S AND S MASSACHUSETTS ST,1,Property Damage Only Collision,Angles,3,2,0,0,0,5/18/04 10:58,Clear or Partly Cloudy,Dry,Daylight,Rainier Valley-Mount Baker,-122.2888366,47.57767277
-122.2977275,47.58928407,M L KING JR WAY S BETWEEN MOUNTAINS TO SOUND TRL AND S MASSACHUSETTS ST,2,Injury Collision,Rear Ended,3,2,1,0,0,4/12/13 9:07,Overcast,Dry,Daylight,Rainier Valley-Mount Baker,-122.2888366,47.57767277
-122.2903262,47.56976927,S CHARLESTOWN ST BETWEEN RAINIER AVE S AND 34TH AVE S,0,Unknown,,0,0,0,0,0,7/1/04,,,,Rainier Valley-Mount Baker,-122.2888366,47.57767277
-122.2919705,47.57039062,RAINIER AVE S BETWEEN S COURT ST AND 33RD AVE S,2,Injury Collision,Rear Ended,2,2,1,0,0,9/28/04 15:48,Clear or Partly Cloudy,Dry,Daylight,Rainier Valley-Mount Baker,-122.2888366,47.57767277
-122.2935559,47.58290948,S COLLEGE ST BETWEEN 30TH AVE S AND 31ST N AVE S,0,Unknown,,1,0,0,0,0,3/28/13,,,,Rainier Valley-Mount Baker,-122.2888366,47.57767277
-122.2925377,47.58798381,31ST AVE S AND S MASSACHUSETTS ST,2,Injury Collision,Angles,2,2,1,0,0,3/27/13 10:20,Clear or Partly Cloudy,Dry,Daylight,Rainier Valley-Mount Baker,-122.2888366,47.57767277
-122.2870307,47.56410439,36TH AVE S AND S GENESEE ST,1,Property Damage Only Collision,Rear Ended,2,2,0,0,0,4/5/13 11:48,Clear or Partly Cloudy,Dry,Daylight,Rainier Valley-Mount Baker,-122.2888366,47.57767277
-122.2929979,47.57899645,31ST AVE S BETWEEN S LANDER ST AND S MCCLELLAN ST,0,Unknown,,0,0,0,0,0,7/15/04,,,,Rainier Valley-Mount Baker,-122.2888366,47.57767277
-122.2888161,47.57376736,35TH AVE S AND S HORTON ST,1,Property Damage Only Collision,Angles,2,2,0,0,0,10/30/04 14:14,Clear or Partly Cloudy,Dry,Daylight,Rainier Valley-Mount Baker,-122.2888366,47.57767277
-122.2980507,47.58831183,M L KING JR WAY S AND S MASSACHUSETTS ST,0,Unknown,,0,0,0,0,0,3/22/04,,,,Rainier Valley-Mount Baker,-122.2888366,47.57767277
-122.2818778,47.55342826,S BRANDON ST BETWEEN DEAD END 3 AND 42ND AVE S,0,Unknown,,0,0,0,0,0,11/17/18,,,,Rainier Valley-Columbia City,-122.2888957,47.5611857
-122.2884235,47.56496219,RAINIER AVE S BETWEEN S ADAMS ST AND S GENESEE N ST,2,Injury Collision,Rear Ended,2,2,2,0,0,6/14/09 5:20,Overcast,Dry,Dawn,Rainier Valley-Columbia City,-122.2888957,47.5611857
-122.3043864,47.55963761,BEACON ER AVE S AND S COLUMBIAN WAY,1,Property Damage Only Collision,Sideswipe,2,2,0,0,0,5/11/19 17:10,Clear or Partly Cloudy,Dry,Daylight,Rainier Valley-Columbia City,-122.2888957,47.5611857
-122.285998,47.54974571,S JUNEAU ST BETWEEN 37TH AVE S AND JUNEAU TER S,0,Unknown,,0,0,0,0,0,11/20/18,,,,Rainier Valley-Columbia City,-122.2888957,47.5611857
-122.2840355,47.54973351,S JUNEAU ST BETWEEN RENTON AVE S AND 39TH AVE S,0,Unknown,,0,0,0,0,0,11/22/18,,,,Rainier Valley-Columbia City,-122.2888957,47.5611857
-122.2875459,47.56175885,RAINIER AVE S BETWEEN S OREGON ST AND S ALASKA ST,2,Injury Collision,Other,2,1,2,0,0,4/25/10 3:29,Clear or Partly Cloudy,Dry,Dark - Street Lights On,Rainier Valley-Columbia City,-122.2888957,47.5611857
-122.2796585,47.5534048,RAINIER AVE S AND S BRANDON ST,2,Injury Collision,Rear Ended,3,2,3,0,0,3/31/13 10:05,Clear or Partly Cloudy,Dry,Daylight,Rainier Valley-Columbia City,-122.2888957,47.5611857
-122.2944332,47.56230392,M L KING JR WR WAY S BETWEEN S COLUMBIAN WAY AND S SNOQUALMIE ST,1,Property Damage Only Collision,Rear Ended,2,2,0,0,0,2/24/05 7:15,Clear or Partly Cloudy,Dry,Daylight,Rainier Valley-Columbia City,-122.2888957,47.5611857
-122.2888179,47.5586629,35TH AVE S AND S EDMUNDS ST,1,Property Damage Only Collision,Angles,2,2,0,0,0,5/9/19 8:55,Clear or Partly Cloudy,Dry,Daylight,Rainier Valley-Columbia City,-122.2888957,47.5611857
-122.2794774,47.54818171,S RAYMOND ST BETWEEN 42ND AVE S AND 44TH AVE S,1,Property Damage Only Collision,Parked Car,2,2,0,0,0,6/2/04,Clear or Partly Cloudy,Dry,Other,Rainier Valley-Columbia City,-122.2888957,47.5611857
-122.2899229,47.56888238,RAINIER AVE S BETWEEN S CHARLESTOWN ST AND S ANDOVER ST,1,Property Damage Only Collision,Rear Ended,2,2,0,0,0,2/23/09 13:00,Unknown,Unknown,Unknown,Rainier Valley-Columbia City,-122.2888957,47.5611857
-122.2852425,47.55825221,RAINIER AVE S BETWEEN S EDMUNDS ST AND S FERDINAND ST,1,Property Damage Only Collision,,1,0,0,0,0,5/11/19,,,,Rainier Valley-Columbia City,-122.2888957,47.5611857
-122.2957922,47.56241994,29TH AVE S AND S COLUMBIAN WAY,2,Injury Collision,Pedestrian,2,1,1,0,0,12/3/18 17:48,Clear or Partly Cloudy,Dry,Dark - Street Lights On,Rainier Valley-Columbia City,-122.2888957,47.5611857
-122.2972361,47.56181882,S COLUMBIAN WAY BETWEEN S ALASKA ST AND 28TH AVE S,1,Property Damage Only Collision,Sideswipe,3,2,0,0,0,5/7/19 10:06,Clear or Partly Cloudy,Dry,Daylight,Rainier Valley-Columbia City,-122.2888957,47.5611857
-122.2794253,47.55193192,S FINDLAY ST BETWEEN 42ND AVE S AND RAINIER AVE S,1,Property Damage Only Collision,Parked Car,2,2,0,0,0,1/29/07 18:33,Clear or Partly Cloudy,Dry,Dark - Street Lights On,Rainier Valley-Columbia City,-122.2888957,47.5611857
-122.2846295,47.55704112,RAINIER AVE S AND S HUDSON ST,1,Property Damage Only Collision,Left Turn,2,2,0,0,0,6/10/05 14:00,Clear or Partly Cloudy,Dry,Daylight,Rainier Valley-Columbia City,-122.2888957,47.5611857
-122.287889,47.55618245,RENTON AVE S BETWEEN 35TH AVE S AND S DAWSON N ST,1,Property Damage Only Collision,Parked Car,2,2,0,0,0,5/8/19 20:22,Clear or Partly Cloudy,Dry,Dusk,Rainier Valley-Columbia City,-122.2888957,47.5611857
-122.2886702,47.55273827,M L KING JR ER WAY S AND S LUCILE ST,2,Injury Collision,Rear Ended,2,2,1,0,0,5/9/19 12:15,Clear or Partly Cloudy,Dry,Daylight,Rainier Valley-Columbia City,-122.2888957,47.5611857
-122.2966816,47.57614674,M L KING JR WAY S BETWEEN RAINIER AVE S AND S WINTHROP ST,1,Property Damage Only Collision,Sideswipe,4,2,0,0,0,8/11/16 17:57,Clear or Partly Cloudy,Dry,Daylight,Rainier Valley-Columbia City,-122.2888957,47.5611857
-122.2821032,47.54971188,S JUNEAU ST BETWEEN 39TH AVE S AND 42ND AVE S,2,Injury Collision,Other,4,1,4,0,0,6/20/17 3:30,Clear or Partly Cloudy,Dry,Dark - Street Lights On,Rainier Valley-Columbia City,-122.2888957,47.5611857
-122.2770721,47.54932604,RAINIER AVE S BETWEEN S JUNEAU ST AND S KENNY ST,1,Property Damage Only Collision,Sideswipe,2,2,0,0,0,4/29/07 6:41,Overcast,Dry,Daylight,Rainier Valley-Columbia City,-122.2888957,47.5611857
-122.2861491,47.55626482,37TH AVE S BETWEEN S HUDSON ST AND S DAWSON ST,1,Property Damage Only Collision,Parked Car,2,2,0,0,0,3/17/17 23:15,Other,Unknown,Dark - Street Lights On,Rainier Valley-Columbia City,-122.2888957,47.5611857
-122.2771346,47.54970394,RAINIER AVE S AND S JUNEAU ST,1,Property Damage Only Collision,Left Turn,2,2,0,0,0,12/18/11 16:47,Overcast,Dry,Dark - Street Lights On,Rainier Valley-Columbia City,-122.2888957,47.5611857
-122.2864886,47.5601082,RAINIER AVE S BETWEEN S ALASKA ST AND S ANGELINE ST,2,Injury Collision,Rear Ended,2,2,1,0,0,4/3/17 11:39,Clear or Partly Cloudy,Dry,Daylight,Rainier Valley-Columbia City,-122.2888957,47.5611857
-122.2737124,47.54713469,47TH AVE S BETWEEN S RAYMOND PL AND S GRAHAM ST,1,Property Damage Only Collision,Parked Car,2,2,0,0,0,3/16/17 17:45,Clear or Partly Cloudy,Dry,Daylight,Rainier Valley-Columbia City,-122.2888957,47.5611857
-122.2884235,47.56496219,RAINIER AVE S BETWEEN S ADAMS ST AND S GENESEE N ST,1,Property Damage Only Collision,Sideswipe,2,2,0,0,0,9/2/08,Clear or Partly Cloudy,Dry,Daylight,RAINIER VALLEY-COLUMBIA CITY,-122.2888957,47.5611857
-122.2972831,47.56163728,S ALASKA ST AND S COLUMBIAN WAY,1,Property Damage Only Collision,Other,1,1,0,0,0,12/26/09 12:18,Clear or Partly Cloudy,Dry,Daylight,Rainier Valley-Columbia City,-122.2888957,47.5611857
-122.2959096,47.57541958,RAINIER AVE S BETWEEN S MOUNT BAKER EB BV AND S HANFORD ST,2,Injury Collision,Head On,5,3,2,0,0,8/20/13 12:45,Clear or Partly Cloudy,Dry,Daylight,Rainier Valley-Columbia City,-122.2888957,47.5611857
-122.3037472,47.55972549,S COLUMBIAN WAY BETWEEN BEACON ER AVE S AND 24TH AVE S,0,Unknown,,0,0,0,0,0,12/22/15,,,,Rainier Valley-Columbia City,-122.2888957,47.5611857
-122.2841012,47.55645048,RAINIER AVE S BETWEEN S HUDSON ST AND 39TH N AVE S,2,Injury Collision,Rear Ended,2,2,2,0,0,7/29/07 12:29,Clear or Partly Cloudy,Dry,Daylight,Rainier Valley-Columbia City,-122.2888957,47.5611857
-122.284455,47.55865323,S EDMUNDS ST BETWEEN RAINIER AVE S AND 39TH AVE S,1,Property Damage Only Collision,Parked Car,2,2,0,0,0,12/27/13 23:14,Overcast,Wet,Dark - Street Lights On,Rainier Valley-Columbia City,-122.2888957,47.5611857
-122.2951571,47.56146453,29TH AVE S AND S SNOQUALMIE ST,1,Property Damage Only Collision,Parked Car,2,2,0,0,0,10/1/08,Clear or Partly Cloudy,Dry,Daylight,Rainier Valley-Columbia City,-122.2888957,47.5611857
-122.2774612,47.55080402,RAINIER AVE S BETWEEN S ORCAS ST AND S MEAD ST,2,Injury Collision,Rear Ended,3,2,2,0,0,4/4/13 19:04,Overcast,Wet,Daylight,Rainier Valley-Columbia City,-122.2888957,47.5611857
-122.2958126,47.56486101,M L KING JR ER WAY S BETWEEN S ADAMS ST AND S NEVADA ST,1,Property Damage Only Collision,Rear Ended,3,2,0,0,0,2/11/04 11:45,Clear or Partly Cloudy,Dry,Daylight,Rainier Valley-Columbia City,-122.2888957,47.5611857
-122.2966816,47.57614674,M L KING JR WAY S BETWEEN RAINIER AVE S AND S WINTHROP ST,2,Injury Collision,Angles,4,2,4,0,0,3/19/04 21:37,Clear or Partly Cloudy,Dry,Dark - Street Lights On,Rainier Valley-Columbia City,-122.2888957,47.5611857
-122.299293,47.56114291,S COLUMBIAN WAY BETWEEN S AMERICUS ST AND S ALASKA ST,0,Unknown,,0,0,0,0,0,11/3/04,,,,Rainier Valley-Columbia City,-122.2888957,47.5611857
-122.2807788,47.55118995,42ND AVE S AND S ORCAS ST,2,Injury Collision,Angles,4,2,1,0,0,4/23/04 15:14,Overcast,Dry,Daylight,Rainier Valley-Columbia City,-122.2888957,47.5611857
-122.2834691,47.55905358,39TH AVE S BETWEEN S ANGELINE ST AND S EDMUNDS ST,1,Property Damage Only Collision,Other,2,2,0,0,0,12/25/04 2:30,Unknown,Unknown,Unknown,Rainier Valley-Columbia City,-122.2888957,47.5611857
-122.2860443,47.56347218,37TH AVE S BETWEEN S GENESEE ST AND S OREGON ST,1,Property Damage Only Collision,Parked Car,2,2,0,0,0,4/10/13 13:30,Unknown,Unknown,Unknown,Rainier Valley-Columbia City,-122.2888957,47.5611857
-122.2875459,47.56175885,RAINIER AVE S BETWEEN S OREGON ST AND S ALASKA ST,2,Injury Collision,Sideswipe,4,2,2,0,0,10/13/04 9:52,Clear or Partly Cloudy,Dry,Daylight,Rainier Valley-Columbia City,-122.2888957,47.5611857
-122.2899229,47.56888238,RAINIER AVE S BETWEEN S CHARLESTOWN ST AND S ANDOVER ST,2,Injury Collision,Other,2,2,1,0,0,3/3/04,Raining,Wet,Daylight,RAINIER VALLEY-COLUMBIA CITY,-122.2888957,47.5611857
-122.2862626,47.55159666,37TH AVE S BETWEEN S FINDLAY ST AND S ORCAS ST,1,Property Damage Only Collision,Other,1,1,0,0,0,4/7/13 14:30,Raining,Wet,Daylight,Rainier Valley-Columbia City,-122.2888957,47.5611857
-122.2776641,47.55117602,RAINIER AVE S AND S ORCAS ST,1,Property Damage Only Collision,Left Turn,5,2,0,0,0,4/3/04,Clear or Partly Cloudy,Dry,Daylight,RAINIER VALLEY-COLUMBIA CITY,-122.2888957,47.5611857
-122.2834827,47.55548796,39TH AVE S AND S DAWSON ST,0,Unknown,,0,0,0,0,0,5/14/19,,,,Rainier Valley-Columbia City,-122.2888957,47.5611857
-122.2852425,47.55825221,RAINIER AVE S BETWEEN S EDMUNDS ST AND S FERDINAND ST,2,Injury Collision,Rear Ended,6,3,1,0,0,3/30/13 15:36,Clear or Partly Cloudy,Dry,Daylight,Rainier Valley-Columbia City,-122.2888957,47.5611857
-122.277573,47.54894429,S KENNY ST BETWEEN 44TH AVE S AND RAINIER AVE S,1,Property Damage Only Collision,Parked Car,2,2,0,0,0,7/31/05 2:19,Clear or Partly Cloudy,Dry,Dark - Street Lights On,Rainier Valley-Columbia City,-122.2888957,47.5611857
-122.2875459,47.56175885,RAINIER AVE S BETWEEN S OREGON ST AND S ALASKA ST,2,Injury Collision,Rear Ended,4,2,1,0,0,3/30/13 17:02,Clear or Partly Cloudy,Dry,Daylight,Rainier Valley-Columbia City,-122.2888957,47.5611857
-122.2874797,47.55866054,S EDMUNDS ST BETWEEN 35TH AVE S AND 37TH AVE S,1,Property Damage Only Collision,Parked Car,2,2,0,0,0,6/13/07 17:30,Clear or Partly Cloudy,Dry,Daylight,Rainier Valley-Columbia City,-122.2888957,47.5611857
-122.2780763,47.55192561,RAINIER AVE S AND S FINDLAY ST,0,Unknown,,0,0,0,0,0,10/17/04,,,,Rainier Valley-Columbia City,-122.2888957,47.5611857
-122.299293,47.56114291,S COLUMBIAN WAY BETWEEN S AMERICUS ST AND S ALASKA ST,2,Injury Collision,Parked Car,4,2,2,0,0,5/11/19 23:04,Clear or Partly Cloudy,Dry,Dark - Street Lights On,Rainier Valley-Columbia City,-122.2888957,47.5611857
-122.2864886,47.5601082,RAINIER AVE S BETWEEN S ALASKA ST AND S ANGELINE ST,2,Injury Collision,Rear Ended,4,2,1,0,0,12/22/07 12:59,Clear or Partly Cloudy,Wet,Daylight,Rainier Valley-Columbia City,-122.2888957,47.5611857
-122.2821353,47.55470845,RAINIER AVE S BETWEEN 39TH S AVE S AND 42ND AVE S,2,Injury Collision,Angles,7,2,5,0,0,1/3/15 22:28,Overcast,Dry,Dark - Street Lights On,Rainier Valley-Columbia City,-122.2888957,47.5611857
-122.2851938,47.54974192,S JUNEAU ST BETWEEN JUNEAU TER S AND RENTON AVE S,1,Property Damage Only Collision,Parked Car,3,3,0,0,0,7/25/17 8:13,Clear or Partly Cloudy,Dry,Daylight,Rainier Valley-Columbia City,-122.2888957,47.5611857
-122.3043864,47.55963761,BEACON ER AVE S AND S COLUMBIAN WAY,2,Injury Collision,Angles,2,2,1,0,0,1/12/16 17:36,Raining,Wet,Dark - Street Lights On,Rainier Valley-Columbia City,-122.2888957,47.5611857
-122.2853869,47.55704307,S HUDSON ST BETWEEN 37TH AVE S AND RAINIER AVE S,1,Property Damage Only Collision,Other,0,2,0,0,0,3/6/17 10:22,Overcast,Dry,Daylight,Rainier Valley-Columbia City,-122.2888957,47.5611857
-122.2968655,47.5742981,M L KING JR WR WAY S BETWEEN S HANFORD S ST AND S HORTON ST,1,Property Damage Only Collision,Other,1,1,0,0,0,3/22/15 1:56,Clear or Partly Cloudy,Dry,Dark - Street Lights On,Rainier Valley-Columbia City,-122.2888957,47.5611857
-122.2753723,47.55392276,46TH AVE S BETWEEN S BENNETT ST AND S BRANDON ST,1,Property Damage Only Collision,Parked Car,2,2,0,0,0,10/7/07,Raining,Wet,Daylight,Rainier Valley-Columbia City,-122.2888957,47.5611857
-122.2969683,47.57015286,M L KING JR WR WAY S AND S CHARLESTOWN ST,0,Unknown,,0,0,0,0,0,3/7/12,,,,Rainier Valley-Columbia City,-122.2888957,47.5611857
-122.2899229,47.56888238,RAINIER AVE S BETWEEN S CHARLESTOWN ST AND S ANDOVER ST,2,Injury Collision,,2,0,1,0,0,1/11/16,,,,Rainier Valley-Columbia City,-122.2888957,47.5611857
-122.2767405,47.54743168,RAINIER AVE S BETWEEN S KENNY ST AND S GRAHAM ST,0,Unknown,,0,0,0,0,0,11/9/07,,,,Rainier Valley-Columbia City,-122.2888957,47.5611857
-122.2776641,47.55117602,RAINIER AVE S AND S ORCAS ST,2,Injury Collision,Left Turn,2,2,2,0,0,8/13/13 8:55,Clear or Partly Cloudy,Dry,Daylight,Rainier Valley-Columbia City,-122.2888957,47.5611857
-122.2841042,47.54603212,S GRAHAM ST BETWEEN 38TH AVE S AND 39TH AVE S,1,Property Damage Only Collision,Other,2,2,0,0,0,3/31/08 17:32,Clear or Partly Cloudy,Dry,Daylight,Rainier Valley-Columbia City,-122.2888957,47.5611857
-122.2920389,47.56077931,S ALASKA ST BETWEEN 31ST AVE S AND 32ND AVE S,2,Injury Collision,Rear Ended,0,3,1,0,0,4/12/16 15:54,Raining,Wet,Daylight,Rainier Valley-Columbia City,-122.2888957,47.5611857
-122.2943965,47.57343082,RAINIER AVE S BETWEEN S BYRON ST AND S WALDEN ST,0,Unknown,,0,0,0,0,0,11/19/09,,,,Rainier Valley-Columbia City,-122.2888957,47.5611857
-122.2892436,47.56794838,RAINIER AVE S AND S ANDOVER ST,2,Injury Collision,Pedestrian,0,1,1,0,0,2/15/17 12:47,Raining,Wet,Daylight,Rainier Valley-Columbia City,-122.2888957,47.5611857
-122.2882106,47.56418493,RAINIER AVE S BETWEEN S GENESEE N ST AND S GENESEE S ST,1,Property Damage Only Collision,Other,1,1,0,0,0,3/31/16 21:25,Clear or Partly Cloudy,Dry,Dark - Street Lights On,Rainier Valley-Columbia City,-122.2888957,47.5611857
-122.3048723,47.5603579,BEACON WR AVE S BETWEEN S ALASKA ST AND S COLUMBIAN WAY,2,Injury Collision,Other,3,1,1,0,0,8/1/16 2:30,Clear or Partly Cloudy,Dry,Dark - Street Lights On,Rainier Valley-Columbia City,-122.2888957,47.5611857
-122.2856856,47.55906498,RAINIER AVE S BETWEEN S ANGELINE ST AND S EDMUNDS ST,1,Property Damage Only Collision,Rear Ended,2,2,0,0,0,7/16/11 11:18,Overcast,Wet,Daylight,Rainier Valley-Columbia City,-122.2888957,47.5611857
-122.2776641,47.55117602,RAINIER AVE S AND S ORCAS ST,2,Injury Collision,Left Turn,3,2,1,0,0,6/20/14 16:46,Clear or Partly Cloudy,Dry,Daylight,Rainier Valley-Columbia City,-122.2888957,47.5611857
-122.2821353,47.55470845,RAINIER AVE S BETWEEN 39TH S AVE S AND 42ND AVE S,1,Property Damage Only Collision,Sideswipe,2,2,0,0,0,8/12/13 18:22,Clear or Partly Cloudy,Dry,Daylight,Rainier Valley-Columbia City,-122.2888957,47.5611857
-122.2855095,47.56411701,S GENESEE ST BETWEEN 37TH AVE S AND 38TH AVE S,2,Injury Collision,Rear Ended,0,2,1,0,0,5/18/15 18:35,Clear or Partly Cloudy,Dry,Daylight,Rainier Valley-Columbia City,-122.2888957,47.5611857
-122.2966916,47.57439805,M L KING JR ER WAY S BETWEEN S HANFORD S ST AND CLAREMONT AVE S,1,Property Damage Only Collision,Rear Ended,3,2,0,0,0,2/11/16 7:18,Overcast,Wet,Daylight,Rainier Valley-Columbia City,-122.2888957,47.5611857
-122.277071,47.54601824,S GRAHAM ST BETWEEN 44TH AVE S AND RAINIER AVE S,0,Unknown,,0,0,0,0,0,3/1/04,,,,Rainier Valley-Columbia City,-122.2888957,47.5611857
-122.2969887,47.56861146,M L KING JR WR WAY S BETWEEN S BRADFORD ST AND S ANDOVER ST,1,Property Damage Only Collision,Other,1,1,0,0,0,4/5/13 21:45,Raining,Wet,Dark - Street Lights On,Rainier Valley-Columbia City,-122.2888957,47.5611857
-122.277071,47.54601824,S GRAHAM ST BETWEEN 44TH AVE S AND RAINIER AVE S,2,Injury Collision,Parked Car,2,2,1,0,0,12/22/18 19:41,Raining,Wet,Dark - Street Lights On,Rainier Valley-Columbia City,-122.2888957,47.5611857
-122.2916598,47.55827189,M L KING JR ER WAY S BETWEEN S EDMUNDS ST AND S FERDINAND ST,0,Unknown,,0,0,0,0,0,10/29/04,,,,Rainier Valley-Columbia City,-122.2888957,47.5611857
-122.280736,47.55642241,42ND AVE S BETWEEN S HUDSON ST AND S FARRAR ST,1,Property Damage Only Collision,Parked Car,3,2,0,0,0,1/24/04 17:47,Clear or Partly Cloudy,Dry,Dark - Street Lights On,Rainier Valley-Columbia City,-122.2888957,47.5611857
-122.2881859,47.56409504,RAINIER AVE S AND S GENESEE S ST,0,Unknown,,0,0,0,0,0,11/12/04,,,,Rainier Valley-Columbia City,-122.2888957,47.5611857
-122.288011,47.56345665,RAINIER AVE S BETWEEN S GENESEE S ST AND S OREGON ST,1,Property Damage Only Collision,Rear Ended,3,2,0,0,0,3/27/13 15:59,Overcast,Wet,Daylight,Rainier Valley-Columbia City,-122.2888957,47.5611857
-122.2892418,47.55386065,M L KING JR ER WAY S BETWEEN S BENNETT ST AND S BRANDON ST,2,Injury Collision,Sideswipe,2,2,1,0,0,4/8/13 8:03,Overcast,Wet,Daylight,Rainier Valley-Columbia City,-122.2888957,47.5611857
-122.2834105,47.54972661,39TH AVE S AND S JUNEAU ST,1,Property Damage Only Collision,Angles,4,2,0,0,0,6/5/04,Overcast,Dry,Daylight,Rainier Valley-Columbia City,-122.2888957,47.5611857
-122.2852425,47.55825221,RAINIER AVE S BETWEEN S EDMUNDS ST AND S FERDINAND ST,1,Property Damage Only Collision,Parked Car,2,2,0,0,0,4/4/13 21:13,Raining,Wet,Dark - Street Lights On,Rainier Valley-Columbia City,-122.2888957,47.5611857
-122.2864886,47.5601082,RAINIER AVE S BETWEEN S ALASKA ST AND S ANGELINE ST,0,Unknown,,0,0,0,0,0,1/2/04,,,,Rainier Valley-Columbia City,-122.2888957,47.5611857
-122.2859474,47.54706873,M L KING JR ER WAY S BETWEEN 37TH AVE S AND S GRAHAM ST,1,Property Damage Only Collision,Rear Ended,3,2,0,0,0,4/7/13 11:46,Raining,Wet,Daylight,Rainier Valley-Columbia City,-122.2888957,47.5611857
-122.2864886,47.5601082,RAINIER AVE S BETWEEN S ALASKA ST AND S ANGELINE ST,1,Property Damage Only Collision,Sideswipe,2,2,0,0,0,8/4/04,Clear or Partly Cloudy,Dry,Daylight,RAINIER VALLEY-COLUMBIA CITY,-122.2888957,47.5611857
-122.2807788,47.55118995,42ND AVE S AND S ORCAS ST,1,Property Damage Only Collision,Pedestrian,3,1,0,0,0,4/9/13 18:03,Clear or Partly Cloudy,Dry,Daylight,Rainier Valley-Columbia City,-122.2888957,47.5611857
-122.2914943,47.56076578,32ND AVE S AND S ALASKA ST,0,Unknown,,0,0,0,0,0,2/19/19,,,,Rainier Valley-Columbia City,-122.2888957,47.5611857
-122.2940056,47.5729186,RAINIER AVE S AND S WALDEN ST,2,Injury Collision,Left Turn,2,2,1,0,0,3/28/13 16:00,Clear or Partly Cloudy,Dry,Daylight,Rainier Valley-Columbia City,-122.2888957,47.5611857
-122.2927852,47.56007559,M L KING JR ER WAY S BETWEEN S ALASKA ST AND S ANGELINE ST,1,Property Damage Only Collision,Rear Ended,2,2,0,0,0,4/4/13 15:10,Raining,Wet,Daylight,Rainier Valley-Columbia City,-122.2888957,47.5611857
-122.2967269,47.57197984,M L KING JR ER WAY S AND S WALDEN ST,1,Property Damage Only Collision,Angles,2,2,0,0,0,9/15/04 10:55,Clear or Partly Cloudy,Dry,Daylight,Rainier Valley-Columbia City,-122.2888957,47.5611857
-122.2859666,47.56074451,S ALASKA ST BETWEEN RAINIER AVE S AND 38TH AVE S,0,Unknown,,0,0,0,0,0,8/14/04,,,,Rainier Valley-Columbia City,-122.2888957,47.5611857
-122.2927852,47.56007559,M L KING JR ER WAY S BETWEEN S ALASKA ST AND S ANGELINE ST,2,Injury Collision,Rear Ended,2,2,1,0,0,10/28/04 16:45,Raining,Wet,Daylight,Rainier Valley-Columbia City,-122.2888957,47.5611857
-122.2932403,47.56080845,M L KING JR ER WAY S AND S ALASKA ST,2,Injury Collision,Angles,2,2,1,0,0,11/23/04 14:28,Raining,Wet,Daylight,Rainier Valley-Columbia City,-122.2888957,47.5611857
-122.2841012,47.55645048,RAINIER AVE S BETWEEN S HUDSON ST AND 39TH N AVE S,1,Property Damage Only Collision,Rear Ended,2,2,0,0,0,4/9/04,Clear or Partly Cloudy,Dry,Daylight,Rainier Valley-Columbia City,-122.2888957,47.5611857
-122.2927852,47.56007559,M L KING JR ER WAY S BETWEEN S ALASKA ST AND S ANGELINE ST,1,Property Damage Only Collision,Rear Ended,3,2,0,0,0,7/29/19 19:50,Clear or Partly Cloudy,Dry,Daylight,Rainier Valley-Columbia City,-122.2888957,47.5611857
-122.2833653,47.55579822,RAINIER AVE S BETWEEN 39TH N AVE S AND 39TH S AVE S,2,Injury Collision,Angles,4,3,2,0,0,4/6/13 17:50,Overcast,Dry,Daylight,Rainier Valley-Columbia City,-122.2888957,47.5611857
-122.2843964,47.5628334,S OREGON ST BETWEEN 38TH AVE S AND 39TH AVE S,1,Property Damage Only Collision,Other,1,1,0,0,0,1/26/04 19:25,Clear or Partly Cloudy,Dry,Dark - Street Lights On,Rainier Valley-Columbia City,-122.2888957,47.5611857