X,Y,LOCATION,SEVERITYCODE,SEVERITYDESC,COLLISIONTYPE,PERSONCOUNT,VEHCOUNT,INJURIES,SERIOUSINJURIES,FATALITIES,INCDTTM,WEATHER,ROADCOND,LIGHTCOND,NEIGHBORHOOD,NX,NY
-122.2834431,47.55121795,39TH AVE S AND S ORCAS ST,2,Injury Collision,Left Turn,3,2,2,0,0,4/13/13 18:45,Clear or Partly Cloudy,Dry,Daylight,Rainier Valley-Columbia City,-122.2888957,47.5611857
-122.2774612,47.55080402,RAINIER AVE S BETWEEN S ORCAS ST AND S MEAD ST,1,Property Damage Only Collision,Rear Ended,5,2,0,0,0,4/24/04 9:05,Clear or Partly Cloudy,Dry,Daylight,Rainier Valley-Columbia City,-122.2888957,47.5611857
-122.2776641,47.55117602,RAINIER AVE S AND S ORCAS ST,1,Property Damage Only Collision,Left Turn,2,2,0,0,0,3/28/13 17:47,Clear or Partly Cloudy,Dry,Daylight,Rainier Valley-Columbia City,-122.2888957,47.5611857
-122.2884235,47.56496219,RAINIER AVE S BETWEEN S ADAMS ST AND S GENESEE N ST,1,Property Damage Only Collision,Parked Car,2,2,0,0,0,2/29/04 16:30,Clear or Partly Cloudy,Dry,Daylight,Rainier Valley-Columbia City,-122.2888957,47.5611857
-122.2886802,47.56589896,RAINIER AVE S BETWEEN S DAKOTA ST AND S ADAMS ST,1,Property Damage Only Collision,Rear Ended,2,2,0,0,0,2/23/04 14:45,Clear or Partly Cloudy,Dry,Daylight,Rainier Valley-Columbia City,-122.2888957,47.5611857
-122.2767405,47.54743168,RAINIER AVE S BETWEEN S KENNY ST AND S GRAHAM ST,3,Fatality Collision,Pedestrian,2,1,0,0,1,10/5/04,Overcast,Dry,Daylight,RAINIER VALLEY-COLUMBIA CITY,-122.2888957,47.5611857
-122.2888194,47.56179613,35TH AVE S BETWEEN S OREGON ST AND S ALASKA ST,1,Property Damage Only Collision,Parked Car,2,2,0,0,0,5/29/04 21:00,Unknown,Unknown,Unknown,Rainier Valley-Columbia City,-122.2888957,47.5611857
-122.2875459,47.56175885,RAINIER AVE S BETWEEN S OREGON ST AND S ALASKA ST,2,Injury Collision,Rear Ended,4,4,1,0,0,1/28/04 11:00,Raining,Wet,Daylight,Rainier Valley-Columbia City,-122.2888957,47.5611857
-122.2846295,47.55704112,RAINIER AVE S AND S HUDSON ST,1,Property Damage Only Collision,Angles,2,2,0,0,0,2/14/18 8:18,Overcast,Wet,Daylight,Rainier Valley-Columbia City,-122.2888957,47.5611857
-122.2976338,47.56547033,29TH AVE S BETWEEN S DAKOTA ST AND S ADAMS ST,0,Unknown,,0,0,0,0,0,11/2/19,,,,Rainier Valley-Columbia City,-122.2888957,47.5611857
-122.2781409,47.54780496,44TH AVE S BETWEEN S RAYMOND ST AND S SPENCER ST,1,Property Damage Only Collision,Parked Car,2,2,0,0,0,10/13/18 8:00,Unknown,Unknown,Unknown,Rainier Valley-Columbia City,-122.2888957,47.5611857
-122.2859474,47.54706873,M L KING JR ER WAY S BETWEEN 37TH AVE S AND S GRAHAM ST,1,Property Damage Only Collision,Other,3,2,0,0,0,11/2/04,Clear or Partly Cloudy,Dry,Dark - Street Lights On,Rainier Valley-Columbia City,-122.2888957,47.5611857
-122.2887478,47.56614569,RAINIER AVE S AND S DAKOTA ST,2,Injury Collision,Pedestrian,4,1,1,0,0,1/21/04 12:52,Clear or Partly Cloudy,Dry,Daylight,Rainier Valley-Columbia City,-122.2888957,47.5611857
-122.2943965,47.57343082,RAINIER AVE S BETWEEN S BYRON ST AND S WALDEN ST,2,Injury Collision,Rear Ended,3,2,1,0,0,5/25/04 13:10,Clear or Partly Cloudy,Dry,Daylight,Rainier Valley-Columbia City,-122.2888957,47.5611857
-122.3043864,47.55963761,BEACON ER AVE S AND S COLUMBIAN WAY,0,Unknown,,0,0,0,0,0,12/13/04,,,,Rainier Valley-Columbia City,-122.2888957,47.5611857
-122.2967399,47.57582846,M L KING JR WAY S BETWEEN S WINTHROP ST AND M L KING JR ER WAY S,2,Injury Collision,Sideswipe,5,2,2,0,0,7/13/04 17:25,Clear or Partly Cloudy,Dry,Daylight,Rainier Valley-Columbia City,-122.2888957,47.5611857
-122.2778702,47.55155082,RAINIER AVE S BETWEEN S FINDLAY ST AND S ORCAS ST,0,Unknown,,0,0,0,0,0,9/24/04,,,,Rainier Valley-Columbia City,-122.2888957,47.5611857
-122.2883703,47.56281944,S OREGON ST BETWEEN 35TH AVE S AND RAINIER AVE S,1,Property Damage Only Collision,Parked Car,2,2,0,0,0,1/5/04,Snowing,Snow/Slush,Dark - Street Lights Off,Rainier Valley-Columbia City,-122.2888957,47.5611857
-122.2807788,47.55118995,42ND AVE S AND S ORCAS ST,2,Injury Collision,Angles,6,2,6,0,0,5/28/04 7:40,Raining,Wet,Daylight,Rainier Valley-Columbia City,-122.2888957,47.5611857
-122.2774612,47.55080402,RAINIER AVE S BETWEEN S ORCAS ST AND S MEAD ST,1,Property Damage Only Collision,Sideswipe,2,2,0,0,0,1/27/04 13:40,Clear or Partly Cloudy,Dry,Daylight,Rainier Valley-Columbia City,-122.2888957,47.5611857
-122.2854432,47.55865579,RAINIER AVE S AND S EDMUNDS ST,1,Property Damage Only Collision,Pedestrian,2,1,0,0,0,5/19/04 7:30,Clear or Partly Cloudy,Dry,Daylight,Rainier Valley-Columbia City,-122.2888957,47.5611857
-122.2864886,47.5601082,RAINIER AVE S BETWEEN S ALASKA ST AND S ANGELINE ST,1,Property Damage Only Collision,Sideswipe,2,2,0,0,0,7/28/04 13:20,Clear or Partly Cloudy,Dry,Daylight,Rainier Valley-Columbia City,-122.2888957,47.5611857
-122.29212,47.55900908,M L KING JR ER WAY S BETWEEN S ANGELINE ST AND S EDMUNDS ST,2,Injury Collision,Rear Ended,3,2,1,0,0,4/16/04 8:21,Raining,Wet,Daylight,Rainier Valley-Columbia City,-122.2888957,47.5611857
-122.2927852,47.56007559,M L KING JR ER WAY S BETWEEN S ALASKA ST AND S ANGELINE ST,1,Property Damage Only Collision,Sideswipe,2,2,0,0,0,5/7/04,Clear or Partly Cloudy,Dry,Daylight,RAINIER VALLEY-COLUMBIA CITY,-122.2888957,47.5611857
-122.3383948,47.51969942,3RD AVE SW AND OLSON PL SW,2,Injury Collision,Left Turn,2,2,2,0,0,4/8/06,Raining,Wet,Daylight,Delridge-Highland Park,-122.341275,47.52722414
-122.3416614,47.52821671,5TH AVE SW BETWEEN SW THISTLE ST AND DEAD END 1,0,Unknown,,0,0,0,0,0,5/11/19,,,,Delridge-Highland Park,-122.341275,47.52722414
-122.337348,47.52047166,OLSON PL SW BETWEEN 2ND AVE SW AND 3RD AVE SW,2,Injury Collision,Other,1,1,1,0,0,9/13/06 22:46,Raining,Wet,Dark - Street Lights On,Delridge-Highland Park,-122.341275,47.52722414
-122.3467407,47.52555844,9TH AVE SW BETWEEN SW CLOVERDALE ST AND SW TRENTON ST,1,Property Damage Only Collision,Parked Car,2,2,0,0,0,4/1/13 5:30,Clear or Partly Cloudy,Dry,Dark - Street Lights On,Delridge-Highland Park,-122.341275,47.52722414
-122.3470701,47.53407785,HIGHLAND PARK WAY SW AND SW HOLDEN N ST,1,Property Damage Only Collision,Rear Ended,3,2,0,0,0,4/3/13 17:28,Clear or Partly Cloudy,Dry,Daylight,Delridge-Highland Park,-122.341275,47.52722414
-122.347373,47.52464831,SW TRENTON ST BETWEEN 9TH AVE SW AND 10TH AVE SW,1,Property Damage Only Collision,Parked Car,2,2,0,0,0,6/22/06 18:54,Clear or Partly Cloudy,Dry,Daylight,Delridge-Highland Park,-122.341275,47.52722414
-122.3355713,47.52178311,OLSON PL SW BETWEEN 1ST AVE S AND 2ND AVE SW,1,Property Damage Only Collision,Rear Ended,4,2,0,0,0,1/17/17 12:47,Raining,Wet,Daylight,Delridge-Highland Park,-122.341275,47.52722414
-122.3492593,47.52007973,11TH AVE SW BETWEEN SW BARTON ST AND SW CAMBRIDGE ST,1,Property Damage Only Collision,Other,2,2,0,0,0,11/12/08 8:02,Raining,Wet,Daylight,Delridge-Highland Park,-122.341275,47.52722414
-122.3390531,47.51917316,OLSON PL SW BETWEEN 3RD AVE SW AND SW CAMBRIDGE PL,1,Property Damage Only Collision,Other,1,1,0,0,0,12/18/17 12:50,Raining,Wet,Daylight,Delridge-Highland Park,-122.341275,47.52722414
-122.3505914,47.53015563,12TH AVE SW AND SW ELMGROVE ST,1,Property Damage Only Collision,Angles,0,2,0,0,0,4/12/16 17:30,Raining,Wet,Daylight,Delridge-Highland Park,-122.341275,47.52722414
-122.3505655,47.53297486,12TH AVE SW BETWEEN SW HOLDEN ST AND SW KENYON ST,1,Property Damage Only Collision,Parked Car,2,2,0,0,0,7/11/16 23:24,Overcast,Dry,Dark - Street Lights On,Delridge-Highland Park,-122.341275,47.52722414
-122.3363012,47.52124389,2ND AVE SW AND OLSON PL SW,2,Injury Collision,Rear Ended,7,5,1,0,0,9/30/13 8:33,Raining,Wet,Daylight,Delridge-Highland Park,-122.341275,47.52722414
-122.3460852,47.53924765,HIGHLAND PARK WAY SW BETWEEN WEST MARGINAL WAY SW AND SW OTHELLO ST,1,Property Damage Only Collision,Other,5,2,0,0,0,2/15/04 11:48,Clear or Partly Cloudy,Dry,Daylight,Delridge-Highland Park,-122.341275,47.52722414
-122.3401839,47.51880776,4TH AVE SW BETWEEN SW CAMBRIDGE ST AND SW CAMBRIDGE PL,1,Property Damage Only Collision,Other,2,1,0,0,0,4/7/13 19:32,Overcast,Wet,Daylight,Delridge-Highland Park,-122.341275,47.52722414
-122.3398131,47.51853247,SW CAMBRIDGE PL BETWEEN OLSON PL SW AND 4TH AVE SW,2,Injury Collision,Other,1,1,1,0,0,4/4/13 13:24,Raining,Wet,Daylight,Delridge-Highland Park,-122.341275,47.52722414
-122.3460852,47.53924765,HIGHLAND PARK WAY SW BETWEEN West MARGINAL WAY SW AND SW OTHELLO ST,1,Property Damage Only Collision,Sideswipe,2,2,0,0,0,10/8/04,Raining,Wet,Dark - Street Lights On,Delridge-HIGHLAND PARK,-122.341275,47.52722414
-122.3355713,47.52178311,OLSON PL SW BETWEEN 1ST AVE S AND 2ND AVE SW,2,Injury Collision,Rear Ended,3,2,2,0,0,4/6/13 14:41,Overcast,Wet,Daylight,Delridge-Highland Park,-122.341275,47.52722414
-122.3540353,47.51735387,15TH AVE SW AND SW ROXBURY ST,1,Property Damage Only Collision,,2,0,0,0,0,1/25/18,,,,Delridge-Highland Park,-122.341275,47.52722414
-122.3390531,47.51917316,OLSON PL SW BETWEEN 3RD AVE SW AND SW CAMBRIDGE PL,1,Property Damage Only Collision,Other,1,1,0,0,0,9/8/18 3:47,Raining,Wet,Dark - Street Lights On,Delridge-Highland Park,-122.341275,47.52722414
-122.3363012,47.52124389,2ND AVE SW AND OLSON PL SW,2,Injury Collision,Angles,2,2,1,0,0,5/8/19 12:00,Clear or Partly Cloudy,Dry,Daylight,Delridge-Highland Park,-122.341275,47.52722414
-122.3540178,47.51827331,15TH AVE SW BETWEEN SW CAMBRIDGE ST AND SW ROXBURY ST,0,Unknown,,0,0,0,0,0,12/15/18,,,,Delridge-Highland Park,-122.341275,47.52722414
-122.3550324,47.53368043,16TH AVE SW AND SW HOLDEN ST,1,Property Damage Only Collision,Angles,4,2,0,0,0,3/26/13 9:27,Clear or Partly Cloudy,Dry,Daylight,Delridge-Highland Park,-122.341275,47.52722414
-122.3506216,47.52283731,12TH AVE SW AND SW HENDERSON ST,1,Property Damage Only Collision,Angles,6,3,0,0,0,8/12/11 15:45,Clear or Partly Cloudy,Dry,Daylight,Delridge-Highland Park,-122.341275,47.52722414
-122.3416065,47.51819356,5TH AVE SW BETWEEN SW CAMBRIDGE ST AND SW ROXBURY ST,1,Property Damage Only Collision,Other,1,1,0,0,0,12/3/11 22:38,Overcast,Dry,Dark - Street Lights On,Delridge-Highland Park,-122.341275,47.52722414
-122.3470701,47.53407785,HIGHLAND PARK WAY SW AND SW HOLDEN N ST,2,Injury Collision,Left Turn,3,3,1,0,0,11/16/11 17:50,Raining,Wet,Dark - Street Lights Off,Delridge-Highland Park,-122.341275,47.52722414
-122.3540178,47.51827331,15TH AVE SW BETWEEN SW CAMBRIDGE ST AND SW ROXBURY ST,1,Property Damage Only Collision,Parked Car,2,2,0,0,0,5/2/16 12:15,Clear or Partly Cloudy,Dry,Daylight,Delridge-Highland Park,-122.341275,47.52722414
-122.3454233,47.51730344,8TH AVE SW AND SW ROXBURY ST,1,Property Damage Only Collision,Rear Ended,2,2,0,0,0,5/1/17 12:45,Overcast,Wet,Daylight,Delridge-Highland Park,-122.341275,47.52722414
-122.3534713,47.51735061,SW ROXBURY ST BETWEEN 14TH AVE SW AND 15TH AVE SW,1,Property Damage Only Collision,Angles,6,3,0,0,0,9/9/12 16:30,Clear or Partly Cloudy,Dry,Daylight,Delridge-Highland Park,-122.341275,47.52722414
-122.3454282,47.51822098,8TH AVE SW BETWEEN SW CAMBRIDGE ST AND SW ROXBURY ST,2,Injury Collision,Rear Ended,2,2,1,0,0,4/19/12 22:23,Raining,Wet,Dark - Street Lights On,Delridge-Highland Park,-122.341275,47.52722414
-122.3360281,47.52042664,2ND AVE SW BETWEEN OLSON PL SW AND DEAD END,0,Unknown,,0,0,0,0,0,6/18/12,,,,Delridge-Highland Park,-122.341275,47.52722414
-122.337348,47.52047166,OLSON PL SW BETWEEN 2ND AVE SW AND 3RD AVE SW,2,Injury Collision,Head On,4,2,1,0,0,11/5/17 10:25,Raining,Wet,Daylight,Delridge-Highland Park,-122.341275,47.52722414
-122.3506271,47.52192154,12TH AVE SW BETWEEN SW HENDERSON ST AND SW BARTON ST,1,Property Damage Only Collision,Other,1,1,0,0,0,6/29/12 16:55,Overcast,Dry,Daylight,Delridge-Highland Park,-122.341275,47.52722414
-122.3479915,47.52098542,10TH AVE SW AND SW BARTON ST,2,Injury Collision,Angles,3,2,1,0,0,3/23/12 8:18,Clear or Partly Cloudy,Dry,Daylight,Delridge-Highland Park,-122.341275,47.52722414
-122.3368404,47.53450658,2ND AVE SW BETWEEN 2ND AV SW OFF RP AND 1ST AVE S,1,Property Damage Only Collision,Other,1,1,0,0,0,4/25/04 0:22,Clear or Partly Cloudy,Dry,Dark - Street Lights On,Delridge-Highland Park,-122.341275,47.52722414
-122.3454282,47.51822098,8TH AVE SW BETWEEN SW CAMBRIDGE ST AND SW ROXBURY ST,2,Injury Collision,Other,3,2,3,0,0,6/27/04 13:15,Clear or Partly Cloudy,Dry,Daylight,Delridge-Highland Park,-122.341275,47.52722414
-122.3364915,47.53405084,1ST AVE S BETWEEN 2ND AVE SW AND 2ND AV SW ON RP,2,Injury Collision,Rear Ended,2,2,1,0,0,10/28/04 15:48,Overcast,Dry,Daylight,Delridge-Highland Park,-122.341275,47.52722414
-122.3534713,47.51735061,SW ROXBURY ST BETWEEN 14TH AVE SW AND 15TH AVE SW,1,Property Damage Only Collision,Rear Ended,4,2,0,0,0,4/4/13 16:43,Raining,Wet,Daylight,Delridge-Highland Park,-122.341275,47.52722414
-122.3355713,47.52178311,OLSON PL SW BETWEEN 1ST AVE S AND 2ND AVE SW,1,Property Damage Only Collision,Rear Ended,2,2,0,0,0,9/8/04,Clear or Partly Cloudy,Dry,Dawn,Delridge-Highland Park,-122.341275,47.52722414
-122.3506425,47.51916972,12TH AVE SW AND SW CAMBRIDGE ST,1,Property Damage Only Collision,Angles,3,2,0,0,0,7/18/04 19:30,Clear or Partly Cloudy,Dry,Daylight,Delridge-Highland Park,-122.341275,47.52722414
-122.3332731,47.51867269,MYERS WAY S BETWEEN OLSON PL SW AND CITY LIMITS,1,Property Damage Only Collision,Rear Ended,2,2,0,0,0,6/10/04 11:00,Overcast,Wet,Daylight,Delridge-Highland Park,-122.341275,47.52722414
-122.3355713,47.52178311,OLSON PL SW BETWEEN 1ST AVE S AND 2ND AVE SW,1,Property Damage Only Collision,Rear Ended,5,3,0,0,0,4/10/13 8:38,Raining,Wet,Daylight,Delridge-Highland Park,-122.341275,47.52722414
-122.3460852,47.53924765,HIGHLAND PARK WAY SW BETWEEN West MARGINAL WAY SW AND SW OTHELLO ST,1,Property Damage Only Collision,Other,1,1,0,0,0,8/6/04,Raining,Wet,Daylight,Delridge-HIGHLAND PARK,-122.341275,47.52722414
-122.3467727,47.53103159,9TH AVE SW BETWEEN HIGHLAND PARK WAY SW AND SW ELMGROVE ST,1,Property Damage Only Collision,Other,2,2,0,0,0,10/3/04,Clear or Partly Cloudy,Dry,Daylight,Delridge-Highland Park,-122.341275,47.52722414
-122.3467915,47.53262667,HIGHLAND PARK WAY SW BETWEEN SW PORTLAND ST AND 9TH AVE SW,1,Property Damage Only Collision,Parked Car,2,2,0,0,0,9/9/04,Clear or Partly Cloudy,Dry,Daylight,Delridge-Highland Park,-122.341275,47.52722414
-122.3505655,47.53297486,12TH AVE SW BETWEEN SW HOLDEN ST AND SW KENYON ST,1,Property Damage Only Collision,Parked Car,2,2,0,0,0,4/1/13 15:00,Clear or Partly Cloudy,Dry,Daylight,Delridge-Highland Park,-122.341275,47.52722414
-122.3355713,47.52178311,OLSON PL SW BETWEEN 1ST AVE S AND 2ND AVE SW,1,Property Damage Only Collision,Rear Ended,2,2,0,0,0,3/3/04,Raining,Wet,Dawn,Delridge-Highland Park,-122.341275,47.52722414
-122.33979,47.51790542,OLSON PL SW BETWEEN SW CAMBRIDGE PL AND SW ROXBURY ST,1,Property Damage Only Collision,Other,2,1,0,0,0,10/19/04 2:03,Raining,Wet,Dark - Street Lights On,Delridge-Highland Park,-122.341275,47.52722414
-122.3390531,47.51917316,OLSON PL SW BETWEEN 3RD AVE SW AND SW CAMBRIDGE PL,1,Property Damage Only Collision,Other,1,1,0,0,0,4/10/04 0:38,Clear or Partly Cloudy,Dry,Dark - Street Lights On,Delridge-Highland Park,-122.341275,47.52722414
-122.3545165,47.52470188,SW TRENTON ST BETWEEN 15TH AVE SW AND 16TH AVE SW,0,Unknown,,0,0,0,0,0,3/28/04,,,,Delridge-Highland Park,-122.341275,47.52722414
-122.3470701,47.53407785,HIGHLAND PARK WAY SW AND SW HOLDEN N ST,0,Unknown,,0,0,0,0,0,12/6/04,,,,Delridge-Highland Park,-122.341275,47.52722414
-122.3467503,47.5273863,9TH AVE SW BETWEEN SW THISTLE ST AND SW CLOVERDALE ST,2,Injury Collision,Parked Car,3,3,1,0,0,3/27/04 1:59,Overcast,Wet,Dark - Street Lights On,Delridge-Highland Park,-122.341275,47.52722414
-122.3528437,47.52101768,14TH AVE SW AND SW BARTON ST,2,Injury Collision,Angles,3,2,1,0,0,2/3/04,Overcast,Dry,Daylight,Delridge-Highland Park,-122.341275,47.52722414
-122.3550324,47.53368043,16TH AVE SW AND SW HOLDEN ST,2,Injury Collision,Left Turn,7,3,1,0,0,3/15/04 18:02,Overcast,Dry,Dusk,Delridge-Highland Park,-122.341275,47.52722414
-122.3716707,47.56613851,SW AVALON WAY BETWEEN 30TH AVE SW AND SW GENESEE ST,1,Property Damage Only Collision,Rear Ended,2,2,0,0,0,10/23/04 19:00,Clear or Partly Cloudy,Dry,Dark - Street Lights On,Delridge-North Delridge,-122.3640357,47.56262196
-122.3761893,47.5640766,35TH AVE SW AND SW AVALON WAY,0,Unknown,,0,0,0,0,0,4/29/13,,,,Delridge-North Delridge,-122.3640357,47.56262196
-122.3654723,47.56544935,26TH AVE SW AND SW NEVADA ST,1,Property Damage Only Collision,Other,1,1,0,0,0,6/24/06 22:27,Clear or Partly Cloudy,Dry,Dark - Street Lights On,Delridge-North Delridge,-122.3640357,47.56262196
-122.3629314,47.55635573,DELRIDGE WAY SW BETWEEN SW HUDSON ST AND PUGET BLVD SW,1,Property Damage Only Collision,Parked Car,2,2,0,0,0,3/30/13 15:53,Clear or Partly Cloudy,Dry,Daylight,Delridge-North Delridge,-122.3640357,47.56262196
-122.3654658,47.56508875,26TH AVE SW BETWEEN SW NEVADA ST AND SW GENESEE ST,1,Property Damage Only Collision,Parked Car,2,2,0,0,0,3/30/13 10:30,Clear or Partly Cloudy,Dry,Daylight,Delridge-North Delridge,-122.3640357,47.56262196
-122.3633375,47.5638141,Delridge WAY SW BETWEEN SW GENESEE ST AND SW OREGON ST,1,Property Damage Only Collision,Rear Ended,3,3,0,0,0,11/2/04,Raining,Wet,Daylight,Delridge-North Delridge,-122.3640357,47.56262196
-122.3649132,47.56472619,SW GENESEE ST BETWEEN 25TH AVE SW AND 26TH AVE SW,1,Property Damage Only Collision,Cycles,2,1,0,0,0,7/23/13 15:48,Clear or Partly Cloudy,Dry,Daylight,Delridge-North Delridge,-122.3640357,47.56262196
-122.3741937,47.5640756,SW AVALON WAY BETWEEN SW GENESEE ST AND 35TH AVE SW,1,Property Damage Only Collision,Parked Car,2,2,0,0,0,3/11/15 11:30,Unknown,Unknown,Unknown,Delridge-North Delridge,-122.3640357,47.56262196
-122.3629072,47.55837154,DELRIDGE WAY SW BETWEEN SW EDMUNDS ST AND SW HUDSON ST,0,Unknown,,0,0,0,0,0,3/22/12,,,,Delridge-North Delridge,-122.3640357,47.56262196
-122.3631232,47.56199176,DELRIDGE WAY SW BETWEEN SW OREGON ST AND SW ALASKA ST,1,Property Damage Only Collision,Parked Car,3,2,0,0,0,6/27/15 1:57,Clear or Partly Cloudy,Dry,Dark - Street Lights On,Delridge-North Delridge,-122.3640357,47.56262196
-122.3681086,47.5665305,28TH AVE SW BETWEEN SW DAKOTA ST AND SW ADAMS ST,1,Property Damage Only Collision,Parked Car,2,2,0,0,0,8/8/15 13:35,Unknown,Unknown,Unknown,Delridge-North Delridge,-122.3640357,47.56262196
-122.3676315,47.56761553,SW YANCY ST BETWEEN DEAD END 1 AND 28TH AVE SW,1,Property Damage Only Collision,Parked Car,2,2,0,0,0,6/19/16 23:33,Clear or Partly Cloudy,Dry,Dark - Street Lights On,Delridge-North Delridge,-122.3640357,47.56262196
-122.3633122,47.56563474,DELRIDGE WAY SW BETWEEN SW DAKOTA ST AND SW GENESEE ST,0,Unknown,,0,0,0,0,0,10/23/14,,,,Delridge-North Delridge,-122.3640357,47.56262196
-122.3621924,47.57134398,CHELAN AVE SW AND SW SPOKANE SR ST,1,Property Damage Only Collision,Other,1,1,0,0,0,4/18/14 17:07,Clear or Partly Cloudy,Dry,Daylight,Delridge-North Delridge,-122.3640357,47.56262196
-122.3708077,47.56471397,30TH AVE SW AND SW GENESEE ST,1,Property Damage Only Collision,Angles,3,2,0,0,0,9/8/12 17:43,Clear or Partly Cloudy,Dry,Daylight,Delridge-North Delridge,-122.3640357,47.56262196
-122.3632965,47.56744416,DELRIDGE WAY SW BETWEEN SW ANDOVER ST AND SW DAKOTA ST,0,Unknown,,0,0,0,0,0,4/29/04,,,,Delridge-North Delridge,-122.3640357,47.56262196
-122.3631017,47.56289614,SW OREGON ST BETWEEN 23RD AVE SW AND DELRIDGE WAY SW,0,Unknown,,0,0,0,0,0,12/25/04,,,,Delridge-North Delridge,-122.3640357,47.56262196
-122.3654593,47.56472543,26TH AVE SW AND SW GENESEE ST,2,Injury Collision,Pedestrian,2,1,1,0,0,11/22/04 7:12,Overcast,Dry,Dawn,Delridge-North Delridge,-122.3640357,47.56262196
-122.3539208,47.56117917,15TH AVE SW AND SW ALASKA ST,1,Property Damage Only Collision,Other,1,1,0,0,0,12/28/17 12:49,Overcast,Wet,Daylight,Delridge-North Delridge,-122.3640357,47.56262196
-122.3628957,47.55927589,DELRIDGE WAY SW AND SW EDMUNDS ST,0,Unknown,,0,0,0,0,0,3/22/06,,,,Delridge-North Delridge,-122.3640357,47.56262196
-122.3631232,47.56199176,DELRIDGE WAY SW BETWEEN SW OREGON ST AND SW ALASKA ST,1,Property Damage Only Collision,Other,2,2,0,0,0,7/31/07 7:27,Clear or Partly Cloudy,Dry,Dawn,Delridge-North Delridge,-122.3640357,47.56262196
-122.3716707,47.56613851,SW AVALON WAY BETWEEN 30TH AVE SW AND SW GENESEE ST,2,Injury Collision,Rear Ended,3,3,1,0,0,12/7/15 19:49,Overcast,Wet,Dark - Street Lights On,Delridge-North Delridge,-122.3640357,47.56262196
-122.3762089,47.5615504,35TH AVE SW BETWEEN SW SNOQUALMIE ST AND SW ALASKA ST,1,Property Damage Only Collision,Other,1,1,0,0,0,1/10/07 16:55,Snowing,Ice,Dark - Street Lights On,Delridge-North Delridge,-122.3640357,47.56262196
-122.3629537,47.55448438,DELRIDGE WAY SW BETWEEN PUGET BLVD SW AND SW BRANDON ST,2,Injury Collision,Rear Ended,4,3,2,0,0,6/22/12 18:30,Raining,Wet,Daylight,Delridge-North Delridge,-122.3640357,47.56262196
-122.3681058,47.57148216,WEST SEATTLE BR EB BETWEEN 26TH AV SW ON RP AND POINT A,1,Property Damage Only Collision,Sideswipe,3,2,0,0,0,12/18/17 21:48,Raining,Wet,Dark - Street Lights On,Delridge-North Delridge,-122.3640357,47.56262196
-122.362788,47.56914138,DELRIDGE WAY SW BETWEEN DELRIDGE-W SEATTLE BR EB ON RP AND SW ANDOVER ST,1,Property Damage Only Collision,Sideswipe,3,2,0,0,0,5/30/08 19:07,Clear or Partly Cloudy,Dry,Daylight,Delridge-North Delridge,-122.3640357,47.56262196
-122.3681315,47.5647196,SW GENESEE ST BETWEEN 26TH AVE SW AND 30TH AVE SW,1,Property Damage Only Collision,Parked Car,2,2,0,0,0,4/6/11 10:40,Clear or Partly Cloudy,Dry,Daylight,Delridge-North Delridge,-122.3640357,47.56262196
-122.3617427,47.57054165,DELRIDGE WAY SW BETWEEN W SEATTLE BR WB OFF RP AND SW CHARLESTOWN ST,1,Property Damage Only Collision,Other,1,1,0,0,0,10/30/04 8:25,Clear or Partly Cloudy,Dry,Daylight,Delridge-North Delridge,-122.3640357,47.56262196
-122.3632965,47.56744416,DELRIDGE WAY SW BETWEEN SW ANDOVER ST AND SW DAKOTA ST,2,Injury Collision,Rear Ended,5,5,1,0,0,4/9/13 8:09,Overcast,Dry,Daylight,Delridge-North Delridge,-122.3640357,47.56262196
-122.364295,47.55450639,25TH AVE SW BETWEEN PUGET BLVD SW AND SW BRANDON ST,1,Property Damage Only Collision,Parked Car,3,2,0,0,0,3/28/19 18:10,Clear or Partly Cloudy,Dry,Daylight,Delridge-North Delridge,-122.3640357,47.56262196
-122.3629537,47.55448438,DELRIDGE WAY SW BETWEEN PUGET BLVD SW AND SW BRANDON ST,1,Property Damage Only Collision,Angles,3,2,0,0,0,2/8/19 6:36,Clear or Partly Cloudy,Dry,Dark - Street Lights On,Delridge-North Delridge,-122.3640357,47.56262196
-122.3626099,47.57135437,SW SPOKANE SR ST BETWEEN CHELAN AVE SW AND SW SPOKANE CR ST,1,Property Damage Only Collision,Rear Ended,2,2,0,0,0,2/24/04 7:53,Raining,Wet,Daylight,Delridge-North Delridge,-122.3640357,47.56262196
-122.3761903,47.56305586,35TH AVE SW BETWEEN SW AVALON WAY AND SW SNOQUALMIE ST,1,Property Damage Only Collision,Rear Ended,5,2,0,0,0,4/6/04,Clear or Partly Cloudy,Dry,Daylight,Delridge-North Delridge,-122.3640357,47.56262196
-122.3741937,47.5640756,SW AVALON WAY BETWEEN SW GENESEE ST AND 35TH AVE SW,2,Injury Collision,Angles,2,2,1,0,0,4/8/13 15:23,Clear or Partly Cloudy,Dry,Daylight,Delridge-North Delridge,-122.3640357,47.56262196
-122.3654823,47.56200463,26TH AVE SW BETWEEN SW OREGON ST AND SW ALASKA ST,1,Property Damage Only Collision,Parked Car,2,2,0,0,0,4/11/13 11:33,Overcast,Dry,Daylight,Delridge-North Delridge,-122.3640357,47.56262196