X,Y,LOCATION,SEVERITYCODE,SEVERITYDESC,COLLISIONTYPE,PERSONCOUNT,VEHCOUNT,INJURIES,SERIOUSINJURIES,FATALITIES,INCDTTM,WEATHER,ROADCOND,LIGHTCOND,NEIGHBORHOOD,NX,NY
-122.3671093,47.57139156,SW SPOKANE SR ST BETWEEN 26TH AV SW ON RP AND SW ADMIRAL SR WAY,1,Property Damage Only Collision,Sideswipe,5,3,0,0,0,11/14/04 15:30,Raining,Wet,Daylight,Delridge-North Delridge,-122.3640357,47.56262196
-122.3680915,47.56761452,28TH AVE SW AND SW YANCY ST,2b,Serious Injury Collision,Cycles,2,1,2,1,0,8/31/04 13:51,Clear or Partly Cloudy,Dry,Daylight,Delridge-North Delridge,-122.3640357,47.56262196
-122.3694394,47.56688812,SW DAKOTA ST BETWEEN 28TH AVE SW AND 30TH AVE SW,1,Property Damage Only Collision,Parked Car,2,2,0,0,0,7/8/04,Clear or Partly Cloudy,Dry,Daylight,Delridge-North Delridge,-122.3640357,47.56262196
-122.3632826,47.56834746,DELRIDGE WAY SW AND SW ANDOVER ST,1,Property Damage Only Collision,Angles,2,2,0,0,0,4/25/04 9:15,Clear or Partly Cloudy,Dry,Daylight,Delridge-North Delridge,-122.3640357,47.56262196
-122.3741937,47.5640756,SW AVALON WAY BETWEEN SW GENESEE ST AND 35TH AVE SW,2b,Serious Injury Collision,Parked Car,2,2,1,1,0,9/21/04 21:55,Clear or Partly Cloudy,Dry,Dark - Street Lights On,Delridge-North Delridge,-122.3640357,47.56262196
-122.3694505,47.56616435,SW ADAMS ST BETWEEN 28TH AVE SW AND 30TH AVE SW,1,Property Damage Only Collision,Parked Car,2,2,0,0,0,11/3/04,Clear or Partly Cloudy,Dry,Dark - Street Lights On,Delridge-North Delridge,-122.3640357,47.56262196
-122.3702579,47.55375555,SW BRANDON ST BETWEEN 29TH AVE SW AND 30TH AVE SW,1,Property Damage Only Collision,Other,3,1,0,0,0,7/7/04,Clear or Partly Cloudy,Dry,Dusk,Delridge-North Delridge,-122.3640357,47.56262196
-122.3561357,47.53912545,17TH AVE SW AND SW MYRTLE ST,1,Property Damage Only Collision,Angles,3,2,0,0,0,2/19/10 13:16,Clear or Partly Cloudy,Dry,Daylight,Delridge-Riverview,-122.3528623,47.54691287
-122.354948,47.55610065,16TH AVE SW AND SW DAWSON ST,1,Property Damage Only Collision,Other,3,2,0,0,0,12/16/18 22:04,Raining,Wet,Dark - Street Lights On,Delridge-Riverview,-122.3528623,47.54691287
-122.3550291,47.53411905,16TH AVE SW BETWEEN SW AUSTIN ST AND SW HOLDEN ST,1,Property Damage Only Collision,Sideswipe,2,2,0,0,0,3/28/13 10:10,Overcast,Dry,Daylight,Delridge-Riverview,-122.3528623,47.54691287
-122.3576125,47.53624492,DUMAR WAY SW BETWEEN SW ORCHARD ST AND SW AUSTIN ST,1,Property Damage Only Collision,Rear Ended,4,2,0,0,0,6/2/14 8:17,Clear or Partly Cloudy,Dry,Daylight,Delridge-Riverview,-122.3528623,47.54691287
-122.3548373,47.54832347,16TH AVE SW BETWEEN SW FINDLAY ST AND SW MORGAN ST,2,Injury Collision,Rear Ended,2,2,1,0,0,9/29/08 11:50,Clear or Partly Cloudy,Dry,Daylight,Delridge-Riverview,-122.3528623,47.54691287
-122.3559936,47.54687472,17TH AVE SW BETWEEN DEAD END 3 AND SW GRAHAM ST,2,Injury Collision,Other,1,1,1,0,0,3/9/17 8:11,Clear or Partly Cloudy,Wet,Daylight,Delridge-Riverview,-122.3528623,47.54691287
-122.3589776,47.55608676,SW DAWSON ST BETWEEN 18TH AVE SW AND 21ST AVE SW,1,Property Damage Only Collision,Other,1,1,0,0,0,4/6/04,Clear or Partly Cloudy,Dry,Daylight,Delridge-Riverview,-122.3528623,47.54691287
-122.3548373,47.54832347,16TH AVE SW BETWEEN SW FINDLAY ST AND SW MORGAN ST,1,Property Damage Only Collision,Parked Car,2,2,0,0,0,11/4/04,Clear or Partly Cloudy,Dry,Daylight,Delridge-Riverview,-122.3528623,47.54691287
-122.3509705,47.53909402,SW MYRTLE ST BETWEEN 12TH AVE SW AND 13TH AVE SW,1,Property Damage Only Collision,Other,1,1,0,0,0,11/19/04 7:58,Clear or Partly Cloudy,Dry,Daylight,Delridge-Riverview,-122.3528623,47.54691287
-122.3630317,47.54838526,DELRIDGE WAY SW BETWEEN SW JUNEAU ST AND 24TH AVE SW,1,Property Damage Only Collision,Right Turn,16,2,0,0,0,6/19/06 14:30,Clear or Partly Cloudy,Dry,Daylight,Delridge-Riverview,-122.3528623,47.54691287
-122.3629631,47.55372176,DELRIDGE WAY SW AND SW BRANDON ST,2,Injury Collision,Pedestrian,2,1,1,0,0,3/11/09 6:30,Clear or Partly Cloudy,Dry,Dark - Street Lights On,Delridge-Riverview,-122.3528623,47.54691287
-122.354948,47.55610065,16TH AVE SW AND SW DAWSON ST,1,Property Damage Only Collision,Head On,2,2,0,0,0,2/27/13 11:27,Clear or Partly Cloudy,Dry,Daylight,Delridge-Riverview,-122.3528623,47.54691287
-122.3596406,47.54471615,21ST AVE SW BETWEEN SW GRAHAM ST AND SW HOLLY ST,1,Property Damage Only Collision,Other,0,2,0,0,0,10/8/17 20:55,Clear or Partly Cloudy,Dry,Dark - Street Lights Off,Delridge-Riverview,-122.3528623,47.54691287
-122.3589776,47.55608676,SW DAWSON ST BETWEEN 18TH AVE SW AND 21ST AVE SW,1,Property Damage Only Collision,,1,0,0,0,0,1/8/20,,,,Delridge-Riverview,-122.3528623,47.54691287
-122.3494235,47.55569473,WEST MARGINAL WAY SW BETWEEN PUGET WAY SW AND SW BRANDON ST,2,Injury Collision,Sideswipe,3,2,1,0,0,7/14/18 0:06,Clear or Partly Cloudy,Dry,Dark - Street Lights On,Delridge-Riverview,-122.3528623,47.54691287
-122.3550291,47.53411905,16TH AVE SW BETWEEN SW AUSTIN ST AND SW HOLDEN ST,1,Property Damage Only Collision,Rear Ended,3,2,0,0,0,5/12/04 16:20,Clear or Partly Cloudy,Dry,Daylight,Delridge-Riverview,-122.3528623,47.54691287
-122.3628955,47.54666824,24TH AVE SW AND DELRIDGE WAY SW,2,Injury Collision,Pedestrian,2,1,1,0,0,4/29/04 7:13,Clear or Partly Cloudy,Dry,Daylight,Delridge-Riverview,-122.3528623,47.54691287
-122.3630317,47.54838526,DELRIDGE WAY SW BETWEEN SW JUNEAU ST AND 24TH AVE SW,1,Property Damage Only Collision,Rear Ended,2,2,0,0,0,7/30/04 8:20,Clear or Partly Cloudy,Dry,Daylight,Delridge-Riverview,-122.3528623,47.54691287
-122.3599739,47.53786808,SW ORCHARD ST BETWEEN DUMAR WAY SW AND DELRIDGE WAY SW,0,Unknown,,0,0,0,0,0,12/17/04,,,,Delridge-Riverview,-122.3528623,47.54691287
-122.3548373,47.54832347,16TH AVE SW BETWEEN SW FINDLAY ST AND SW MORGAN ST,2,Injury Collision,Other,4,2,1,0,0,5/11/04 10:34,Clear or Partly Cloudy,Dry,Daylight,Delridge-Riverview,-122.3528623,47.54691287
-122.351115,47.53413004,SW HOLDEN ST BETWEEN 12TH AVE SW AND 13TH AVE SW,1,Property Damage Only Collision,Parked Car,2,2,0,0,0,2/11/04 21:30,Clear or Partly Cloudy,Dry,Dark - Street Lights On,Delridge-Riverview,-122.3528623,47.54691287
-122.3689064,47.54912706,HIGH POINT DR SW BETWEEN SW RAYMOND ST AND 30TH N AVE SW,1,Property Damage Only Collision,Parked Car,2,2,0,0,0,5/12/10 21:00,Clear or Partly Cloudy,Dry,Dark - Street Lights On,Delridge-High Point,-122.3685287,47.5437112
-122.376445,47.54468257,35TH AVE SW AND SW MORGAN ST,2,Injury Collision,Angles,6,2,3,0,0,12/16/18 16:56,Raining,Wet,Dark - Street Lights On,Delridge-High Point,-122.3685287,47.5437112
-122.3610149,47.53855078,DELRIDGE WAY SW BETWEEN SW MYRTLE ST AND SW ORCHARD ST,1,Property Damage Only Collision,Rear Ended,2,2,0,0,0,5/17/06 16:56,Clear or Partly Cloudy,Dry,Daylight,Delridge-High Point,-122.3685287,47.5437112
-122.3612154,47.54278914,DELRIDGE WAY SW BETWEEN 22ND AVE SW AND SW WILLOW ST,1,Property Damage Only Collision,Parked Car,2,2,0,0,0,12/15/18 0:01,Unknown,Unknown,Unknown,Delridge-High Point,-122.3685287,47.5437112
-122.3701042,47.54143442,SYLVAN WAY SW BETWEEN HIGH POINT DR SW AND SW SYLVAN HEIGHTS DR,2,Injury Collision,Rear Ended,2,2,1,0,0,5/8/19 9:22,Clear or Partly Cloudy,Dry,Daylight,Delridge-High Point,-122.3685287,47.5437112
-122.3610149,47.53855078,DELRIDGE WAY SW BETWEEN SW MYRTLE ST AND SW ORCHARD ST,1,Property Damage Only Collision,Right Turn,2,2,0,0,0,4/2/13 9:37,Clear or Partly Cloudy,Dry,Daylight,Delridge-High Point,-122.3685287,47.5437112
-122.3689064,47.54912706,HIGH POINT DR SW BETWEEN SW RAYMOND ST AND 30TH N AVE SW,0,Unknown,,0,0,0,0,0,11/28/18,,,,Delridge-High Point,-122.3685287,47.5437112
-122.3764225,47.54559465,35TH AVE SW BETWEEN SW GRAHAM ST AND SW MORGAN ST,2,Injury Collision,Rear Ended,4,3,3,0,0,4/11/13 13:39,Raining,Wet,Daylight,Delridge-High Point,-122.3685287,47.5437112
-122.3709536,47.55103397,30TH AVE SW BETWEEN SW FINDLAY ST AND SW JUNEAU ST,2b,Serious Injury Collision,Pedestrian,2,1,1,1,0,10/20/06 14:42,Clear or Partly Cloudy,Dry,Daylight,Delridge-High Point,-122.3685287,47.5437112
-122.3652334,47.5392503,SYLVAN WAY SW BETWEEN SW SYLVAN HEIGHTS DR AND SW ORCHARD ST,1,Property Damage Only Collision,Other,1,1,0,0,0,2/1/17 8:55,Clear or Partly Cloudy,Ice,Daylight,Delridge-High Point,-122.3685287,47.5437112
-122.376445,47.54468257,35TH AVE SW AND SW MORGAN ST,1,Property Damage Only Collision,Left Turn,2,2,0,0,0,3/3/16 7:30,Clear or Partly Cloudy,Wet,Dark - No Street Lights,Delridge-High Point,-122.3685287,47.5437112
-122.3629755,47.55282114,Delridge WAY SW BETWEEN SW BRANDON ST AND SW FINDLAY ST,2,Injury Collision,Other,2,2,1,0,0,9/2/08,Clear or Partly Cloudy,Dry,Dark - Street Lights On,Delridge-HIGH POINT,-122.3685287,47.5437112
-122.3743534,47.54831237,SW RAYMOND ST BETWEEN 32ND AVE SW AND 34TH AVE SW,1,Property Damage Only Collision,Parked Car,2,2,0,0,0,4/11/13 23:45,Clear or Partly Cloudy,Unknown,Dark - Street Lights On,Delridge-High Point,-122.3685287,47.5437112
-122.3629755,47.55282114,DELRIDGE WAY SW BETWEEN SW BRANDON ST AND SW FINDLAY ST,1,Property Damage Only Collision,Parked Car,3,2,0,0,0,11/24/04 15:30,Raining,Wet,Dusk,Delridge-High Point,-122.3685287,47.5437112
-122.3643127,47.55282823,25TH AVE SW BETWEEN SW BRANDON ST AND SW FINDLAY ST,1,Property Damage Only Collision,Parked Car,2,2,0,0,0,10/11/15 10:30,Clear or Partly Cloudy,Dry,Daylight,Delridge-High Point,-122.3685287,47.5437112
-122.3736736,47.54922034,32ND AVE SW BETWEEN SW JUNEAU ST AND SW RAYMOND ST,1,Property Damage Only Collision,Parked Car,2,2,0,0,0,3/13/07 14:20,Clear or Partly Cloudy,Dry,Daylight,Delridge-High Point,-122.3685287,47.5437112
-122.3697934,47.54385795,30TH AVE SW BETWEEN SW MORGAN ST AND HIGH POINT W DR SW,2,Injury Collision,Pedestrian,3,1,1,0,0,9/11/13 16:08,Clear or Partly Cloudy,Dry,Daylight,Delridge-High Point,-122.3685287,47.5437112
-122.3725225,47.54676451,SW GRAHAM ST BETWEEN 31ST AVE SW AND LANHAM PL SW,1,Property Damage Only Collision,Parked Car,2,2,0,0,0,11/10/13 10:34,Overcast,Wet,Unknown,Delridge-High Point,-122.3685287,47.5437112
-122.3756924,47.54831958,SW RAYMOND ST BETWEEN 34TH AVE SW AND 35TH AVE SW,1,Property Damage Only Collision,Other,1,1,0,0,0,6/3/18 20:08,Overcast,Dry,Daylight,Delridge-High Point,-122.3685287,47.5437112
-122.3756924,47.54831958,SW RAYMOND ST BETWEEN 34TH AVE SW AND 35TH AVE SW,1,Property Damage Only Collision,Parked Car,2,2,0,0,0,4/11/13 10:43,Raining,Wet,Daylight,Delridge-High Point,-122.3685287,47.5437112
-122.374974,47.55104557,34TH AVE SW BETWEEN SW FINDLAY ST AND SW JUNEAU ST,1,Property Damage Only Collision,Parked Car,2,2,0,0,0,1/17/04 10:00,Clear or Partly Cloudy,Dry,Daylight,Delridge-High Point,-122.3685287,47.5437112
-122.3701042,47.54143442,SYLVAN WAY SW BETWEEN HIGH POINT DR SW AND SW SYLVAN HEIGHTS DR,2,Injury Collision,Head On,3,2,3,0,0,4/14/13 0:05,Raining,Wet,Dark - Street Lights On,Delridge-High Point,-122.3685287,47.5437112
-122.3645009,47.53370043,SW HOLDEN ST BETWEEN 24TH AVE SW AND 26TH AVE SW,1,Property Damage Only Collision,Parked Car,2,2,0,0,0,8/20/04 18:00,Clear or Partly Cloudy,Dry,Daylight,Delridge-High Point,-122.3685287,47.5437112
-122.3700423,47.54713482,29TH AVE SW AND SW GRAHAM ST,2,Injury Collision,Angles,3,2,2,0,0,4/8/13 10:15,Clear or Partly Cloudy,Dry,Daylight,Delridge-High Point,-122.3685287,47.5437112
-122.3720305,47.54101778,31ST AVE SW BETWEEN SW HOLLY ST AND SW MYRTLE E ST,2,Injury Collision,,1,0,1,0,0,4/5/13,,,,Delridge-High Point,-122.3685287,47.5437112
-122.3763225,47.55105175,35TH AVE SW BETWEEN SW FINDLAY ST AND SW JUNEAU ST,1,Property Damage Only Collision,Sideswipe,2,2,0,0,0,4/15/04 21:00,Clear or Partly Cloudy,Dry,Dark - Street Lights On,Delridge-High Point,-122.3685287,47.5437112
-122.3763071,47.55196128,35TH AVE SW AND SW FINDLAY ST,2,Injury Collision,Left Turn,3,2,1,0,0,7/8/04,Clear or Partly Cloudy,Dry,Dark - Street Lights On,Delridge-High Point,-122.3685287,47.5437112
-122.3706075,47.54283237,HIGH POINT DR SW AND SYLVAN WAY SW,1,Property Damage Only Collision,Angles,3,2,0,0,0,9/13/04 17:34,Clear or Partly Cloudy,Dry,Daylight,Delridge-High Point,-122.3685287,47.5437112
-122.3713558,47.54411286,SYLVAN WAY SW AND SW MORGAN E ST,1,Property Damage Only Collision,Rear Ended,2,2,0,0,0,3/1/04,Clear or Partly Cloudy,Dry,Daylight,Delridge-HIGH POINT,-122.3685287,47.5437112
-122.3629991,47.55101311,DELRIDGE WAY SW BETWEEN SW FINDLAY ST AND SW JUNEAU ST,1,Property Damage Only Collision,Rear Ended,2,2,0,0,0,6/11/04 9:15,Overcast,Dry,Daylight,Delridge-High Point,-122.3685287,47.5437112
-122.3604505,47.53007875,DELRIDGE WAY SW BETWEEN SW KENYON ST AND SW THISTLE ST,1,Property Damage Only Collision,Parked Car,4,4,0,0,0,1/24/10 1:29,Clear or Partly Cloudy,Dry,Dark - Street Lights On,Delridge-South Delridge,-122.3610798,47.5267753
-122.3618029,47.53369478,SW HOLDEN ST BETWEEN DELRIDGE WAY SW AND 24TH AVE SW,1,Property Damage Only Collision,Rear Ended,2,2,0,0,0,5/15/09 15:15,Clear or Partly Cloudy,Dry,Daylight,Delridge-South Delridge,-122.3610798,47.5267753
-122.3604245,47.53369186,Delridge WAY SW AND SW HOLDEN ST,1,Property Damage Only Collision,Left Turn,2,2,0,0,0,3/6/09,Clear or Partly Cloudy,Dry,Daylight,Delridge-South Delridge,-122.3610798,47.5267753
-122.3551045,47.52287009,16TH AVE SW AND SW HENDERSON ST,1,Property Damage Only Collision,Angles,2,2,0,0,0,1/26/05 6:40,Overcast,Wet,Dawn,Delridge-South Delridge,-122.3610798,47.5267753
-122.3604648,47.52738604,DELRIDGE WAY SW BETWEEN SW THISTLE ST AND SW CLOVERDALE ST,1,Property Damage Only Collision,Parked Car,3,3,0,0,0,3/28/13 22:17,Clear or Partly Cloudy,Dry,Dark - Street Lights On,Delridge-South Delridge,-122.3610798,47.5267753
-122.3604846,47.52399655,DELRIDGE WAY SW BETWEEN SW TRENTON ST AND 21ST S AVE SW,1,Property Damage Only Collision,Rear Ended,2,2,0,0,0,3/24/13 22:09,Clear or Partly Cloudy,Dry,Dark - Street Lights On,Delridge-South Delridge,-122.3610798,47.5267753
-122.3591144,47.52649047,20TH AVE SW AND SW CLOVERDALE ST,1,Property Damage Only Collision,Angles,3,2,0,0,0,3/27/13 16:04,Overcast,Wet,Daylight,Delridge-South Delridge,-122.3610798,47.5267753
-122.3610919,47.53795417,DELRIDGE WAY SW AND SW ORCHARD ST,1,Property Damage Only Collision,Sideswipe,4,2,0,0,0,12/17/15 12:21,Raining,Wet,Daylight,Delridge-South Delridge,-122.3610798,47.5267753
-122.3579489,47.53368656,SW HOLDEN ST BETWEEN 18TH AVE SW AND 19TH AVE SW,1,Property Damage Only Collision,Angles,2,2,0,0,0,6/9/11 6:46,Clear or Partly Cloudy,Dry,Dawn,Delridge-South Delridge,-122.3610798,47.5267753
-122.3638498,47.52468525,SW TRENTON ST BETWEEN 24TH AVE SW AND 25TH AVE SW,1,Property Damage Only Collision,Other,2,1,0,0,0,9/29/12 10:46,Clear or Partly Cloudy,Dry,Daylight,Delridge-South Delridge,-122.3610798,47.5267753
-122.3604423,47.5318739,DELRIDGE WAY SW AND SW KENYON ST,1,Property Damage Only Collision,Rear Ended,2,2,0,0,0,5/11/11 18:14,Raining,Wet,Daylight,Delridge-South Delridge,-122.3610798,47.5267753
-122.3610919,47.53795417,DELRIDGE WAY SW AND SW ORCHARD ST,1,Property Damage Only Collision,Left Turn,5,2,0,0,0,5/24/09 13:35,Clear or Partly Cloudy,Dry,Daylight,Delridge-South Delridge,-122.3610798,47.5267753
-122.3592773,47.53369007,20TH AVE SW AND SW HOLDEN ST,1,Property Damage Only Collision,Other,1,1,0,0,0,12/9/16 1:05,Snowing,Snow/Slush,Dark - Street Lights On,Delridge-South Delridge,-122.3610798,47.5267753
-122.3612977,47.5360414,Delridge WAY SW BETWEEN SYLVAN WAY SW AND SW WEBSTER ST,1,Property Damage Only Collision,Other,1,1,0,0,0,8/4/11,Clear or Partly Cloudy,Dry,Daylight,Delridge-South Delridge,-122.3610798,47.5267753
-122.3570594,47.53368464,SW HOLDEN ST BETWEEN 17TH AVE SW AND 18TH AVE SW,1,Property Damage Only Collision,Parked Car,0,2,0,0,0,7/9/15 9:04,Clear or Partly Cloudy,Dry,Daylight,Delridge-South Delridge,-122.3610798,47.5267753
-122.3601018,47.53544208,21ST AVE SW AND SW WEBSTER ST,1,Property Damage Only Collision,Sideswipe,2,2,0,0,0,12/7/07,Clear or Partly Cloudy,Dry,Dark - Street Lights On,Delridge-South Delridge,-122.3610798,47.5267753
-122.3565108,47.5173613,17TH AVE SW AND SW ROXBURY ST,2,Injury Collision,Left Turn,2,2,1,0,0,1/29/04 8:36,Unknown,Wet,Daylight,Delridge-South Delridge,-122.3610798,47.5267753
-122.3557095,47.53368181,SW HOLDEN ST BETWEEN 16TH AVE SW AND 17TH AVE SW,2,Injury Collision,Angles,4,2,2,0,0,8/9/19 12:56,Clear or Partly Cloudy,Dry,Daylight,Delridge-South Delridge,-122.3610798,47.5267753
-122.3577754,47.52469977,18TH AVE SW AND SW TRENTON ST,1,Property Damage Only Collision,Angles,3,2,0,0,0,4/11/13 9:15,Raining,Wet,Daylight,Delridge-South Delridge,-122.3610798,47.5267753
-122.3659079,47.51827945,26TH AVE SW BETWEEN SW CAMBRIDGE ST AND SW ROXBURY ST,2,Injury Collision,Rear Ended,2,2,2,0,0,2/26/06 18:28,Raining,Wet,Dark - Street Lights On,Delridge-South Delridge,-122.3610798,47.5267753
-122.3578059,47.52194937,18TH AVE SW BETWEEN SW HENDERSON ST AND SW BARTON ST,1,Property Damage Only Collision,Parked Car,2,2,0,0,0,11/5/10 9:11,Overcast,Dry,Daylight,Delridge-South Delridge,-122.3610798,47.5267753
-122.3550634,47.52828653,16TH AVE SW AND SW THISTLE ST,2,Injury Collision,Angles,0,2,2,0,0,8/13/15 13:49,Clear or Partly Cloudy,Dry,Daylight,Delridge-South Delridge,-122.3610798,47.5267753
-122.3645478,47.52102329,25TH AVE SW AND SW BARTON ST,2,Injury Collision,Angles,3,2,1,0,0,3/1/11 11:10,Raining,Wet,Daylight,Delridge-South Delridge,-122.3610798,47.5267753
-122.3604648,47.52738604,DELRIDGE WAY SW BETWEEN SW THISTLE ST AND SW CLOVERDALE ST,1,Property Damage Only Collision,,2,0,0,0,0,10/9/15,,,,Delridge-South Delridge,-122.3610798,47.5267753
-122.3610919,47.53795417,DELRIDGE WAY SW AND SW ORCHARD ST,1,Property Damage Only Collision,Left Turn,2,2,0,0,0,12/17/04 7:15,Overcast,Wet,Dark - Street Lights On,Delridge-South Delridge,-122.3610798,47.5267753
-122.3659125,47.5173632,26TH AVE SW AND SW ROXBURY ST,1,Property Damage Only Collision,Left Turn,2,2,0,0,0,4/12/13 21:06,Raining,Wet,Dark - Street Lights On,Delridge-South Delridge,-122.3610798,47.5267753
-122.3604245,47.53369186,DELRIDGE WAY SW AND SW HOLDEN ST,2,Injury Collision,Angles,3,2,1,0,0,4/4/13 11:46,Raining,Wet,Daylight,Delridge-South Delridge,-122.3610798,47.5267753
-122.3551649,47.51736038,DELRIDGE WAY SW AND SW ROXBURY ST,1,Property Damage Only Collision,Left Turn,3,2,0,0,0,4/6/13 11:29,Clear or Partly Cloudy,Dry,Daylight,Delridge-South Delridge,-122.3610798,47.5267753
-122.3600994,47.52286134,DELRIDGE WAY SW AND SW HENDERSON ST,2,Injury Collision,Left Turn,5,2,4,0,0,1/13/04 14:50,Raining,Wet,Daylight,Delridge-South Delridge,-122.3610798,47.5267753
-122.3604791,47.52469335,DELRIDGE WAY SW AND SW TRENTON ST,1,Property Damage Only Collision,Angles,2,2,0,0,0,9/26/19 10:10,Clear or Partly Cloudy,Dry,Daylight,Delridge-South Delridge,-122.3610798,47.5267753
-122.3612977,47.5360414,DELRIDGE WAY SW BETWEEN SYLVAN WAY SW AND SW WEBSTER ST,2,Injury Collision,Rear Ended,3,2,1,0,0,6/11/04 14:22,Clear or Partly Cloudy,Dry,Daylight,Delridge-South Delridge,-122.3610798,47.5267753
-122.3618348,47.52377556,22ND AVE SW BETWEEN SW TRENTON ST AND SW HENDERSON ST,1,Property Damage Only Collision,Other,2,2,0,0,0,7/6/04,Raining,Wet,Daylight,Delridge-South Delridge,-122.3610798,47.5267753
-122.3550385,47.5327754,16TH AVE SW BETWEEN SW HOLDEN ST AND SW KENYON ST,2,Injury Collision,Other,4,2,1,0,0,5/12/04 17:30,Clear or Partly Cloudy,Dry,Daylight,Delridge-South Delridge,-122.3610798,47.5267753
-122.3577552,47.52918148,18TH AVE SW BETWEEN SW ELMGROVE ST AND SW THISTLE ST,1,Property Damage Only Collision,Parked Car,2,2,0,0,0,4/8/13 12:00,Clear or Partly Cloudy,Dry,Daylight,Delridge-South Delridge,-122.3610798,47.5267753
-122.3645619,47.51827874,25TH AVE SW BETWEEN SW CAMBRIDGE ST AND SW ROXBURY ST,1,Property Damage Only Collision,Other,2,2,0,0,0,8/31/04 10:14,Clear or Partly Cloudy,Dry,Daylight,Delridge-South Delridge,-122.3610798,47.5267753
-122.3591107,47.52738878,20TH AVE SW BETWEEN SW THISTLE ST AND SW CLOVERDALE ST,1,Property Damage Only Collision,Parked Car,2,2,0,0,0,5/28/19 15:59,Clear or Partly Cloudy,Dry,Daylight,Delridge-South Delridge,-122.3610798,47.5267753
-122.3551649,47.51736038,DELRIDGE WAY SW AND SW ROXBURY ST,1,Property Damage Only Collision,Rear Ended,2,2,0,0,0,2/12/18 9:34,Clear or Partly Cloudy,Dry,Daylight,Delridge-South Delridge,-122.3610798,47.5267753
-122.3604743,47.52559091,DELRIDGE WAY SW BETWEEN SW CLOVERDALE ST AND SW TRENTON ST,1,Property Damage Only Collision,Other,3,2,0,0,0,10/16/04 21:24,Overcast,Wet,Dusk,Delridge-South Delridge,-122.3610798,47.5267753
-122.3551447,47.51919567,16TH AVE SW AND SW CAMBRIDGE ST,1,Property Damage Only Collision,Angles,2,2,0,0,0,6/18/04 13:16,Clear or Partly Cloudy,Dry,Daylight,Delridge-South Delridge,-122.3610798,47.5267753
-122.3659125,47.5173632,26TH AVE SW AND SW ROXBURY ST,2,Injury Collision,Left Turn,3,2,2,0,0,5/1/04,Clear or Partly Cloudy,Dry,Daylight,Delridge-South Delridge,-122.3610798,47.5267753
-122.3564697,47.52103205,17TH AVE SW AND SW BARTON ST,1,Property Damage Only Collision,Other,2,2,0,0,0,11/29/04 23:18,Raining,Wet,Dark - Street Lights On,Delridge-South Delridge,-122.3610798,47.5267753
-122.3611516,47.52469174,SW TRENTON ST BETWEEN DELRIDGE WAY SW AND 22ND AVE SW,2,Injury Collision,Parked Car,4,4,1,0,0,10/19/19 0:12,Raining,Wet,Dark - Street Lights On,Delridge-South Delridge,-122.3610798,47.5267753
-122.3659079,47.51827945,26TH AVE SW BETWEEN SW CAMBRIDGE ST AND SW ROXBURY ST,1,Property Damage Only Collision,Parked Car,2,2,0,0,0,5/16/04 2:30,Overcast,Wet,Dark - Street Lights On,Delridge-South Delridge,-122.3610798,47.5267753
-122.359132,47.5237798,20TH AVE SW BETWEEN SW TRENTON ST AND SW HENDERSON ST,1,Property Damage Only Collision,Parked Car,2,2,0,0,0,11/21/04 22:00,Unknown,Unknown,Unknown,Delridge-South Delridge,-122.3610798,47.5267753
-122.3652379,47.51736339,SW ROXBURY ST BETWEEN 25TH AVE SW AND 26TH AVE SW,1,Property Damage Only Collision,Other,1,1,0,0,0,4/2/04,Clear or Partly Cloudy,Dry,Daylight,Delridge-South Delridge,-122.3610798,47.5267753
-122.3611516,47.52469174,SW TRENTON ST BETWEEN DELRIDGE WAY SW AND 22ND AVE SW,0,Unknown,,0,0,0,0,0,9/1/04,,,,Delridge-South Delridge,-122.3610798,47.5267753
-122.3551548,47.5182794,16TH AVE SW BETWEEN SW CAMBRIDGE ST AND SW ROXBURY ST,2,Injury Collision,Other,3,2,1,0,0,3/18/04 19:05,Clear or Partly Cloudy,Wet,Dark - Street Lights On,Delridge-South Delridge,-122.3610798,47.5267753
-122.3592005,47.51736309,20TH AVE SW AND SW ROXBURY ST,0,Unknown,,0,0,0,0,0,12/26/04,,,,Delridge-South Delridge,-122.3610798,47.5267753
-122.3590991,47.53278651,20TH AVE SW BETWEEN SW HOLDEN ST AND SW KENYON ST,1,Property Damage Only Collision,Parked Car,2,2,0,0,0,9/25/04 23:05,Clear or Partly Cloudy,Dry,Dark - Street Lights On,Delridge-South Delridge,-122.3610798,47.5267753
-122.3766367,47.52828518,35TH AVE SW AND SW THISTLE ST,1,Property Damage Only Collision,Sideswipe,2,2,0,0,0,3/27/13 12:04,Clear or Partly Cloudy,Dry,Daylight,Delridge-Roxhill,-122.3707161,47.52737375
-122.3767307,47.52196692,35TH AVE SW BETWEEN SW HENDERSON ST AND SW BARTON ST,1,Property Damage Only Collision,Angles,5,3,0,0,0,3/26/13 9:11,Clear or Partly Cloudy,Dry,Daylight,Delridge-Roxhill,-122.3707161,47.52737375