X,Y,LOCATION,SEVERITYCODE,SEVERITYDESC,COLLISIONTYPE,PERSONCOUNT,VEHCOUNT,INJURIES,SERIOUSINJURIES,FATALITIES,INCDTTM,WEATHER,ROADCOND,LIGHTCOND,NEIGHBORHOOD,NX,NY
-122.3759495,47.53191379,SW KENYON ST BETWEEN 34TH AVE SW AND 35TH AVE SW,1,Property Damage Only Collision,Parked Car,2,2,0,0,0,12/14/18 1:30,Raining,Wet,Dark - Street Lights On,Delridge-Roxhill,-122.3707161,47.52737375
-122.3712463,47.52828298,30TH AVE SW AND SW THISTLE ST,1,Property Damage Only Collision,Angles,2,2,0,0,0,3/29/13 8:27,Raining,Dry,Daylight,Delridge-Roxhill,-122.3707161,47.52737375
-122.3658687,47.5259671,26TH AVE SW BETWEEN SW CLOVERDALE ST AND DEAD END 2,1,Property Damage Only Collision,Parked Car,2,2,0,0,0,5/29/05 1:30,Clear or Partly Cloudy,Dry,Dark - Street Lights On,Delridge-Roxhill,-122.3707161,47.52737375
-122.3658942,47.52102178,26TH AVE SW AND SW BARTON ST,1,Property Damage Only Collision,Left Turn,4,2,0,0,0,12/24/15 19:52,Raining,Wet,Dark - Street Lights On,Delridge-Roxhill,-122.3707161,47.52737375
-122.3766367,47.52828518,35TH AVE SW AND SW THISTLE ST,0,Unknown,,0,0,0,0,0,3/16/10,,,,Delridge-Roxhill,-122.3707161,47.52737375
-122.3766374,47.52937272,35TH AVE SW BETWEEN SW SOUTHERN ST AND SW ROSE ST,2,Injury Collision,Rear Ended,3,3,1,0,0,5/11/19 10:10,Clear or Partly Cloudy,Dry,Daylight,Delridge-Roxhill,-122.3707161,47.52737375
-122.376597,47.53648226,35TH AVE SW BETWEEN SW OTHELLO ST AND SW WEBSTER ST,1,Property Damage Only Collision,Sideswipe,6,5,0,0,0,7/28/13 18:17,Clear or Partly Cloudy,Dry,Daylight,Delridge-Roxhill,-122.3707161,47.52737375
-122.371398,47.51742557,30TH AVE SW AND SW ROXBURY ST,1,Property Damage Only Collision,Rear Ended,2,2,0,0,0,2/27/14 12:41,Clear or Partly Cloudy,Dry,Daylight,Delridge-Roxhill,-122.3707161,47.52737375
-122.3645317,47.52376854,25TH AVE SW BETWEEN SW TRENTON ST AND SW HENDERSON ST,1,Property Damage Only Collision,Parked Car,2,2,0,0,0,4/12/13 13:00,Unknown,Wet,Daylight,Delridge-Roxhill,-122.3707161,47.52737375
-122.3766159,47.53408699,35TH AVE SW AND SW IDA ST,1,Property Damage Only Collision,Angles,2,2,0,0,0,10/21/19 22:31,Raining,Wet,Dark - Street Lights On,Delridge-Roxhill,-122.3707161,47.52737375
-122.376597,47.53648226,35TH AVE SW BETWEEN SW OTHELLO ST AND SW WEBSTER ST,1,Property Damage Only Collision,Parked Car,5,5,0,0,0,12/16/18 20:25,Clear or Partly Cloudy,Wet,Dark - Street Lights On,Delridge-Roxhill,-122.3707161,47.52737375
-122.3712463,47.52828298,30TH AVE SW AND SW THISTLE ST,1,Property Damage Only Collision,Angles,8,2,0,0,0,11/1/08,Overcast,Dry,Daylight,Delridge-Roxhill,-122.3707161,47.52737375
-122.3699085,47.52557319,29TH AVE SW BETWEEN SW CLOVERDALE ST AND SW TRENTON ST,1,Property Damage Only Collision,Parked Car,2,2,0,0,0,8/21/14 22:30,Clear or Partly Cloudy,Dry,Dark - Street Lights On,Delridge-Roxhill,-122.3707161,47.52737375
-122.3767307,47.52196692,35TH AVE SW BETWEEN SW HENDERSON ST AND SW BARTON ST,1,Property Damage Only Collision,Other,1,1,0,0,0,11/19/07 10:42,Raining,Wet,Daylight,Delridge-Roxhill,-122.3707161,47.52737375
-122.3711896,47.53463485,30TH AVE SW BETWEEN SW WEBSTER ST AND SW HOLDEN ST,1,Property Damage Only Collision,Parked Car,2,2,0,0,0,4/27/08 18:22,Raining,Wet,Daylight,Delridge-Roxhill,-122.3707161,47.52737375
-122.3767615,47.52107001,35TH AVE SW AND SW BARTON ST,2,Injury Collision,Angles,4,2,1,0,0,10/20/04 14:01,Clear or Partly Cloudy,Dry,Daylight,Delridge-Roxhill,-122.3707161,47.52737375
-122.3744173,47.51928889,32ND AVE SW BETWEEN SW BARTON ST AND SW ROXBURY ST,2,Injury Collision,Head On,3,2,1,0,0,4/11/13 14:30,Clear or Partly Cloudy,Dry,Daylight,Delridge-Roxhill,-122.3707161,47.52737375
-122.376597,47.53648226,35TH AVE SW BETWEEN SW OTHELLO ST AND SW WEBSTER ST,1,Property Damage Only Collision,Rear Ended,2,2,0,0,0,1/27/04 9:19,Clear or Partly Cloudy,Dry,Daylight,Delridge-Roxhill,-122.3707161,47.52737375
-122.3768538,47.51838477,35TH AVE SW BETWEEN SW CAMBRIDGE ST AND SW ROXBURY ST,2,Injury Collision,Rear Ended,2,2,1,0,0,8/24/04 17:51,Raining,Wet,Daylight,Delridge-Roxhill,-122.3707161,47.52737375
-122.3672037,47.52828109,27TH AVE SW AND SW THISTLE ST,2b,Serious Injury Collision,Left Turn,5,2,5,3,0,1/11/04 14:27,Clear or Partly Cloudy,Dry,Daylight,Delridge-Roxhill,-122.3707161,47.52737375
-122.3651989,47.52468198,SW TRENTON ST BETWEEN 25TH AVE SW AND 26TH AVE SW,2,Injury Collision,Other,2,2,1,0,0,11/30/04 15:13,Raining,Wet,Daylight,Delridge-Roxhill,-122.3707161,47.52737375
-122.3761988,47.5174801,SW ROXBURY ST BETWEEN 34TH AVE SW AND 35TH AVE SW,1,Property Damage Only Collision,Rear Ended,2,2,0,0,0,4/6/13 16:11,Raining,Wet,Daylight,Delridge-Roxhill,-122.3707161,47.52737375
-122.3766382,47.53009899,35TH AVE SW AND SW ELMGROVE S ST,0,Unknown,,0,0,0,0,0,12/10/04,,,,Delridge-Roxhill,-122.3707161,47.52737375
-122.367276,47.51829083,27TH AVE SW BETWEEN SW CAMBRIDGE ST AND SW ROXBURY ST,0,Unknown,,0,0,0,0,0,10/15/19,,,,Delridge-Roxhill,-122.3707161,47.52737375
-122.3766045,47.5355679,35TH AVE SW AND SW WEBSTER ST,0,Unknown,,0,0,0,0,0,9/28/04,,,,Delridge-Roxhill,-122.3707161,47.52737375
-122.3752903,47.52556455,34TH AVE SW BETWEEN SW CLOVERDALE ST AND SW TRENTON ST,1,Property Damage Only Collision,Parked Car,2,2,0,0,0,11/30/04 1:00,Unknown,Unknown,Unknown,Delridge-Roxhill,-122.3707161,47.52737375
-122.375403,47.52106403,34TH AVE SW AND SW BARTON ST,2,Injury Collision,Angles,4,2,3,0,0,5/18/18 13:31,Clear or Partly Cloudy,Dry,Daylight,Delridge-Roxhill,-122.3707161,47.52737375
-122.3712433,47.52918831,30TH AVE SW BETWEEN SW ELMGROVE ST AND SW THISTLE ST,1,Property Damage Only Collision,Parked Car,2,2,0,0,0,2/15/04 9:32,Raining,Wet,Daylight,Delridge-Roxhill,-122.3707161,47.52737375
-122.2698581,47.55335549,51ST AVE S AND S BRANDON ST,1,Property Damage Only Collision,Angles,4,2,0,0,0,5/8/19 12:01,Clear or Partly Cloudy,Dry,Daylight,Seward Park-Seward Park,-122.2635929,47.55253822
-122.2732147,47.56057726,48TH AVE S AND S ALASKA ST,1,Property Damage Only Collision,Cycles,3,1,0,0,0,8/10/05 7:47,Overcast,Dry,Daylight,Seward Park-Seward Park,-122.2635929,47.55253822
-122.2664941,47.54026426,SEWARD PARK AVE S BETWEEN S WILLOW ST AND S FRONTENAC ST,2b,Serious Injury Collision,Other,2,1,2,1,0,9/16/07 0:21,Clear or Partly Cloudy,Dry,Dark - Street Lights On,Seward Park-Seward Park,-122.2635929,47.55253822
-122.2621733,47.55110371,SEWARD PARK AVE S AND S ORCAS ST,1,Property Damage Only Collision,Angles,2,2,0,0,0,6/30/09 18:19,Clear or Partly Cloudy,Dry,Daylight,Seward Park-Seward Park,-122.2635929,47.55253822
-122.2618015,47.54393958,57TH AVE S BETWEEN S MORGAN ST AND S MORGAN PL,0,Unknown,,0,0,0,0,0,5/13/19,,,,Seward Park-Seward Park,-122.2635929,47.55253822
-122.267268,47.53746089,SEWARD PARK AVE S BETWEEN S ORCHARD ST AND S OTHELLO ST,1,Property Damage Only Collision,Other,1,1,0,0,0,10/14/07 22:59,Unknown,Dry,Dark - Street Lights On,Seward Park-Seward Park,-122.2635929,47.55253822
-122.2698581,47.55335549,51ST AVE S AND S BRANDON ST,1,Property Damage Only Collision,Angles,2,2,0,0,0,4/20/16 15:50,Clear or Partly Cloudy,Dry,Daylight,Seward Park-Seward Park,-122.2635929,47.55253822
-122.2712819,47.55114567,S ORCAS ST BETWEEN 48TH AVE S AND 51ST AVE S,1,Property Damage Only Collision,Parked Car,2,2,0,0,0,5/15/16 3:10,Overcast,Wet,Dark - Street Lights On,Seward Park-Seward Park,-122.2635929,47.55253822
-122.268751,47.56409604,LAKE WASHINGTON BLVD S BETWEEN S ADAMS ST AND S GENESEE WAY,1,Property Damage Only Collision,Sideswipe,2,2,0,0,0,8/25/15 20:18,Clear or Partly Cloudy,Dry,Dusk,Seward Park-Seward Park,-122.2635929,47.55253822
-122.2705097,47.54698389,S BATEMAN ST BETWEEN DEAD END 3 AND 51ST AVE S,1,Property Damage Only Collision,Parked Car,2,2,0,0,0,4/28/04 20:50,Clear or Partly Cloudy,Dry,Unknown,Seward Park-Seward Park,-122.2635929,47.55253822
-122.2685352,47.54248608,S HOLLY ST BETWEEN 51ST AVE S AND 52ND AVE S,1,Property Damage Only Collision,Other,1,1,0,0,0,3/17/04 7:37,Overcast,Wet,Daylight,Seward Park-Seward Park,-122.2635929,47.55253822
-122.2712641,47.54606223,S GRAHAM ST BETWEEN 48TH AVE S AND 51ST AVE S,0,Unknown,,0,0,0,0,0,12/20/04,,,,Seward Park-Seward Park,-122.2635929,47.55253822
-122.269921,47.55262164,51ST AVE S AND S LUCILE ST,1,Property Damage Only Collision,Angles,2,2,0,0,0,11/2/04,Overcast,Wet,Dark - Street Lights On,Seward Park-Seward Park,-122.2635929,47.55253822
-122.2629582,47.54553624,SEWARD PARK AVE S BETWEEN OAKHURST S RD S AND WILSON N AVE S,1,Property Damage Only Collision,Other,1,1,0,0,0,7/21/04 8:15,Clear or Partly Cloudy,Dry,Daylight,Seward Park-Seward Park,-122.2635929,47.55253822
-122.2641471,47.54426392,SEWARD PARK S AVE S AND S MORGAN ST,2,Injury Collision,Angles,0,2,1,0,0,5/5/04,Clear or Partly Cloudy,Dry,Dark - Street Lights On,SEWARD PARK-SEWARD PARK,-122.2635929,47.55253822
-122.3178877,47.6478226,FUHRMAN AVE E AND E GWINN PL,1,Property Damage Only Collision,Angles,3,2,0,0,0,5/9/19 8:03,Clear or Partly Cloudy,Dry,Daylight,Capitol Hill-Portage Bay,-122.3190463,47.64679278
-122.3220967,47.64961491,HARVARD AVE E BETWEEN E ALLISON ST AND EASTLAKE AVE E,2,Injury Collision,Parked Car,6,6,1,0,0,12/10/18 0:47,Overcast,Wet,Dark - Street Lights On,Capitol Hill-Portage Bay,-122.3190463,47.64679278
-122.3227562,47.64318967,E ROANOKE ST BETWEEN BOYLSTON AVE E AND HARVARD AVE E,0,Unknown,,0,0,0,0,0,2/14/10,,,,Capitol Hill-Portage Bay,-122.3190463,47.64679278
-122.3209231,47.65202595,UNIVERSITY BR BETWEEN FUHRMAN AVE E AND POINT A,2,Injury Collision,Cycles,1,0,1,0,0,9/25/15 7:41,Raining,Wet,Dawn,Capitol Hill-Portage Bay,-122.3190463,47.64679278
-122.3183363,47.64384005,11TH AVE E BETWEEN E ROANOKE ST AND E EDGAR ST,1,Property Damage Only Collision,Parked Car,2,2,0,0,0,1/7/04,Sleet/Hail/Freezing Rain,Snow/Slush,Daylight,Capitol Hill-Portage Bay,-122.3190463,47.64679278
-122.3209231,47.65202595,UNIVERSITY BR BETWEEN FUHRMAN AVE E AND POINT A,1,Property Damage Only Collision,Head On,3,2,0,0,0,4/13/13 18:00,Raining,Wet,Daylight,Capitol Hill-Portage Bay,-122.3190463,47.64679278
-122.322109,47.64448971,HARVARD AVE E AND E EDGAR ST,1,Property Damage Only Collision,Left Turn,5,2,0,0,0,1/10/19 16:48,Raining,Wet,Dark - Street Lights On,Capitol Hill-Portage Bay,-122.3190463,47.64679278
-122.3227562,47.64318967,E ROANOKE ST BETWEEN BOYLSTON AVE E AND HARVARD AVE E,1,Property Damage Only Collision,Rear Ended,4,3,0,0,0,5/15/15 9:30,Clear or Partly Cloudy,Dry,Daylight,Capitol Hill-Portage Bay,-122.3190463,47.64679278
-122.321671,47.64924787,FRANKLIN AVE E BETWEEN E ALLISON ST AND E MARTIN ST,0,Unknown,,0,0,0,0,0,4/1/13,,,,Capitol Hill-Portage Bay,-122.3190463,47.64679278
-122.3220999,47.64826734,HARVARD AVE E BETWEEN E GWINN PL AND E ALLISON ST,1,Property Damage Only Collision,Rear Ended,3,2,0,0,0,9/23/04 0:05,Clear or Partly Cloudy,Dry,Dark - Street Lights On,Capitol Hill-Portage Bay,-122.3190463,47.64679278
-122.3200756,47.63782614,10TH AVE E BETWEEN E NEWTON ST AND E BOSTON ST,1,Property Damage Only Collision,Sideswipe,3,2,0,0,0,4/2/06,Overcast,Dry,Dark - Street Lights On,Capitol Hill-Montlake,-122.3078729,47.63892327
-122.2980598,47.63717924,LAKE WASHINGTON BLVD E BETWEEN BOYER AVE E AND E FOSTER ISLAND RD,1,Property Damage Only Collision,Other,1,1,0,0,0,11/17/05 8:56,Clear or Partly Cloudy,Dry,Daylight,Capitol Hill-Montlake,-122.3078729,47.63892327
-122.303075,47.64412934,E LAKE WASHINGTON BLVD BETWEEN MONTLAKE BLVD E AND 24TH AVE E,2,Injury Collision,Rear Ended,3,2,1,0,0,3/24/06 12:07,Clear or Partly Cloudy,Dry,Daylight,Capitol Hill-Montlake,-122.3078729,47.63892327
-122.309876,47.63955856,E LYNN ST BETWEEN BOYER AVE E AND 18TH AVE E,1,Property Damage Only Collision,Parked Car,2,2,0,0,0,9/16/07 18:53,Clear or Partly Cloudy,Dry,Daylight,Capitol Hill-Montlake,-122.3078729,47.63892327
-122.3015654,47.63524418,24TH AVE E AND BOYER AVE E,0,Unknown,,1,0,0,0,0,3/26/13,,,,Capitol Hill-Montlake,-122.3078729,47.63892327
-122.2980598,47.63717924,LAKE WASHINGTON BLVD E BETWEEN BOYER AVE E AND E FOSTER ISLAND RD,0,Unknown,,0,0,0,0,0,12/29/04,,,,Capitol Hill-Montlake,-122.3078729,47.63892327
-122.3037981,47.64343029,22ND AVE E BETWEEN E ROANOKE ST AND EAST MONTLAKE PL E,0,Unknown,,0,0,0,0,0,9/19/05,,,,Capitol Hill-Montlake,-122.3078729,47.63892327
-122.3207058,47.6413541,E MILLER ST BETWEEN BROADWAY E AND 10TH AVE E,1,Property Damage Only Collision,Angles,2,2,0,0,0,2/9/05,Clear or Partly Cloudy,Dry,Daylight,Capitol Hill-Montlake,-122.3078729,47.63892327
-122.3046109,47.64555665,MONTLAKE BLVD E AND E HAMLIN ST,1,Property Damage Only Collision,Left Turn,2,2,0,0,0,8/16/07 12:48,Clear or Partly Cloudy,Dry,Daylight,Capitol Hill-Montlake,-122.3078729,47.63892327
-122.3058331,47.64556131,E HAMLIN ST BETWEEN 19TH AVE E AND MONTLAKE BLVD E,1,Property Damage Only Collision,Parked Car,2,2,0,0,0,4/7/04,Overcast,Dry,Dark - Street Lights On,Capitol Hill-Montlake,-122.3078729,47.63892327
-122.3107425,47.63992717,16TH AVE E BETWEEN E LYNN ST AND E MCGRAW ST,1,Property Damage Only Collision,Parked Car,2,2,0,0,0,1/8/05,Snowing,Snow/Slush,Dark - Street Lights On,Capitol Hill-Montlake,-122.3078729,47.63892327
-122.2980598,47.63717924,Lake WASHINGTON BLVD E BETWEEN BOYER AVE E AND E FOSTER ISLAND RD,2,Injury Collision,Head On,3,2,1,0,0,8/6/04,Raining,Wet,Daylight,Capitol HILL-MONTLAKE,-122.3078729,47.63892327
-122.3200671,47.6389738,10TH AVE E BETWEEN E BOSTON ST AND E LYNN ST,0,Unknown,,0,0,0,0,0,11/27/18,,,,Capitol Hill-Montlake,-122.3078729,47.63892327
-122.2980598,47.63717924,LAKE WASHINGTON BLVD E BETWEEN BOYER AVE E AND E FOSTER ISLAND RD,1,Property Damage Only Collision,Head On,3,3,0,0,0,11/10/09 7:20,Raining,Wet,Daylight,Capitol Hill-Montlake,-122.3078729,47.63892327
-122.3185078,47.6359209,E HOWE ST BETWEEN FEDERAL AVE E AND 11TH AVE E,1,Property Damage Only Collision,Parked Car,2,2,0,0,0,10/4/09,Unknown,Unknown,Unknown,Capitol Hill-Montlake,-122.3078729,47.63892327
-122.3020552,47.64208263,24TH AVE E BETWEEN E MILLER ST AND EAST MONTLAKE PL E,1,Property Damage Only Collision,Head On,3,2,0,0,0,9/17/17 18:43,Raining,Wet,Dusk,Capitol Hill-Montlake,-122.3078729,47.63892327
-122.301522,47.63748766,24TH AVE E BETWEEN E NEWTON S ST AND E NEWTON N ST,2,Injury Collision,Cycles,1,0,1,0,0,7/12/09 9:05,Raining,Wet,Daylight,Capitol Hill-Montlake,-122.3078729,47.63892327
-122.3179758,47.63658396,11TH AVE E BETWEEN E HOWE ST AND E NEWTON ST,1,Property Damage Only Collision,Parked Car,2,2,0,0,0,4/9/13 7:50,Unknown,Dry,Unknown,Capitol Hill-Montlake,-122.3078729,47.63892327
-122.304614,47.64541021,MONTLAKE BLVD E BETWEEN MONTLAKE BV ON RP AND E HAMLIN ST,0,Unknown,,0,0,0,0,0,8/23/04,,,,Capitol Hill-Montlake,-122.3078729,47.63892327
-122.3162178,47.63826173,13TH AVE E AND E BOSTON ST,1,Property Damage Only Collision,Angles,2,2,0,0,0,5/7/19 14:39,Clear or Partly Cloudy,Dry,Daylight,Capitol Hill-Montlake,-122.3078729,47.63892327
-122.2985917,47.64242236,LAKE WASHINGTON BLVD E BETWEEN E MILLER ST AND E ROANOKE ST,0,Unknown,,1,0,0,0,0,3/31/13,,,,Capitol Hill-Montlake,-122.3078729,47.63892327
-122.3034157,47.64315946,E ROANOKE ST BETWEEN 22ND AVE E AND EAST MONTLAKE PL E,2,Injury Collision,Rear Ended,2,2,1,0,0,4/2/13 17:57,Clear or Partly Cloudy,Dry,Daylight,Capitol Hill-Montlake,-122.3078729,47.63892327
-122.3200608,47.64044969,10TH AVE E BETWEEN E LYNN ST AND E MILLER ST,2b,Serious Injury Collision,Cycles,3,1,1,1,0,6/12/04 12:31,Clear or Partly Cloudy,Dry,Daylight,Capitol Hill-Montlake,-122.3078729,47.63892327
-122.3046123,47.64660623,MONTLAKE BLVD E BETWEEN E SHELBY ST AND MONTLAKE BR,2,Injury Collision,Rear Ended,4,2,1,0,0,11/11/13 18:05,Clear or Partly Cloudy,Dry,Dark - Street Lights Off,Capitol Hill-Montlake,-122.3078729,47.63892327
-122.3020806,47.63953008,24TH AVE E AND E LYNN ST,2,Injury Collision,Cycles,3,1,2,0,0,4/9/14 13:24,Clear or Partly Cloudy,Dry,Daylight,Capitol Hill-Montlake,-122.3078729,47.63892327
-122.3034554,47.64418921,MONTLAKE BV EB ON RP BETWEEN MONTLAKE BLVD E AND SR520 EB,1,Property Damage Only Collision,Sideswipe,2,2,0,0,0,12/30/14 15:09,Clear or Partly Cloudy,Dry,Daylight,Capitol Hill-Montlake,-122.3078729,47.63892327
-122.3200756,47.63782614,10TH AVE E BETWEEN E NEWTON ST AND E BOSTON ST,2,Injury Collision,Parked Car,2,2,1,0,0,4/18/04 21:41,Overcast,Dry,Dark - Street Lights On,Capitol Hill-Montlake,-122.3078729,47.63892327
-122.3025521,47.64280163,EAST MONTLAKE PL E BETWEEN 24TH AVE E AND E ROANOKE ST,2,Injury Collision,Head On,2,2,1,0,0,10/8/04,Raining,Wet,Daylight,Capitol Hill-Montlake,-122.3078729,47.63892327
-122.3046125,47.645975,MONTLAKE BLVD E BETWEEN E HAMLIN ST AND E SHELBY ST,1,Property Damage Only Collision,Rear Ended,4,2,0,0,0,2/14/04 20:05,Raining,Wet,Dark - Street Lights On,Capitol Hill-Montlake,-122.3078729,47.63892327
-122.3046125,47.645975,MONTLAKE BLVD E BETWEEN E HAMLIN ST AND E SHELBY ST,1,Property Damage Only Collision,Other,2,2,0,0,0,4/6/13 17:45,Raining,Wet,Daylight,Capitol Hill-Montlake,-122.3078729,47.63892327
-122.3025521,47.64280163,EAST MONTLAKE PL E BETWEEN 24TH AVE E AND E ROANOKE ST,1,Property Damage Only Collision,Rear Ended,4,3,0,0,0,4/21/04 16:59,Clear or Partly Cloudy,Dry,Daylight,Capitol Hill-Montlake,-122.3078729,47.63892327
-122.3052704,47.64429117,MONTLAKE BV ON RP BETWEEN SR520 WB AND MONTLAKE BLVD E,1,Property Damage Only Collision,Rear Ended,4,2,0,0,0,12/10/18 11:55,Clear or Partly Cloudy,Wet,Daylight,Capitol Hill-Montlake,-122.3078729,47.63892327
-122.3200588,47.64135501,10TH AVE E AND E MILLER ST,2,Injury Collision,Rear Ended,5,3,2,0,0,6/27/04 10:36,Clear or Partly Cloudy,Dry,Daylight,Capitol Hill-Montlake,-122.3078729,47.63892327
-122.3040975,47.64396127,MONTLAKE BLVD E AND EAST MONTLAKE PL E,1,Property Damage Only Collision,Angles,2,2,0,0,0,12/28/17 17:15,Overcast,Wet,Dark - Street Lights On,Capitol Hill-Montlake,-122.3078729,47.63892327
-122.3017939,47.63871354,24TH AVE E AND E BOSTON ST,2,Injury Collision,Rear Ended,2,2,1,0,0,12/4/04,Overcast,Wet,Daylight,Capitol Hill-Montlake,-122.3078729,47.63892327
-122.3039632,47.64382665,EAST MONTLAKE PL E BETWEEN 22ND AVE E AND MONTLAKE BLVD E,0,Unknown,,0,0,0,0,0,3/10/04,,,,Capitol Hill-Montlake,-122.3078729,47.63892327
-122.2986003,47.64148144,LAKE WASHINGTON BLVD E BETWEEN 26TH AVE E AND E MILLER ST,1,Property Damage Only Collision,Other,1,1,0,0,0,9/1/04,Overcast,Wet,Dusk,Capitol Hill-Montlake,-122.3078729,47.63892327
-122.3020621,47.64135182,24TH AVE E BETWEEN E CALHOUN ST AND E MILLER ST,2,Injury Collision,Other,1,1,1,0,0,1/20/04 1:55,Clear or Partly Cloudy,Dry,Dark - Street Lights On,Capitol Hill-Montlake,-122.3078729,47.63892327
-122.3038037,47.63990104,22ND AVE E BETWEEN E LYNN ST AND E MCGRAW ST,1,Property Damage Only Collision,Parked Car,2,2,0,0,0,11/8/04,Clear or Partly Cloudy,Dry,Daylight,Capitol Hill-Montlake,-122.3078729,47.63892327
-122.3020765,47.6398944,24TH AVE E BETWEEN E LYNN ST AND E MCGRAW ST,2,Injury Collision,Pedestrian,2,1,1,0,0,2/5/04,Clear or Partly Cloudy,Dry,Dusk,Capitol Hill-Montlake,-122.3078729,47.63892327
-122.3200798,47.6372518,10TH AVE E AND E NEWTON ST,2,Injury Collision,Cycles,2,1,1,0,0,1/11/04 15:51,Clear or Partly Cloudy,Dry,Daylight,Capitol Hill-Montlake,-122.3078729,47.63892327
-122.304614,47.64541021,MONTLAKE BLVD E BETWEEN MONTLAKE BV ON RP AND E HAMLIN ST,2,Injury Collision,Rear Ended,2,2,1,0,0,2/22/04 21:08,Clear or Partly Cloudy,Dry,Dark - Street Lights Off,Capitol Hill-Montlake,-122.3078729,47.63892327
-122.3200576,47.64227343,10TH AVE E BETWEEN E MILLER ST AND E ROANOKE W ST,1,Property Damage Only Collision,Rear Ended,2,2,0,0,0,10/13/04 17:20,Clear or Partly Cloudy,Dry,Daylight,Capitol Hill-Montlake,-122.3078729,47.63892327
-122.2916865,47.62652805,E MADISON ST BETWEEN LAKE WASHINGTON BLVD E AND 32ND AVE E,2,Injury Collision,Cycles,2,1,1,0,0,10/12/04 17:30,Clear or Partly Cloudy,Dry,Daylight,Capitol Hill-Madison Park,-122.2868266,47.63497356
-122.2770802,47.63990076,43RD AVE E BETWEEN E LYNN ST AND E MCGILVRA ST,1,Property Damage Only Collision,Parked Car,2,2,0,0,0,7/2/18 15:50,Clear or Partly Cloudy,Dry,Daylight,Capitol Hill-Madison Park,-122.2868266,47.63497356
-122.2771008,47.63802428,43RD AVE E BETWEEN E NEWTON ST AND E LYNN ST,1,Property Damage Only Collision,Parked Car,2,2,0,0,0,1/12/04 6:30,Overcast,Wet,Unknown,Capitol Hill-Madison Park,-122.2868266,47.63497356
-122.2902243,47.62751775,E MADISON ST BETWEEN 32ND AVE E AND 33RD AVE E,1,Property Damage Only Collision,Parked Car,4,4,0,0,0,8/27/16 3:33,Clear or Partly Cloudy,Dry,Dark - Street Lights On,Capitol Hill-Madison Park,-122.2868266,47.63497356
-122.2933783,47.64080441,E FOSTER ISLAND RD BETWEEN ARBORETUM DR E AND DEAD END,1,Property Damage Only Collision,Other,2,2,0,0,0,8/14/04 14:00,Clear or Partly Cloudy,Dry,Daylight,Capitol Hill-Madison Park,-122.2868266,47.63497356
-122.2902243,47.62751775,E MADISON ST BETWEEN 32ND AVE E AND 33RD AVE E,1,Property Damage Only Collision,Parked Car,3,3,0,0,0,12/7/04,Raining,Wet,Dark - Street Lights On,Capitol Hill-Madison Park,-122.2868266,47.63497356
-122.277117,47.6366673,43RD AVE E BETWEEN E MADISON ST AND E NEWTON ST,0,Unknown,,0,0,0,0,0,7/23/04,,,,Capitol Hill-Madison Park,-122.2868266,47.63497356
-122.279603,47.63911648,41ST AVE E AND E LYNN ST,1,Property Damage Only Collision,Angles,2,2,0,0,0,4/11/04 23:56,Clear or Partly Cloudy,Dry,Dark - No Street Lights,Capitol Hill-Madison Park,-122.2868266,47.63497356
-122.2916865,47.62652805,E MADISON ST BETWEEN LAKE WASHINGTON BLVD E AND 32ND AVE E,2,Injury Collision,Cycles,3,1,1,0,0,8/4/04,Clear or Partly Cloudy,Dry,Daylight,Capitol Hill-Madison Park,-122.2868266,47.63497356
-122.2775816,47.6360748,E MADISON ST BETWEEN E HOWE ST AND 43RD AVE E,1,Property Damage Only Collision,Other,1,1,0,0,0,6/10/04 10:30,Overcast,Wet,Daylight,Capitol Hill-Madison Park,-122.2868266,47.63497356
-122.2813211,47.63155803,MCGILVRA BLVD E BETWEEN E LEE ST AND E GALER ST,0,Unknown,,0,0,0,0,0,6/21/04,,,,Capitol Hill-Madison Park,-122.2868266,47.63497356
-122.2770802,47.63990076,43RD AVE E BETWEEN E LYNN ST AND E MCGILVRA ST,1,Property Damage Only Collision,Parked Car,2,2,0,0,0,11/13/04 11:00,Clear or Partly Cloudy,Dry,Dark - Street Lights On,Capitol Hill-Madison Park,-122.2868266,47.63497356
-122.3148692,47.61362457,E MADISON ST BETWEEN 13TH AVE AND 14TH AVE,1,Property Damage Only Collision,Rear Ended,3,2,0,0,0,3/27/13 18:05,Clear or Partly Cloudy,Dry,Daylight,Capitol Hill-Broadway,-122.3215293,47.62623631
-122.3278705,47.62255332,MELROSE AVE E BETWEEN E THOMAS ST AND E MERCER ST,1,Property Damage Only Collision,Parked Car,2,2,0,0,0,3/23/13 23:16,Unknown,Unknown,Unknown,Capitol Hill-Broadway,-122.3215293,47.62623631
-122.3194561,47.61466378,10TH AVE BETWEEN E PIKE ST AND E PINE ST,1,Property Damage Only Collision,Rear Ended,4,2,0,0,0,5/15/19 21:41,Clear or Partly Cloudy,Dry,Dark - Street Lights On,Capitol Hill-Broadway,-122.3215293,47.62623631
-122.3220166,47.62256199,HARVARD AVE E BETWEEN E HARRISON ST AND E REPUBLICAN ST,1,Property Damage Only Collision,Parked Car,2,2,0,0,0,1/10/06 12:15,Overcast,Dry,Daylight,Capitol Hill-Broadway,-122.3215293,47.62623631
-122.327356,47.61522833,E PINE ST BETWEEN MELROSE AVE AND BELLEVUE AVE,1,Property Damage Only Collision,Parked Car,2,2,0,0,0,5/14/19 14:34,Overcast,Dry,Daylight,Capitol Hill-Broadway,-122.3215293,47.62623631
-122.3268124,47.61465177,BELLEVUE AVE BETWEEN E PIKE ST AND E PINE ST,1,Property Damage Only Collision,Parked Car,2,2,0,0,0,3/24/13 16:30,Clear or Partly Cloudy,Dry,Daylight,Capitol Hill-Broadway,-122.3215293,47.62623631