X,Y,LOCATION,SEVERITYCODE,SEVERITYDESC,COLLISIONTYPE,PERSONCOUNT,VEHCOUNT,INJURIES,SERIOUSINJURIES,FATALITIES,INCDTTM,WEATHER,ROADCOND,LIGHTCOND,NEIGHBORHOOD,NX,NY
-122.3270161,47.62745868,BELLEVUE CT E BETWEEN BELLEVUE PL E AND BELMONT AVE E,0,Unknown,,0,0,0,0,0,5/26/05,,,,Capitol Hill-Broadway,-122.3215293,47.62623631
-122.3202196,47.62682816,10TH AVE E AND E ALOHA ST,1,Property Damage Only Collision,Sideswipe,2,2,0,0,0,4/2/13 6:34,Clear or Partly Cloudy,Dry,Daylight,Capitol Hill-Broadway,-122.3215293,47.62623631
-122.3127689,47.61489164,15TH AVE BETWEEN E MADISON ST AND E PINE ST,1,Property Damage Only Collision,Parked Car,2,2,0,0,0,3/25/04 16:45,Other,Unknown,Daylight,Capitol Hill-Broadway,-122.3215293,47.62623631
-122.3240241,47.62198951,BELMONT AVE E AND E HARRISON ST,1,Property Damage Only Collision,Parked Car,2,2,0,0,0,3/25/13 7:00,Unknown,Unknown,Unknown,Capitol Hill-Broadway,-122.3215293,47.62623631
-122.3156952,47.6236856,13TH AVE E BETWEEN E REPUBLICAN ST AND E MERCER ST,0,Unknown,,0,0,0,0,0,11/20/18,,,,Capitol Hill-Broadway,-122.3215293,47.62623631
-122.312733,47.6190908,15TH AVE E BETWEEN E DENNY WAY AND E JOHN SR ST,1,Property Damage Only Collision,Parked Car,2,2,0,0,0,8/13/04 20:00,Unknown,Unknown,Daylight,Capitol Hill-Broadway,-122.3215293,47.62623631
-122.3202093,47.63048977,10TH AVE E AND E HIGHLAND DR,1,Property Damage Only Collision,Angles,2,2,0,0,0,3/2/05,Raining,Wet,Daylight,Capitol Hill-Broadway,-122.3215293,47.62623631
-122.3207987,47.61523531,BROADWAY AND E PINE ST,2,Injury Collision,Pedestrian,2,1,1,0,0,12/16/18 20:38,Raining,Wet,Dark - Street Lights On,Capitol Hill-Broadway,-122.3215293,47.62623631
-122.3168635,47.61584669,12TH AVE BETWEEN E PINE ST AND E OLIVE ST,1,Property Damage Only Collision,Parked Car,2,2,0,0,0,3/24/05 11:20,Clear or Partly Cloudy,Dry,Daylight,Capitol Hill-Broadway,-122.3215293,47.62623631
-122.3253,47.62083366,SUMMIT AVE E AND E THOMAS ST,2,Injury Collision,Angles,4,2,2,0,0,11/30/18 21:03,Raining,Wet,Dark - Street Lights On,Capitol Hill-Broadway,-122.3215293,47.62623631
-122.3126271,47.62318292,15TH AVE E BETWEEN E REPUBLICAN S ST AND E REPUBLICAN N ST,0,Unknown,,0,0,0,0,0,11/23/18,,,,Capitol Hill-Broadway,-122.3215293,47.62623631
-122.3259519,47.62313595,E REPUBLICAN ST BETWEEN BELLEVUE AVE E AND SUMMIT AVE E,1,Property Damage Only Collision,Parked Car,3,2,0,0,0,4/2/13 10:21,Clear or Partly Cloudy,Dry,Daylight,Capitol Hill-Broadway,-122.3215293,47.62623631
-122.3202079,47.63138271,10TH AVE E BETWEEN E HIGHLAND DR AND E GALER ST,1,Property Damage Only Collision,Rear Ended,3,2,0,0,0,11/13/06 14:45,Clear or Partly Cloudy,Wet,Daylight,Capitol Hill-Broadway,-122.3215293,47.62623631
-122.3208989,47.62153197,BROADWAY E BETWEEN E THOMAS ST AND E HARRISON ST,1,Property Damage Only Collision,Rear Ended,2,2,0,0,0,5/7/19 13:42,Clear or Partly Cloudy,Dry,Daylight,Capitol Hill-Broadway,-122.3215293,47.62623631
-122.3181316,47.61351147,11TH AVE BETWEEN E UNION ST AND E PIKE ST,2,Injury Collision,Cycles,2,1,1,0,0,5/11/19 9:59,Clear or Partly Cloudy,Dry,Daylight,Capitol Hill-Broadway,-122.3215293,47.62623631
-122.3221868,47.61873337,HARVARD AVE AND E DENNY WAY,2,Injury Collision,Angles,2,2,1,0,0,3/29/13 16:34,Clear or Partly Cloudy,Dry,Daylight,Capitol Hill-Broadway,-122.3215293,47.62623631
-122.3146193,47.62527732,14TH AVE E AND E ROY ST,0,Unknown,,0,0,0,0,0,12/9/18,,,,Capitol Hill-Broadway,-122.3215293,47.62623631
-122.3157136,47.62253535,13TH AVE E BETWEEN E HARRISON ST AND E REPUBLICAN ST,1,Property Damage Only Collision,Parked Car,2,2,0,0,0,5/2/05,Clear or Partly Cloudy,Dry,Unknown,Capitol Hill-Broadway,-122.3215293,47.62623631
-122.312752,47.61763197,15TH AVE AND E HOWELL ST,1,Property Damage Only Collision,Angles,2,2,0,0,0,10/7/07,Raining,Wet,Daylight,Capitol Hill-Broadway,-122.3215293,47.62623631
-122.3252936,47.61965058,SUMMIT AVE E AND E JOHN ST,2,Injury Collision,Angles,4,2,1,0,0,12/13/18 22:52,Raining,Wet,Dark - Street Lights On,Capitol Hill-Broadway,-122.3215293,47.62623631
-122.3267959,47.61578,BELLEVUE AVE BETWEEN E PINE ST AND E OLIVE ST,2,Injury Collision,Rear Ended,6,4,2,0,0,3/30/13 2:15,Clear or Partly Cloudy,Dry,Dark - Street Lights On,Capitol Hill-Broadway,-122.3215293,47.62623631
-122.3247477,47.61968083,E JOHN ST BETWEEN SUMMIT AVE E AND E OLIVE WAY,1,Property Damage Only Collision,Parked Car,2,2,0,0,0,3/31/13 13:45,Clear or Partly Cloudy,Dry,Daylight,Capitol Hill-Broadway,-122.3215293,47.62623631
-122.3220075,47.62313275,HARVARD AVE E AND E REPUBLICAN ST,1,Property Damage Only Collision,Angles,2,2,0,0,0,9/10/05 13:41,Overcast,Wet,Daylight,Capitol Hill-Broadway,-122.3215293,47.62623631
-122.3208451,47.61815405,BROADWAY BETWEEN E HOWELL ST AND E DENNY WAY,1,Property Damage Only Collision,Rear Ended,2,2,0,0,0,5/12/19 1:38,Clear or Partly Cloudy,Dry,Dark - Street Lights On,Capitol Hill-Broadway,-122.3215293,47.62623631
-122.3174884,47.6140991,E PIKE ST BETWEEN 11TH AVE AND 12TH AVE,1,Property Damage Only Collision,Parked Car,4,2,0,0,0,12/2/18 20:56,Clear or Partly Cloudy,Dry,Dark - Street Lights On,Capitol Hill-Broadway,-122.3215293,47.62623631
-122.3181688,47.61583703,11TH AVE BETWEEN E PINE ST AND E OLIVE ST,1,Property Damage Only Collision,Parked Car,2,2,0,0,0,7/18/08 22:02,Clear or Partly Cloudy,Dry,Dark - Street Lights On,Capitol Hill-Broadway,-122.3215293,47.62623631
-122.3127715,47.61449899,15TH AVE AND E MADISON ST,2,Injury Collision,Rear Ended,4,2,3,0,0,3/14/06 18:50,Clear or Partly Cloudy,Dry,Dusk,Capitol Hill-Broadway,-122.3215293,47.62623631
-122.3181316,47.61351147,11TH AVE BETWEEN E UNION ST AND E PIKE ST,1,Property Damage Only Collision,Other,1,1,0,0,0,5/11/19 10:01,Clear or Partly Cloudy,Dry,Daylight,Capitol Hill-Broadway,-122.3215293,47.62623631
-122.324008,47.61907345,BELMONT AVE E BETWEEN E DENNY WAY AND E OLIVE WAY,1,Property Damage Only Collision,Parked Car,2,2,0,0,0,12/16/05 13:12,Clear or Partly Cloudy,Dry,Daylight,Capitol Hill-Broadway,-122.3215293,47.62623631
-122.3255215,47.61465226,SUMMIT AVE BETWEEN E PIKE ST AND E PINE ST,1,Property Damage Only Collision,Parked Car,2,2,0,0,0,3/24/13 2:30,Unknown,Unknown,Unknown,Capitol Hill-Broadway,-122.3215293,47.62623631
-122.3203184,47.63502705,E BLAINE ST BETWEEN DEAD END 1 AND 10TH AVE E,1,Property Damage Only Collision,Head On,3,2,0,0,0,1/2/08,Raining,Wet,Dark - Street Lights On,Capitol Hill-Broadway,-122.3215293,47.62623631
-122.3265919,47.6231342,BELLEVUE AVE E AND E REPUBLICAN ST,2,Injury Collision,Angles,2,2,1,0,0,3/27/13 18:13,Clear or Partly Cloudy,Dry,Daylight,Capitol Hill-Broadway,-122.3215293,47.62623631
-122.3145935,47.62688711,14TH AVE E AND E ALOHA ST,1,Property Damage Only Collision,Left Turn,2,2,0,0,0,4/12/09 18:00,Overcast,Dry,Daylight,Capitol Hill-Broadway,-122.3215293,47.62623631
-122.3142332,47.61470071,14TH AVE BETWEEN E PIKE ST AND E PINE ST,0,Unknown,,0,0,0,0,0,2/13/13,,,,Capitol Hill-Broadway,-122.3215293,47.62623631
-122.3195393,47.6199172,10TH AVE E AND E JOHN ST,1,Property Damage Only Collision,Angles,2,2,0,0,0,12/27/06 12:28,Overcast,Dry,Daylight,Capitol Hill-Broadway,-122.3215293,47.62623631
-122.312752,47.61763197,15TH AVE AND E HOWELL ST,1,Property Damage Only Collision,Angles,2,2,0,0,0,2/28/05 16:03,Clear or Partly Cloudy,Dry,Daylight,Capitol Hill-Broadway,-122.3215293,47.62623631
-122.3259457,47.62198429,E HARRISON ST BETWEEN BELLEVUE AVE E AND SUMMIT AVE E,0,Unknown,,0,0,0,0,0,11/19/18,,,,Capitol Hill-Broadway,-122.3215293,47.62623631
-122.3267875,47.61634184,BELLEVUE AVE AND E OLIVE ST,2,Injury Collision,Cycles,2,1,1,0,0,3/30/13 20:30,Clear or Partly Cloudy,Dry,Dusk,Capitol Hill-Broadway,-122.3215293,47.62623631
-122.3265886,47.62255701,BELLEVUE AVE E BETWEEN E HARRISON ST AND E REPUBLICAN ST,1,Property Damage Only Collision,Parked Car,2,2,0,0,0,3/23/13 18:35,Unknown,Unknown,Unknown,Capitol Hill-Broadway,-122.3215293,47.62623631
-122.3255288,47.61521875,SUMMIT AVE AND E PINE ST,2,Injury Collision,Angles,3,2,3,0,0,4/15/05 17:44,Raining,Wet,Daylight,Capitol Hill-Broadway,-122.3215293,47.62623631
-122.325633,47.61848878,E DENNY WAY AND E OLIVE WAY,1,Property Damage Only Collision,Rear Ended,2,2,0,0,0,7/21/16 16:22,Clear or Partly Cloudy,Dry,Daylight,Capitol Hill-Broadway,-122.3215293,47.62623631
-122.3268036,47.61670793,BELLEVUE AVE BETWEEN E OLIVE ST AND E OLIVE WAY,2,Injury Collision,Pedestrian,2,1,1,0,0,9/30/09 18:41,Clear or Partly Cloudy,Dry,Dusk,Capitol Hill-Broadway,-122.3215293,47.62623631
-122.3208079,47.61581795,BROADWAY BETWEEN E PINE ST AND XW E OLIVE ST,2,Injury Collision,Cycles,1,0,1,0,0,6/4/14 8:45,Clear or Partly Cloudy,Dry,Daylight,Capitol Hill-Broadway,-122.3215293,47.62623631
-122.3214679,47.62199103,E HARRISON ST BETWEEN HARVARD AVE E AND BROADWAY E,1,Property Damage Only Collision,Parked Car,2,2,0,0,0,12/28/08 17:50,Overcast,Wet,Dark - Street Lights On,Capitol Hill-Broadway,-122.3215293,47.62623631
-122.3242291,47.62843139,BELMONT PL E BETWEEN BELLEVUE PL E AND E PROSPECT ST,0,Unknown,,0,0,0,0,0,11/6/13,,,,Capitol Hill-Broadway,-122.3215293,47.62623631
-122.3278873,47.61617237,MELROSE AVE BETWEEN YALE AVE AND OLIVE WAY,1,Property Damage Only Collision,Other,1,1,0,0,0,10/10/16 12:50,Clear or Partly Cloudy,Dry,Daylight,Capitol Hill-Broadway,-122.3215293,47.62623631
-122.321468,47.6242699,E MERCER ST BETWEEN HARVARD AVE E AND BROADWAY E,2,Injury Collision,Rear Ended,0,2,1,0,0,4/28/16 14:55,Clear or Partly Cloudy,Dry,Daylight,Capitol Hill-Broadway,-122.3215293,47.62623631
-122.3298224,47.61445724,BOREN AVE AND PINE ST,1,Property Damage Only Collision,Sideswipe,2,2,0,0,0,4/13/12 17:30,Clear or Partly Cloudy,Dry,Daylight,Capitol Hill-Broadway,-122.3215293,47.62623631
-122.3193653,47.6242665,E MERCER ST BETWEEN 10TH AVE E AND FEDERAL AVE E,1,Property Damage Only Collision,Parked Car,2,2,0,0,0,5/15/09 21:54,Clear or Partly Cloudy,Dry,Dark - Street Lights On,Capitol Hill-Broadway,-122.3215293,47.62623631
-122.3135038,47.61996234,E JOHN ST AND E JOHN SR ST,1,Property Damage Only Collision,Angles,4,2,0,0,0,9/2/08,Clear or Partly Cloudy,Dry,Daylight,Capitol HILL-BROADWAY,-122.3215293,47.62623631
-122.3242571,47.61957466,E JOHN ST AND E OLIVE WAY,2,Injury Collision,Cycles,2,1,1,0,0,5/31/16 10:44,Clear or Partly Cloudy,Dry,Daylight,Capitol Hill-Broadway,-122.3215293,47.62623631
-122.3139567,47.61400479,E MADISON ST BETWEEN 14TH AVE AND E PIKE ST,1,Property Damage Only Collision,Rear Ended,3,2,0,0,0,11/15/14 16:20,Clear or Partly Cloudy,Dry,Daylight,Capitol Hill-Broadway,-122.3215293,47.62623631
-122.3136213,47.62367812,MALDEN AVE E BETWEEN E REPUBLICAN ST AND E MERCER ST,1,Property Damage Only Collision,Parked Car,2,2,0,0,0,9/11/09 3:00,Unknown,Unknown,Unknown,Capitol Hill-Broadway,-122.3215293,47.62623631
-122.3267464,47.61811629,BELLEVUE AVE BETWEEN E HOWELL ST AND E DENNY WAY,1,Property Damage Only Collision,Other,2,2,0,0,0,3/4/12 19:25,Overcast,Dry,Dark - Street Lights On,Capitol Hill-Broadway,-122.3215293,47.62623631
-122.3209367,47.62466033,BROADWAY E BETWEEN E MERCER ST AND E ROY E ST,2,Injury Collision,Rear Ended,3,2,1,0,0,9/3/08,Clear or Partly Cloudy,Dry,Daylight,Capitol HILL-BROADWAY,-122.3215293,47.62623631
-122.3175068,47.61525916,E PINE ST BETWEEN 11TH AVE AND 12TH AVE,1,Property Damage Only Collision,Parked Car,0,2,0,0,0,9/18/17 7:10,Raining,Wet,Daylight,Capitol Hill-Broadway,-122.3215293,47.62623631
-122.3265732,47.62604316,BELLEVUE AVE E BETWEEN E ROY ST AND BELLEVUE PL E,1,Property Damage Only Collision,Parked Car,2,2,0,0,0,1/31/07 19:00,Clear or Partly Cloudy,Dry,Dark - Street Lights On,Capitol Hill-Broadway,-122.3215293,47.62623631
-122.3278749,47.61707009,MELROSE AVE AND E OLIVE PL,2,Injury Collision,Cycles,2,1,1,0,0,12/2/10 8:28,Overcast,Dry,Daylight,Capitol Hill-Broadway,-122.3215293,47.62623631
-122.3294708,47.6132329,PIKE ST BETWEEN TERRY AVE AND BOREN AVE,2,Injury Collision,Rear Ended,2,2,1,0,0,9/18/07 17:10,Clear or Partly Cloudy,Dry,Daylight,Capitol Hill-Broadway,-122.3215293,47.62623631
-122.3175626,47.61876373,E DENNY WAY BETWEEN 11TH AVE AND 12TH AVE,1,Property Damage Only Collision,Parked Car,2,2,0,0,0,3/6/07,Clear or Partly Cloudy,Dry,Other,Capitol Hill-Broadway,-122.3215293,47.62623631
-122.3278548,47.61966064,MELROSE AVE E BETWEEN E DENNY WAY AND E THOMAS ST,0,Unknown,,2,0,0,0,0,3/2/17,,,,Capitol Hill-Broadway,-122.3215293,47.62623631
-122.3168635,47.61584669,12TH AVE BETWEEN E PINE ST AND E OLIVE ST,2,Injury Collision,Rear Ended,3,2,2,0,0,3/14/13 12:08,Overcast,Dry,Daylight,Capitol Hill-Broadway,-122.3215293,47.62623631
-122.3204094,47.61523807,E PINE ST BETWEEN BROADWAY AND NAGLE PL,1,Property Damage Only Collision,Cycles,2,1,0,0,0,2/20/16 22:37,Clear or Partly Cloudy,Dry,Dark - Street Lights Off,Capitol Hill-Broadway,-122.3215293,47.62623631
-122.3209367,47.62466033,BROADWAY E BETWEEN E MERCER ST AND E ROY E ST,1,Property Damage Only Collision,Sideswipe,2,2,0,0,0,5/5/15 19:16,Raining,Wet,Dusk,Capitol Hill-Broadway,-122.3215293,47.62623631
-122.3268124,47.61465177,BELLEVUE AVE BETWEEN E PIKE ST AND E PINE ST,1,Property Damage Only Collision,Parked Car,2,2,0,0,0,2/7/16 14:00,Unknown,Unknown,Daylight,Capitol Hill-Broadway,-122.3215293,47.62623631
-122.3202109,47.62958005,10TH AVE E BETWEEN E PROSPECT ST AND E HIGHLAND DR,1,Property Damage Only Collision,Parked Car,2,2,0,0,0,6/5/17 15:08,Unknown,Unknown,Unknown,Capitol Hill-Broadway,-122.3215293,47.62623631
-122.3169374,47.6205204,12TH AVE E BETWEEN E JOHN ST AND E THOMAS ST,1,Property Damage Only Collision,Angles,3,2,0,0,0,12/20/10 12:04,Raining,Wet,Daylight,Capitol Hill-Broadway,-122.3215293,47.62623631
-122.3181502,47.61467304,11TH AVE BETWEEN E PIKE ST AND E PINE ST,1,Property Damage Only Collision,Parked Car,2,2,0,0,0,1/31/04 16:00,Unknown,Unknown,Unknown,Capitol Hill-Broadway,-122.3215293,47.62623631
-122.3167547,47.62311418,12TH AVE E AND E REPUBLICAN ST,1,Property Damage Only Collision,Parked Car,2,2,0,0,0,7/16/18 15:17,Clear or Partly Cloudy,Dry,Daylight,Capitol Hill-Broadway,-122.3215293,47.62623631
-122.3139567,47.61400479,E MADISON ST BETWEEN 14TH AVE AND E PIKE ST,1,Property Damage Only Collision,Sideswipe,2,2,0,0,0,4/5/13 19:30,Raining,Wet,Dusk,Capitol Hill-Broadway,-122.3215293,47.62623631
-122.3181688,47.61583703,11TH AVE BETWEEN E PINE ST AND E OLIVE ST,1,Property Damage Only Collision,Other,2,2,0,0,0,1/14/04 17:30,Raining,Wet,Dark - Street Lights On,Capitol Hill-Broadway,-122.3215293,47.62623631
-122.3168821,47.61701503,12TH AVE BETWEEN E OLIVE ST AND E HOWELL ST,2,Injury Collision,Parked Car,2,2,1,0,0,5/1/04,Clear or Partly Cloudy,Dry,Daylight,Capitol Hill-Broadway,-122.3215293,47.62623631
-122.3221204,47.61464477,HARVARD AVE BETWEEN E PIKE ST AND E PINE ST,1,Property Damage Only Collision,Parked Car,2,2,0,0,0,2/1/04,Clear or Partly Cloudy,Dry,Daylight,Capitol HILL-BROADWAY,-122.3215293,47.62623631
-122.318868,47.61875416,E DENNY WAY BETWEEN 10TH AVE E AND 11TH AVE,1,Property Damage Only Collision,Parked Car,2,2,0,0,0,7/5/04,Unknown,Unknown,Unknown,Capitol Hill-Broadway,-122.3215293,47.62623631
-122.3181688,47.61583703,11TH AVE BETWEEN E PINE ST AND E OLIVE ST,1,Property Damage Only Collision,Parked Car,2,2,0,0,0,7/27/04 13:30,Clear or Partly Cloudy,Dry,Daylight,Capitol Hill-Broadway,-122.3215293,47.62623631
-122.3174884,47.6140991,E PIKE ST BETWEEN 11TH AVE AND 12TH AVE,1,Property Damage Only Collision,Other,3,2,0,0,0,4/13/13 3:06,Unknown,Unknown,Dark - Street Lights On,Capitol Hill-Broadway,-122.3215293,47.62623631
-122.3146063,47.62608594,14TH AVE E AND E VALLEY ST,1,Property Damage Only Collision,Angles,2,2,0,0,0,4/13/13 17:19,Sleet/Hail/Freezing Rain,Other,Daylight,Capitol Hill-Broadway,-122.3215293,47.62623631
-122.3125079,47.63148825,15TH AVE E BETWEEN E HIGHLAND DR AND E GALER ST,1,Property Damage Only Collision,Parked Car,2,2,0,0,0,4/27/04 14:00,Clear or Partly Cloudy,Dry,Daylight,Capitol Hill-Broadway,-122.3215293,47.62623631
-122.3252936,47.61965058,SUMMIT AVE E AND E JOHN ST,1,Property Damage Only Collision,Parked Car,2,2,0,0,0,4/1/13 12:00,Unknown,Unknown,Unknown,Capitol Hill-Broadway,-122.3215293,47.62623631
-122.3207987,47.61523531,BROADWAY AND E PINE ST,2,Injury Collision,Pedestrian,2,1,1,0,0,12/16/18 2:23,Raining,Wet,Dark - Street Lights On,Capitol Hill-Broadway,-122.3215293,47.62623631
-122.326579,47.6208305,BELLEVUE AVE E AND E THOMAS ST,2,Injury Collision,Angles,2,2,1,0,0,11/7/05,Overcast,Wet,Daylight,Capitol HILL-BROADWAY,-122.3215293,47.62623631
-122.3175626,47.61876373,E DENNY WAY BETWEEN 11TH AVE AND 12TH AVE,1,Property Damage Only Collision,Parked Car,2,2,0,0,0,1/30/08 14:00,Raining,Wet,Daylight,Capitol Hill-Broadway,-122.3215293,47.62623631
-122.3259444,47.61811143,E OLIVE WAY BETWEEN E HOWELL ST AND E DENNY WAY,0,Unknown,,2,0,0,0,0,9/9/16,,,,Capitol Hill-Broadway,-122.3215293,47.62623631
-122.3188145,47.61524975,E PINE ST BETWEEN 10TH AVE AND 11TH AVE,1,Property Damage Only Collision,Parked Car,2,2,0,0,0,11/22/16,Raining,Wet,Dark - Street Lights On,Capitol Hill-Broadway,-122.3215293,47.62623631
-122.3255142,47.61408851,SUMMIT AVE AND E PIKE ST,1,Property Damage Only Collision,Angles,2,2,0,0,0,4/1/16 22:23,Clear or Partly Cloudy,Dry,Dark - Street Lights On,Capitol Hill-Broadway,-122.3215293,47.62623631
-122.314261,47.61645088,14TH AVE AND E OLIVE ST,1,Property Damage Only Collision,Parked Car,2,2,0,0,0,4/1/16 9:53,Clear or Partly Cloudy,Dry,Daylight,Capitol Hill-Broadway,-122.3215293,47.62623631
-122.3202061,47.61991248,E JOHN ST BETWEEN BROADWAY E AND 10TH AVE E,1,Property Damage Only Collision,Sideswipe,2,2,0,0,0,7/6/12 16:17,Clear or Partly Cloudy,Dry,Daylight,Capitol Hill-Broadway,-122.3215293,47.62623631
-122.3221773,47.61814666,HARVARD AVE BETWEEN E HOWELL ST AND E DENNY WAY,1,Property Damage Only Collision,Parked Car,2,2,0,0,0,2/26/10 21:48,Raining,Wet,Unknown,Capitol Hill-Broadway,-122.3215293,47.62623631
-122.320216,47.62774924,10TH AVE E BETWEEN E ALOHA ST AND E PROSPECT ST,2,Injury Collision,Cycles,2,1,1,0,0,12/3/14 17:53,Clear or Partly Cloudy,Dry,Dark - Street Lights On,Capitol Hill-Broadway,-122.3215293,47.62623631
-122.3142332,47.61470071,14TH AVE BETWEEN E PIKE ST AND E PINE ST,0,Unknown,,0,0,0,0,0,5/19/11,,,,Capitol Hill-Broadway,-122.3215293,47.62623631
-122.3181502,47.61467304,11TH AVE BETWEEN E PIKE ST AND E PINE ST,0,Unknown,,0,0,0,0,0,1/14/16,,,,Capitol Hill-Broadway,-122.3215293,47.62623631
-122.3234085,47.61465058,BOYLSTON AVE BETWEEN E PIKE ST AND E PINE ST,1,Property Damage Only Collision,Parked Car,2,2,0,0,0,8/23/15 18:30,Clear or Partly Cloudy,Dry,Daylight,Capitol Hill-Broadway,-122.3215293,47.62623631
-122.3188866,47.61992219,E JOHN ST BETWEEN 10TH AVE E AND 11TH AVE E,1,Property Damage Only Collision,Parked Car,2,2,0,0,0,12/17/08 18:03,Overcast,Dry,Dark - Street Lights On,Capitol Hill-Broadway,-122.3215293,47.62623631
-122.3200982,47.63266446,10TH AVE E BETWEEN E GALER ST AND E GARFIELD ST,1,Property Damage Only Collision,Rear Ended,2,2,0,0,0,2/16/16 15:16,Clear or Partly Cloudy,Dry,Daylight,Capitol Hill-Broadway,-122.3215293,47.62623631
-122.3208989,47.62153197,BROADWAY E BETWEEN E THOMAS ST AND E HARRISON ST,1,Property Damage Only Collision,Other,1,1,0,0,0,8/18/14 12:08,Clear or Partly Cloudy,Dry,Daylight,Capitol Hill-Broadway,-122.3215293,47.62623631
-122.3225348,47.62313461,E REPUBLICAN ST BETWEEN BOYLSTON AVE E AND HARVARD AVE E,1,Property Damage Only Collision,Parked Car,2,2,0,0,0,9/25/10 13:15,Clear or Partly Cloudy,Dry,Daylight,Capitol Hill-Broadway,-122.3215293,47.62623631
-122.3268042,47.61521815,BELLEVUE AVE AND E PINE ST,1,Property Damage Only Collision,Left Turn,2,2,0,0,0,11/10/09 22:59,Raining,Wet,Dark - Street Lights On,Capitol Hill-Broadway,-122.3215293,47.62623631
-122.3214477,47.61407092,E PIKE ST BETWEEN HARVARD AVE AND BROADWAY,1,Property Damage Only Collision,Rear Ended,4,3,0,0,0,10/8/13 17:08,Overcast,Dry,Daylight,Capitol Hill-Broadway,-122.3215293,47.62623631
-122.3180435,47.62762594,11TH AVE E BETWEEN E ALOHA ST AND E PROSPECT ST,1,Property Damage Only Collision,Parked Car,2,2,0,0,0,8/1/15 14:00,Unknown,Unknown,Daylight,Capitol Hill-Broadway,-122.3215293,47.62623631
-122.3194347,47.61294002,10TH AVE AND E UNION ST,1,Property Damage Only Collision,Other,1,1,0,0,0,10/14/15 3:50,Clear or Partly Cloudy,Dry,Dark - Street Lights On,Capitol Hill-Broadway,-122.3215293,47.62623631
-122.3136036,47.62476006,MALDEN AVE E BETWEEN E MERCER ST AND E ROY ST,1,Property Damage Only Collision,Parked Car,2,2,0,0,0,8/21/08 0:01,Raining,Wet,Dark - Street Lights On,Capitol Hill-Broadway,-122.3215293,47.62623631
-122.3207804,47.61407567,BROADWAY AND E PIKE ST,2,Injury Collision,Left Turn,7,2,2,0,0,4/21/09 18:49,Clear or Partly Cloudy,Dry,Daylight,Capitol Hill-Broadway,-122.3215293,47.62623631
-122.3148975,47.61527742,E PINE ST BETWEEN 13TH AVE AND 14TH AVE,1,Property Damage Only Collision,Parked Car,2,2,0,0,0,1/6/11 12:58,Unknown,Unknown,Unknown,Capitol Hill-Broadway,-122.3215293,47.62623631
-122.318868,47.61875416,E DENNY WAY BETWEEN 10TH AVE E AND 11TH AVE,1,Property Damage Only Collision,Parked Car,2,2,0,0,0,10/6/13,Clear or Partly Cloudy,Dry,Dark - Street Lights On,Capitol Hill-Broadway,-122.3215293,47.62623631
-122.3273547,47.61686167,E OLIVE WAY BETWEEN MELROSE AVE AND BELLEVUE AVE,2,Injury Collision,Parked Car,2,2,1,0,0,7/11/15 2:09,Clear or Partly Cloudy,Dry,Dark - Street Lights On,Capitol Hill-Broadway,-122.3215293,47.62623631
-122.3252884,47.618896,SUMMIT AVE E AND E OLIVE WAY,2,Injury Collision,Left Turn,3,2,1,0,0,7/30/11 2:13,Clear or Partly Cloudy,Dry,Dark - Street Lights On,Capitol Hill-Broadway,-122.3215293,47.62623631
-122.3208358,47.61757129,BROADWAY AND E HOWELL ST,2,Injury Collision,Cycles,2,1,1,0,0,2/27/07 10:40,Clear or Partly Cloudy,Dry,Daylight,Capitol Hill-Broadway,-122.3215293,47.62623631
-122.3194655,47.61524514,10TH AVE AND E PINE ST,0,Unknown,,0,0,0,0,0,7/11/13,,,,Capitol Hill-Broadway,-122.3215293,47.62623631
-122.3162737,47.6199415,E JOHN ST BETWEEN 12TH AVE E AND 13TH AVE E,1,Property Damage Only Collision,Rear Ended,2,2,0,0,0,10/3/08,Raining,Wet,Daylight,Capitol Hill-Broadway,-122.3215293,47.62623631
-122.3175832,47.61993193,E JOHN ST BETWEEN 11TH AVE E AND 12TH AVE E,1,Property Damage Only Collision,Rear Ended,3,2,0,0,0,4/22/16 16:55,Overcast,Dry,Daylight,Capitol Hill-Broadway,-122.3215293,47.62623631
-122.3278873,47.61617237,MELROSE AVE BETWEEN YALE AVE AND OLIVE WAY,1,Property Damage Only Collision,Angles,2,2,0,0,0,9/11/16 16:26,Clear or Partly Cloudy,Dry,Daylight,Capitol Hill-Broadway,-122.3215293,47.62623631
-122.3151227,47.62842113,E PROSPECT ST BETWEEN 13TH AVE E AND 14TH AVE E,1,Property Damage Only Collision,Sideswipe,4,2,0,0,0,4/27/04 15:45,Raining,Wet,Daylight,Capitol Hill-Broadway,-122.3215293,47.62623631
-122.3194561,47.61466378,10TH AVE BETWEEN E PIKE ST AND E PINE ST,1,Property Damage Only Collision,Parked Car,2,2,0,0,0,7/31/04 4:00,Clear or Partly Cloudy,Dry,Dark - Street Lights On,Capitol Hill-Broadway,-122.3215293,47.62623631
-122.3247477,47.61968083,E JOHN ST BETWEEN SUMMIT AVE E AND E OLIVE WAY,1,Property Damage Only Collision,Parked Car,2,2,0,0,0,4/23/04 10:00,Raining,Wet,Daylight,Capitol Hill-Broadway,-122.3215293,47.62623631