X,Y,LOCATION,SEVERITYCODE,SEVERITYDESC,COLLISIONTYPE,PERSONCOUNT,VEHCOUNT,INJURIES,SERIOUSINJURIES,FATALITIES,INCDTTM,WEATHER,ROADCOND,LIGHTCOND,NEIGHBORHOOD,NX,NY
-122.3207987,47.61523531,BROADWAY AND E PINE ST,1,Property Damage Only Collision,Pedestrian,2,1,0,0,0,3/26/04 23:30,Raining,Wet,Dark - Street Lights On,Capitol Hill-Broadway,-122.3215293,47.62623631
-122.3235357,47.62092486,E THOMAS ST BETWEEN BELMONT AVE E AND BOYLSTON AVE E,1,Property Damage Only Collision,,3,0,0,0,0,2/5/19,,,,Capitol Hill-Broadway,-122.3215293,47.62623631
-122.3143166,47.61995563,14TH AVE E AND E JOHN ST,1,Property Damage Only Collision,Angles,2,2,0,0,0,2/26/04 15:30,Raining,Wet,Daylight,Capitol Hill-Broadway,-122.3215293,47.62623631
-122.3139122,47.61995897,E JOHN ST BETWEEN 14TH AVE E AND E JOHN SR ST,0,Unknown,,0,0,0,0,0,12/31/04,,,,Capitol Hill-Broadway,-122.3215293,47.62623631
-122.3167846,47.6134965,12TH AVE BETWEEN E MADISON ST AND E PIKE ST,2,Injury Collision,Cycles,2,1,1,0,0,9/18/18 10:09,Overcast,Dry,Daylight,Capitol Hill-Broadway,-122.3215293,47.62623631
-122.3177869,47.62426392,11TH AVE E AND E MERCER ST,1,Property Damage Only Collision,Left Turn,3,2,0,0,0,9/11/04 12:53,Clear or Partly Cloudy,Dry,Daylight,Capitol Hill-Broadway,-122.3215293,47.62623631
-122.3252867,47.61811316,SUMMIT AVE BETWEEN E HOWELL E ST AND E DENNY WAY,0,Unknown,,0,0,0,0,0,12/21/04,,,,Capitol Hill-Broadway,-122.3215293,47.62623631
-122.3208451,47.61815405,BROADWAY BETWEEN E HOWELL ST AND E DENNY WAY,0,Unknown,,0,0,0,0,0,12/10/04,,,,Capitol Hill-Broadway,-122.3215293,47.62623631
-122.3126421,47.62208838,15TH AVE E AND E HARRISON N ST,2b,Serious Injury Collision,,2,0,1,0,0,4/10/13,,,,Capitol Hill-Broadway,-122.3215293,47.62623631
-122.3230671,47.62256802,BOYLSTON AVE E BETWEEN E HARRISON ST AND E REPUBLICAN ST,0,Unknown,,0,0,0,0,0,3/8/19,,,,Capitol Hill-Broadway,-122.3215293,47.62623631
-122.318141,47.61409443,11TH AVE AND E PIKE ST,1,Property Damage Only Collision,Rear Ended,2,2,0,0,0,7/9/04,Overcast,Wet,Daylight,Capitol Hill-Broadway,-122.3215293,47.62623631
-122.3151627,47.6242597,E MERCER ST BETWEEN 13TH AVE E AND 14TH AVE E,1,Property Damage Only Collision,Left Turn,2,2,0,0,0,2/2/18 7:33,Raining,Wet,Dawn,Capitol Hill-Broadway,-122.3215293,47.62623631
-122.3234155,47.61523114,BOYLSTON AVE AND E PINE ST,2,Injury Collision,Pedestrian,3,1,2,0,0,3/17/04 14:46,Clear or Partly Cloudy,Dry,Daylight,Capitol Hill-Broadway,-122.3215293,47.62623631
-122.320223,47.62614457,10TH AVE E BETWEEN E ROY W ST AND E ALOHA ST,1,Property Damage Only Collision,Parked Car,2,2,0,0,0,7/9/04,Clear or Partly Cloudy,Dry,Daylight,Capitol Hill-Broadway,-122.3215293,47.62623631
-122.3209367,47.62466033,BROADWAY E BETWEEN E MERCER ST AND E ROY E ST,2,Injury Collision,Sideswipe,6,3,1,0,0,5/31/19 21:10,Clear or Partly Cloudy,Dry,Dusk,Capitol Hill-Broadway,-122.3215293,47.62623631
-122.3135038,47.61996234,E JOHN ST AND E JOHN SR ST,1,Property Damage Only Collision,Other,2,2,0,0,0,8/19/04 8:20,Clear or Partly Cloudy,Dry,Daylight,Capitol Hill-Broadway,-122.3215293,47.62623631
-122.3146447,47.62368292,14TH AVE E BETWEEN E REPUBLICAN ST AND E MERCER ST,1,Property Damage Only Collision,Parked Car,2,2,0,0,0,9/3/04,Clear or Partly Cloudy,Dry,Daylight,Capitol Hill-Broadway,-122.3215293,47.62623631
-122.3272918,47.6184947,E DENNY WAY BETWEEN MELROSE AVE AND BELLEVUE AVE,2,Injury Collision,Rear Ended,3,2,1,0,0,4/12/13 20:23,Raining,Wet,Dark - Street Lights On,Capitol Hill-Broadway,-122.3215293,47.62623631
-122.322809,47.61755853,E HOWELL ST BETWEEN BOYLSTON S AVE AND HARVARD AVE,1,Property Damage Only Collision,Parked Car,2,2,0,0,0,4/1/13 19:45,Clear or Partly Cloudy,Dry,Unknown,Capitol Hill-Broadway,-122.3215293,47.62623631
-122.3126443,47.6219465,15TH AVE E AND E HARRISON S ST,1,Property Damage Only Collision,Left Turn,6,2,0,0,0,4/7/13 12:57,Raining,Wet,Daylight,Capitol Hill-Broadway,-122.3215293,47.62623631
-122.3294708,47.6132329,PIKE ST BETWEEN TERRY AVE AND BOREN AVE,1,Property Damage Only Collision,Parked Car,2,2,0,0,0,6/21/04 22:16,Clear or Partly Cloudy,Dry,Dark - Street Lights On,Capitol Hill-Broadway,-122.3215293,47.62623631
-122.3127662,47.61528704,15TH AVE AND E PINE ST,0,Unknown,,0,0,0,0,0,11/24/04,,,,Capitol Hill-Broadway,-122.3215293,47.62623631
-122.3148975,47.61527742,E PINE ST BETWEEN 13TH AVE AND 14TH AVE,2,Injury Collision,Rear Ended,2,2,1,0,0,3/20/18 14:58,Clear or Partly Cloudy,Dry,Daylight,Capitol Hill-Broadway,-122.3215293,47.62623631
-122.3238142,47.62511806,E ROY ST BETWEEN BELMONT AVE E AND BOYLSTON W AVE E,1,Property Damage Only Collision,Other,1,1,0,0,0,12/18/04 2:03,Clear or Partly Cloudy,Wet,Dark - Street Lights On,Capitol Hill-Broadway,-122.3215293,47.62623631
-122.3209333,47.62369898,BROADWAY E BETWEEN E REPUBLICAN ST AND E MERCER ST,1,Property Damage Only Collision,Parked Car,2,2,0,0,0,5/26/04 16:00,Raining,Wet,Daylight,Capitol Hill-Broadway,-122.3215293,47.62623631
-122.3259457,47.62198429,E HARRISON ST BETWEEN BELLEVUE AVE E AND SUMMIT AVE E,1,Property Damage Only Collision,Parked Car,2,2,0,0,0,4/12/13 9:30,Clear or Partly Cloudy,Dry,Daylight,Capitol Hill-Broadway,-122.3215293,47.62623631
-122.3157228,47.62196013,13TH AVE E AND E HARRISON ST,1,Property Damage Only Collision,Angles,2,2,0,0,0,11/22/04 12:51,Clear or Partly Cloudy,Dry,Daylight,Capitol Hill-Broadway,-122.3215293,47.62623631
-122.3220166,47.62256199,HARVARD AVE E BETWEEN E HARRISON ST AND E REPUBLICAN ST,1,Property Damage Only Collision,Rear Ended,2,2,0,0,0,3/22/04 18:00,Unknown,Unknown,Unknown,Capitol Hill-Broadway,-122.3215293,47.62623631
-122.3205597,47.62525509,E ROY ST BETWEEN BROADWAY E  E AND 10TH W AVE E,1,Property Damage Only Collision,Angles,2,2,0,0,0,4/4/13 21:49,Raining,Wet,Dark - Street Lights On,Capitol Hill-Broadway,-122.3215293,47.62623631
-122.3209062,47.62198807,BROADWAY E AND E HARRISON ST,2,Injury Collision,Rear Ended,4,3,2,0,0,10/14/04 22:28,Clear or Partly Cloudy,Dry,Dark - Street Lights On,Capitol Hill-Broadway,-122.3215293,47.62623631
-122.3145812,47.62765658,14TH AVE E AND E WARD ST,1,Property Damage Only Collision,Angles,2,2,0,0,0,8/8/04,Clear or Partly Cloudy,Dry,Daylight,Capitol Hill-Broadway,-122.3215293,47.62623631
-122.3208079,47.61581795,BROADWAY BETWEEN E PINE ST AND XW E OLIVE ST,1,Property Damage Only Collision,Parked Car,2,2,0,0,0,2/24/04 12:50,Overcast,Wet,Daylight,Capitol Hill-Broadway,-122.3215293,47.62623631
-122.3247477,47.61968083,E JOHN ST BETWEEN SUMMIT AVE E AND E OLIVE WAY,1,Property Damage Only Collision,Parked Car,2,2,0,0,0,4/10/13 7:35,Raining,Wet,Daylight,Capitol Hill-Broadway,-122.3215293,47.62623631
-122.3268124,47.61465177,BELLEVUE AVE BETWEEN E PIKE ST AND E PINE ST,1,Property Damage Only Collision,Parked Car,2,2,0,0,0,4/13/04 23:30,Other,Unknown,Dark - Street Lights On,Capitol Hill-Broadway,-122.3215293,47.62623631
-122.315619,47.6199463,13TH AVE E AND E JOHN ST,2,Injury Collision,Angles,2,2,1,0,0,9/10/18 8:53,Overcast,Dry,Daylight,Capitol Hill-Broadway,-122.3215293,47.62623631
-122.3250007,47.61522188,E PINE ST BETWEEN SUMMIT AVE AND BELMONT AVE,2b,Serious Injury Collision,Pedestrian,2,1,1,1,0,5/13/04 15:00,Clear or Partly Cloudy,Dry,Daylight,Capitol Hill-Broadway,-122.3215293,47.62623631
-122.3221299,47.61522608,HARVARD AVE AND E PINE ST,1,Property Damage Only Collision,Left Turn,2,2,0,0,0,2/26/04 21:15,Raining,Wet,Dark - Street Lights On,Capitol Hill-Broadway,-122.3215293,47.62623631
-122.3156117,47.61936083,13TH AVE E BETWEEN E DENNY WAY AND E JOHN ST,1,Property Damage Only Collision,Parked Car,2,2,0,0,0,3/28/04 22:00,Clear or Partly Cloudy,Dry,Dark - Street Lights On,Capitol Hill-Broadway,-122.3215293,47.62623631
-122.3169283,47.61993671,12TH AVE E AND E JOHN ST,1,Property Damage Only Collision,Angles,2,2,0,0,0,1/14/04 18:16,Raining,Wet,Dark - Street Lights On,Capitol Hill-Broadway,-122.3215293,47.62623631
-122.3167547,47.62311418,12TH AVE E AND E REPUBLICAN ST,1,Property Damage Only Collision,Angles,2,2,0,0,0,4/20/04 17:48,Clear or Partly Cloudy,Dry,Daylight,Capitol Hill-Broadway,-122.3215293,47.62623631
-122.3227747,47.61522862,E PINE ST BETWEEN BOYLSTON AVE AND HARVARD AVE,1,Property Damage Only Collision,Parked Car,2,2,0,0,0,1/2/04,Unknown,Unknown,Unknown,Capitol HILL-BROADWAY,-122.3215293,47.62623631
-122.3264864,47.61633966,E OLIVE ST BETWEEN BELLEVUE AVE AND CRAWFORD PL,1,Property Damage Only Collision,Parked Car,2,2,0,0,0,2/29/04 9:36,Clear or Partly Cloudy,Dry,Dark - Street Lights On,Capitol Hill-Broadway,-122.3215293,47.62623631
-122.327864,47.61778205,MELROSE AVE BETWEEN E OLIVE PL AND E DENNY WAY,0,Unknown,,0,0,0,0,0,12/20/04,,,,Capitol Hill-Broadway,-122.3215293,47.62623631
-122.325777,47.62695236,BELMONT AVE E BETWEEN SUMMIT N AVE E AND BELLEVUE PL E,1,Property Damage Only Collision,Parked Car,2,2,0,0,0,11/28/04 0:47,Clear or Partly Cloudy,Dry,Dark - Street Lights On,Capitol Hill-Broadway,-122.3215293,47.62623631
-122.3172981,47.62196863,E HARRISON ST BETWEEN 11TH AVE E AND 12TH AVE E,0,Unknown,,0,0,0,0,0,4/1/04,,,,Capitol Hill-Broadway,-122.3215293,47.62623631
-122.3199155,47.62255409,10TH AVE E BETWEEN E HARRISON ST AND E REPUBLICAN ST,0,Unknown,,0,0,0,0,0,3/25/04,,,,Capitol Hill-Broadway,-122.3215293,47.62623631
-122.3146792,47.62153597,14TH AVE E BETWEEN E THOMAS W ST AND E HARRISON ST,0,Unknown,,0,0,0,0,0,12/19/04,,,,Capitol Hill-Broadway,-122.3215293,47.62623631
-122.3208989,47.62153197,BROADWAY E BETWEEN E THOMAS ST AND E HARRISON ST,2,Injury Collision,Rear Ended,7,3,1,0,0,3/8/04,Clear or Partly Cloudy,Dry,Daylight,Capitol HILL-BROADWAY,-122.3215293,47.62623631
-122.324034,47.62371704,BELMONT AVE E BETWEEN E REPUBLICAN ST AND E MERCER ST,1,Property Damage Only Collision,Parked Car,5,5,0,0,0,9/18/04 22:22,Raining,Wet,Dark - Street Lights On,Capitol Hill-Broadway,-122.3215293,47.62623631
-122.3293674,47.6139617,BOREN AVE BETWEEN PIKE ST AND PINE ST,2,Injury Collision,Rear Ended,3,3,1,0,0,12/21/04 15:15,Unknown,Dry,Daylight,Capitol Hill-Broadway,-122.3215293,47.62623631
-122.3146447,47.62368292,14TH AVE E BETWEEN E REPUBLICAN ST AND E MERCER ST,1,Property Damage Only Collision,Parked Car,2,2,0,0,0,5/23/04 17:29,Clear or Partly Cloudy,Dry,Daylight,Capitol Hill-Broadway,-122.3215293,47.62623631
-122.3182062,47.61817357,11TH AVE BETWEEN E HOWELL ST AND E DENNY WAY,1,Property Damage Only Collision,Parked Car,2,2,0,0,0,6/29/04 7:30,Clear or Partly Cloudy,Dry,Dark - Street Lights On,Capitol Hill-Broadway,-122.3215293,47.62623631
-122.313234,47.6143061,E MADISON ST BETWEEN E PIKE ST AND 15TH AVE,1,Property Damage Only Collision,Sideswipe,2,2,0,0,0,10/5/04,Overcast,Dry,Daylight,Capitol Hill-Broadway,-122.3215293,47.62623631
-122.312733,47.6190908,15TH AVE E BETWEEN E DENNY WAY AND E JOHN SR ST,2,Injury Collision,Cycles,2,1,1,0,0,9/28/04 9:01,Overcast,Dry,Daylight,Capitol Hill-Broadway,-122.3215293,47.62623631
-122.3208823,47.62049044,BROADWAY E BETWEEN E OLIVE WAY AND E THOMAS ST,1,Property Damage Only Collision,Parked Car,2,2,0,0,0,10/2/04,Clear or Partly Cloudy,Dry,Daylight,Capitol HILL-BROADWAY,-122.3215293,47.62623631
-122.3207987,47.61523531,BROADWAY AND E PINE ST,2,Injury Collision,Pedestrian,2,1,1,0,0,10/7/04,Clear or Partly Cloudy,Dry,Daylight,Capitol HILL-BROADWAY,-122.3215293,47.62623631
-122.3214679,47.62199103,E HARRISON ST BETWEEN HARVARD AVE E AND BROADWAY E,1,Property Damage Only Collision,Parked Car,2,2,0,0,0,10/31/04 11:59,Overcast,Dry,Dark - No Street Lights,Capitol Hill-Broadway,-122.3215293,47.62623631
-122.3278749,47.61707009,MELROSE AVE AND E OLIVE PL,2,Injury Collision,Angles,2,2,1,0,0,5/21/04 15:46,Overcast,Dry,Daylight,Capitol Hill-Broadway,-122.3215293,47.62623631
-122.3168635,47.61584669,12TH AVE BETWEEN E PINE ST AND E OLIVE ST,2,Injury Collision,Other,2,2,2,0,0,6/8/04,Clear or Partly Cloudy,Dry,Daylight,Capitol Hill-Broadway,-122.3215293,47.62623631
-122.3182339,47.61992718,11TH AVE E AND E JOHN ST,1,Property Damage Only Collision,Angles,2,2,0,0,0,9/8/04,Clear or Partly Cloudy,Dry,Daylight,Capitol Hill-Broadway,-122.3215293,47.62623631
-122.313234,47.6143061,E MADISON ST BETWEEN E PIKE ST AND 15TH AVE,1,Property Damage Only Collision,Sideswipe,2,2,0,0,0,11/20/04 19:30,Clear or Partly Cloudy,Dry,Dark - Street Lights On,Capitol Hill-Broadway,-122.3215293,47.62623631
-122.3253222,47.6251184,SUMMIT AVE E AND E ROY ST,1,Property Damage Only Collision,Angles,4,2,0,0,0,8/21/04 16:15,Raining,Wet,Daylight,Capitol Hill-Broadway,-122.3215293,47.62623631
-122.3234266,47.61579597,BOYLSTON AVE BETWEEN E PINE ST AND E OLIVE ST,1,Property Damage Only Collision,Other,2,2,0,0,0,4/29/04 22:00,Clear or Partly Cloudy,Dry,Dusk,Capitol Hill-Broadway,-122.3215293,47.62623631
-122.3204154,47.62312721,E REPUBLICAN ST BETWEEN BROADWAY E AND 10TH AVE E,1,Property Damage Only Collision,Parked Car,2,2,0,0,0,9/13/04 17:00,Clear or Partly Cloudy,Dry,Daylight,Capitol Hill-Broadway,-122.3215293,47.62623631
-122.3181502,47.61467304,11TH AVE BETWEEN E PIKE ST AND E PINE ST,0,Unknown,,0,0,0,0,0,12/19/04,,,,Capitol Hill-Broadway,-122.3215293,47.62623631
-122.3036349,47.61931523,22ND AVE E BETWEEN E MADISON ST AND E JOHN ST,1,Property Damage Only Collision,Parked Car,2,2,0,0,0,3/4/05,Unknown,Unknown,Unknown,Capitol Hill-Stevens,-122.3035572,47.62683475
-122.312048,47.62050127,E THOMAS ST BETWEEN 15TH S AVE E AND 16TH AVE E,0,Unknown,,0,0,0,0,0,9/1/06,,,,Capitol Hill-Stevens,-122.3035572,47.62683475
-122.3018107,47.62018649,E JOHN ST BETWEEN 23RD AVE E AND 24TH AVE E,1,Property Damage Only Collision,Other,2,2,0,0,0,11/11/05 9:07,Raining,Wet,Daylight,Capitol Hill-Stevens,-122.3035572,47.62683475
-122.3024569,47.62291564,23RD AVE E BETWEEN E HARRISON ST AND E REPUBLICAN ST,1,Property Damage Only Collision,Other,1,1,0,0,0,3/27/13 14:49,Unknown,Dry,Daylight,Capitol Hill-Stevens,-122.3035572,47.62683475
-122.3101392,47.61761121,17TH AVE AND E HOWELL ST,1,Property Damage Only Collision,Angles,2,2,0,0,0,3/28/13 5:57,Raining,Wet,Dark - Street Lights On,Capitol Hill-Stevens,-122.3035572,47.62683475
-122.312048,47.62050127,E THOMAS ST BETWEEN 15TH S AVE E AND 16TH AVE E,1,Property Damage Only Collision,Rear Ended,3,2,0,0,0,4/1/06,Raining,Wet,Dark - Street Lights On,Capitol Hill-Stevens,-122.3035572,47.62683475
-122.3081097,47.61850757,E DENNY WAY BETWEEN 18TH AVE AND 19TH AVE,1,Property Damage Only Collision,Parked Car,2,2,0,0,0,1/14/04 13:13,Raining,Wet,Daylight,Capitol Hill-Stevens,-122.3035572,47.62683475
-122.3125638,47.62725804,15TH AVE E BETWEEN E ALOHA ST AND E WARD ST,1,Property Damage Only Collision,Parked Car,4,4,0,0,0,12/14/18 2:00,Overcast,Dry,Dark - Street Lights On,Capitol Hill-Stevens,-122.3035572,47.62683475
-122.310151,47.61601517,17TH AVE BETWEEN E MADISON ST AND E OLIVE ST,1,Property Damage Only Collision,Parked Car,2,2,0,0,0,4/2/13 19:32,Clear or Partly Cloudy,Dry,Dark - Street Lights On,Capitol Hill-Stevens,-122.3035572,47.62683475
-122.3100617,47.62049538,17TH AVE E AND E THOMAS ST,0,Unknown,,0,0,0,0,0,2/8/10,,,,Capitol Hill-Stevens,-122.3035572,47.62683475
-122.29244,47.6260178,LAKE WASHINGTON BLVD E AND E MADISON ST,1,Property Damage Only Collision,Rear Ended,2,2,0,0,0,7/17/06 8:43,Overcast,Dry,Daylight,Capitol Hill-Stevens,-122.3035572,47.62683475
-122.3079826,47.62442258,E MERCER ST BETWEEN 18TH AVE E AND 19TH AVE E,1,Property Damage Only Collision,Parked Car,2,2,0,0,0,11/19/09 14:45,Raining,Wet,Daylight,Capitol Hill-Stevens,-122.3035572,47.62683475
-122.312048,47.62050127,E THOMAS ST BETWEEN 15TH S AVE E AND 16TH AVE E,1,Property Damage Only Collision,Parked Car,2,2,0,0,0,10/20/08 14:00,Raining,Wet,Daylight,Capitol Hill-Stevens,-122.3035572,47.62683475
-122.303903,47.61824961,E MADISON ST BETWEEN E DENNY WAY AND 22ND AVE E,2,Injury Collision,Sideswipe,2,2,1,0,0,2/9/15 12:56,Raining,Wet,Daylight,Capitol Hill-Stevens,-122.3035572,47.62683475
-122.3024125,47.62557125,23RD AVE E BETWEEN E ROY ST AND E VALLEY ST,1,Property Damage Only Collision,Rear Ended,3,2,0,0,0,11/3/17 14:58,Overcast,Wet,Daylight,Capitol Hill-Stevens,-122.3035572,47.62683475
-122.3023936,47.62635239,23RD AVE E BETWEEN E VALLEY ST AND E ALOHA ST,2,Injury Collision,Rear Ended,4,3,1,0,0,3/25/06 22:22,Overcast,Wet,Dark - Street Lights On,Capitol Hill-Stevens,-122.3035572,47.62683475
-122.3128264,47.63434494,15TH AVE E BETWEEN E GARFIELD ST AND E OLIN S PL,2,Injury Collision,Left Turn,2,2,1,0,0,11/6/15 8:22,Raining,Wet,Daylight,Capitol Hill-Stevens,-122.3035572,47.62683475
-122.2929898,47.62719136,LAKE WASHINGTON BLVD E BETWEEN E MADISON ST AND ARBORETUM DR E,2b,Serious Injury Collision,Cycles,5,1,1,1,0,8/5/12 17:33,Clear or Partly Cloudy,Dry,Daylight,Capitol Hill-Stevens,-122.3035572,47.62683475
-122.3066987,47.62048527,E THOMAS ST BETWEEN 19TH AVE E AND 20TH AVE E,2,Injury Collision,Pedestrian,2,1,1,0,0,5/28/04 22:09,Clear or Partly Cloudy,Wet,Dark - Street Lights On,Capitol Hill-Stevens,-122.3035572,47.62683475
-122.3060561,47.61994373,20TH AVE E BETWEEN E JOHN S ST AND E JOHN SR ST,1,Property Damage Only Collision,Parked Car,2,2,0,0,0,8/10/04 18:30,Clear or Partly Cloudy,Dry,Daylight,Capitol Hill-Stevens,-122.3035572,47.62683475
-122.3023818,47.62675926,23RD AVE E AND E ALOHA ST,2,Injury Collision,Other,2,2,1,0,0,1/30/11 1:48,Raining,Wet,Dark - Street Lights On,Capitol Hill-Stevens,-122.3035572,47.62683475
-122.3053948,47.62866001,E PROSPECT ST BETWEEN 20TH AVE E AND 21ST AVE E,1,Property Damage Only Collision,Parked Car,2,2,0,0,0,5/28/13 12:09,Overcast,Dry,Daylight,Capitol Hill-Stevens,-122.3035572,47.62683475
-122.3121155,47.61477177,E MADISON ST BETWEEN 15TH AVE AND 16TH AVE,1,Property Damage Only Collision,Rear Ended,2,2,0,0,0,3/30/09 15:59,Clear or Partly Cloudy,Dry,Daylight,Capitol Hill-Stevens,-122.3035572,47.62683475
-122.3011726,47.62231246,24TH AVE E BETWEEN E THOMAS ST AND E HARRISON ST,1,Property Damage Only Collision,Parked Car,2,2,0,0,0,2/27/08 7:30,Overcast,Dry,Daylight,Capitol Hill-Stevens,-122.3035572,47.62683475
-122.3127189,47.6199673,15TH AVE E AND E JOHN ST,2,Injury Collision,Pedestrian,2,1,1,0,0,2/1/17 11:41,Clear or Partly Cloudy,Dry,Daylight,Capitol Hill-Stevens,-122.3035572,47.62683475
-122.3107376,47.61967467,E JOHN ST BETWEEN 16TH AVE E AND 17TH AVE E,1,Property Damage Only Collision,Rear Ended,2,2,0,0,0,1/8/08,Overcast,Wet,Daylight,Capitol Hill-Stevens,-122.3035572,47.62683475
-122.3127189,47.6199673,15TH AVE E AND E JOHN ST,2,Injury Collision,Pedestrian,2,1,1,0,0,2/16/07 10:00,Clear or Partly Cloudy,Dry,Daylight,Capitol Hill-Stevens,-122.3035572,47.62683475
-122.3118794,47.63063967,E HIGHLAND DR BETWEEN 15TH AVE E AND 16TH AVE E,1,Property Damage Only Collision,Parked Car,2,2,0,0,0,9/6/15 2:15,Unknown,Unknown,Unknown,Capitol Hill-Stevens,-122.3035572,47.62683475
-122.3088389,47.6170217,18TH AVE BETWEEN E OLIVE ST AND E HOWELL ST,1,Property Damage Only Collision,Parked Car,2,2,0,0,0,12/19/07 19:30,Unknown,Unknown,Dark - Street Lights On,Capitol Hill-Stevens,-122.3035572,47.62683475
-122.2929898,47.62719136,LAKE WASHINGTON BLVD E BETWEEN E MADISON ST AND ARBORETUM DR E,1,Property Damage Only Collision,Parked Car,2,2,0,0,0,5/10/13 8:30,Clear or Partly Cloudy,Dry,Daylight,Capitol Hill-Stevens,-122.3035572,47.62683475
-122.3046603,47.62481033,21ST AVE E BETWEEN E MERCER ST AND E ROY ST,1,Property Damage Only Collision,Parked Car,2,2,0,0,0,1/25/04 6:00,Other,Unknown,Unknown,Capitol Hill-Stevens,-122.3035572,47.62683475
-122.3072952,47.62381477,19TH AVE E BETWEEN E REPUBLICAN ST AND E MERCER ST,1,Property Damage Only Collision,Parked Car,2,2,0,0,0,7/16/04 10:08,Clear or Partly Cloudy,Dry,Daylight,Capitol Hill-Stevens,-122.3035572,47.62683475
-122.3127189,47.6199673,15TH AVE E AND E JOHN ST,1,Property Damage Only Collision,Other,1,1,0,0,0,4/9/13 2:08,Clear or Partly Cloudy,Dry,Dark - Street Lights On,Capitol Hill-Stevens,-122.3035572,47.62683475
-122.3022785,47.63302962,E CRESCENT DR BETWEEN 22ND AVE E AND E GALER E ST,1,Property Damage Only Collision,Parked Car,2,2,0,0,0,10/22/04 15:40,Raining,Wet,Daylight,Capitol Hill-Stevens,-122.3035572,47.62683475
-122.3114204,47.61909533,16TH AVE E BETWEEN E DENNY WAY AND E JOHN ST,1,Property Damage Only Collision,Parked Car,2,2,0,0,0,4/8/13 12:43,Overcast,Dry,Daylight,Capitol Hill-Stevens,-122.3035572,47.62683475
-122.3121155,47.61477177,E MADISON ST BETWEEN 15TH AVE AND 16TH AVE,0,Unknown,,0,0,0,0,0,8/2/04,,,,Capitol Hill-Stevens,-122.3035572,47.62683475
-122.3041816,47.62021592,E JOHN ST BETWEEN 21ST AVE E AND 22ND AVE E,0,Unknown,,0,0,0,0,0,9/8/04,,,,Capitol Hill-Stevens,-122.3035572,47.62683475
-122.312114,47.61528236,E PINE ST BETWEEN 15TH AVE AND 16TH AVE,1,Property Damage Only Collision,Rear Ended,3,2,0,0,0,4/20/04 12:03,Clear or Partly Cloudy,Dry,Daylight,Capitol Hill-Stevens,-122.3035572,47.62683475
-122.3126016,47.62444521,15TH AVE E AND E MERCER N ST,1,Property Damage Only Collision,Other,1,1,0,0,0,4/11/13 20:00,Clear or Partly Cloudy,Dry,Dusk,Capitol Hill-Stevens,-122.3035572,47.62683475
-122.3003425,47.62926002,25TH AVE E AND E PROSPECT ST,1,Property Damage Only Collision,Other,1,1,0,0,0,7/2/04,Overcast,Dry,Daylight,Capitol Hill-Stevens,-122.3035572,47.62683475
-122.3024996,47.6202073,23RD AVE E AND E JOHN ST,2,Injury Collision,Left Turn,3,2,1,0,0,1/4/04,Clear or Partly Cloudy,Dry,Daylight,Capitol Hill-Stevens,-122.3035572,47.62683475
-122.3119998,47.6220849,E HARRISON ST BETWEEN 15TH N AVE E AND 16TH AVE E,1,Property Damage Only Collision,Parked Car,2,2,0,0,0,4/7/13 18:00,Unknown,Unknown,Daylight,Capitol Hill-Stevens,-122.3035572,47.62683475
-122.3035051,47.6327378,22ND AVE E BETWEEN E GALER ST AND E CRESCENT DR,1,Property Damage Only Collision,Parked Car,3,2,0,0,0,10/28/04 10:05,Overcast,Wet,Daylight,Capitol Hill-Stevens,-122.3035572,47.62683475
-122.3003527,47.6287115,25TH AVE E BETWEEN E HELEN ST AND E PROSPECT ST,1,Property Damage Only Collision,Other,1,1,0,0,0,11/14/04 20:35,Overcast,Wet,Dark - Street Lights On,Capitol Hill-Stevens,-122.3035572,47.62683475
-122.3036349,47.61931523,22ND AVE E BETWEEN E MADISON ST AND E JOHN ST,1,Property Damage Only Collision,Parked Car,3,3,0,0,0,7/1/04,Clear or Partly Cloudy,Dry,Daylight,Capitol Hill-Stevens,-122.3035572,47.62683475
-122.309488,47.61760917,E HOWELL ST BETWEEN 17TH AVE AND 18TH AVE,0,Unknown,,0,0,0,0,0,11/6/04,,,,Capitol Hill-Stevens,-122.3035572,47.62683475
-122.3086302,47.62776609,18TH AVE E BETWEEN E ALOHA ST AND E PROSPECT ST,2,Injury Collision,Parked Car,2,2,1,0,0,8/29/04 18:10,Clear or Partly Cloudy,Dry,Daylight,Capitol Hill-Stevens,-122.3035572,47.62683475
-122.3100078,47.62385453,17TH AVE E BETWEEN E REPUBLICAN N ST AND E MERCER ST,1,Property Damage Only Collision,Parked Car,2,2,0,0,0,6/25/04 15:20,Clear or Partly Cloudy,Dry,Daylight,Capitol Hill-Stevens,-122.3035572,47.62683475
-122.2929898,47.62719136,LAKE WASHINGTON BLVD E BETWEEN E MADISON ST AND ARBORETUM DR E,2,Injury Collision,Cycles,2,1,1,0,0,6/19/04 11:10,Clear or Partly Cloudy,Dry,Daylight,Capitol Hill-Stevens,-122.3035572,47.62683475
-122.3053718,47.62522054,E ROY ST BETWEEN 20TH AVE E AND 21ST AVE E,0,Unknown,,0,0,0,0,0,2/6/04,,,,Capitol Hill-Stevens,-122.3035572,47.62683475
-122.3018648,47.71931617,25TH AVE NE AND NE 125TH ST,1,Property Damage Only Collision,Angles,2,2,0,0,0,1/7/10 10:20,Clear or Partly Cloudy,Dry,Daylight,Lake City-Victory Heights,-122.3039119,47.70986853