X,Y,LOCATION,SEVERITYCODE,SEVERITYDESC,COLLISIONTYPE,PERSONCOUNT,VEHCOUNT,INJURIES,SERIOUSINJURIES,FATALITIES,INCDTTM,WEATHER,ROADCOND,LIGHTCOND,NEIGHBORHOOD,NX,NY
-122.2974008,47.71561399,LAKE CITY WAY NE AND NE 120TH ST,1,Property Damage Only Collision,Left Turn,2,2,0,0,0,12/7/18 20:21,Clear or Partly Cloudy,Dry,Dark - Street Lights On,Lake City-Victory Heights,-122.3039119,47.70986853
-122.2963285,47.71845145,30TH AVE NE BETWEEN LAKE CITY N WAY NE AND NE 125TH ST,0,Unknown,,0,0,0,0,0,7/22/04,,,,Lake City-Victory Heights,-122.3039119,47.70986853
-122.31243,47.7066995,15TH AVE NE AND NE 107TH ST,1,Property Damage Only Collision,Angles,2,2,0,0,0,7/1/09,Clear or Partly Cloudy,Dry,Daylight,Lake City-Victory Heights,-122.3039119,47.70986853
-122.2974008,47.71561399,LAKE CITY WAY NE AND NE 120TH ST,2,Injury Collision,Left Turn,4,2,2,0,0,12/14/18 20:56,Clear or Partly Cloudy,Dry,Dark - Street Lights On,Lake City-Victory Heights,-122.3039119,47.70986853
-122.3016158,47.70454438,24TH AVE NE AND LAKE CITY WAY NE,1,Property Damage Only Collision,Rear Ended,3,2,0,0,0,3/16/10 16:07,Clear or Partly Cloudy,Dry,Daylight,Lake City-Victory Heights,-122.3039119,47.70986853
-122.3120029,47.71940797,NE 125TH ST BETWEEN 15TH AVE NE AND 16TH AVE NE,1,Property Damage Only Collision,Angles,4,2,0,0,0,9/21/13 15:15,Clear or Partly Cloudy,Dry,Daylight,Lake City-Victory Heights,-122.3039119,47.70986853
-122.2963285,47.71845145,30TH AVE NE BETWEEN LAKE CITY N WAY NE AND NE 125TH ST,2,Injury Collision,Angles,2,2,1,0,0,10/30/13 15:27,Overcast,Dry,Daylight,Lake City-Victory Heights,-122.3039119,47.70986853
-122.2974008,47.71561399,LAKE CITY WAY NE AND NE 120TH ST,2,Injury Collision,Angles,2,2,1,0,0,11/13/14 13:51,Clear or Partly Cloudy,Dry,Daylight,Lake City-Victory Heights,-122.3039119,47.70986853
-122.3019065,47.70945197,NE NORTHGATE WAY BETWEEN 24TH AVE NE AND LAKE CITY WAY NE,2,Injury Collision,Rear Ended,2,2,1,0,0,3/26/04 11:04,Overcast,Dry,Daylight,Lake City-Victory Heights,-122.3039119,47.70986853
-122.3029351,47.70072151,LAKE CITY WAY NE BETWEEN NE 98TH ST AND NE 100TH ST,0,Unknown,,0,0,0,0,0,10/10/05,,,,Lake City-Victory Heights,-122.3039119,47.70986853
-122.3041712,47.70118958,NE 100TH ST BETWEEN 21ST AVE NE AND LAKE CITY WAY NE,1,Property Damage Only Collision,Other,1,1,0,0,0,1/18/04 14:35,Overcast,Dry,Daylight,Lake City-Victory Heights,-122.3039119,47.70986853
-122.3125866,47.7166949,15TH AVE NE BETWEEN NE 120TH ST AND NE 123RD ST,1,Property Damage Only Collision,Rear Ended,3,3,0,0,0,12/9/15 17:45,Overcast,Dry,Dark - Street Lights On,Lake City-Victory Heights,-122.3039119,47.70986853
-122.3120029,47.71940797,NE 125TH ST BETWEEN 15TH AVE NE AND 16TH AVE NE,2,Injury Collision,Rear Ended,2,2,1,0,0,8/21/12 13:00,Clear or Partly Cloudy,Dry,Daylight,Lake City-Victory Heights,-122.3039119,47.70986853
-122.3081877,47.71937352,NE 125TH ST BETWEEN 19TH AVE NE AND 20TH AVE NE,1,Property Damage Only Collision,Other,3,2,0,0,0,12/9/17 9:37,Clear or Partly Cloudy,Ice,Daylight,Lake City-Victory Heights,-122.3039119,47.70986853
-122.3018648,47.71931617,25TH AVE NE AND NE 125TH ST,2,Injury Collision,Left Turn,3,2,2,0,0,7/9/10 19:07,Clear or Partly Cloudy,Dry,Daylight,Lake City-Victory Heights,-122.3039119,47.70986853
-122.3009865,47.70943604,LAKE CITY WAY NE BETWEEN NE 110TH ST AND NE NORTHGATE WAY,1,Property Damage Only Collision,Angles,2,2,0,0,0,5/21/14 9:56,Other,Dry,Daylight,Lake City-Victory Heights,-122.3039119,47.70986853
-122.295319,47.71913381,LAKE CITY WAY NE BETWEEN 31ST AVE NE AND NE 125TH ST,1,Property Damage Only Collision,Rear Ended,2,2,0,0,0,3/21/12 16:35,Clear or Partly Cloudy,Dry,Daylight,Lake City-Victory Heights,-122.3039119,47.70986853
-122.312088,47.71578591,NE 120TH ST BETWEEN 15TH AVE NE AND PINEHURST WAY NE,1,Property Damage Only Collision,Rear Ended,2,2,0,0,0,5/5/04,Clear or Partly Cloudy,Dry,Daylight,Lake City-Victory Heights,-122.3039119,47.70986853
-122.2974008,47.71561399,LAKE CITY WAY NE AND NE 120TH ST,1,Property Damage Only Collision,Left Turn,4,2,0,0,0,6/12/19 10:00,Clear or Partly Cloudy,Dry,Daylight,Lake City-Victory Heights,-122.3039119,47.70986853
-122.3018648,47.71931617,25TH AVE NE AND NE 125TH ST,1,Property Damage Only Collision,Left Turn,2,2,0,0,0,12/1/04,Clear or Partly Cloudy,Wet,Dark - Street Lights On,Lake City-Victory Heights,-122.3039119,47.70986853
-122.3023787,47.71932084,NE 125TH ST BETWEEN 24TH E AVE NE AND 25TH AVE NE,2,Injury Collision,Rear Ended,4,2,1,0,0,1/21/04 18:30,Clear or Partly Cloudy,Dry,Dark - Street Lights On,Lake City-Victory Heights,-122.3039119,47.70986853
-122.2977181,47.71561998,NE 120TH ST BETWEEN 28TH AVE NE AND LAKE CITY WAY NE,1,Property Damage Only Collision,Other,4,2,0,0,0,7/1/04,Overcast,Dry,Daylight,Lake City-Victory Heights,-122.3039119,47.70986853
-122.3124304,47.70852841,15TH AVE NE AND NE NORTHGATE WAY,1,Property Damage Only Collision,Angles,4,2,0,0,0,8/10/04 14:45,Clear or Partly Cloudy,Dry,Daylight,Lake City-Victory Heights,-122.3039119,47.70986853
-122.3016125,47.70312332,LAKE CITY WAY NE BETWEEN FISCHER PL NE AND NE 104TH WAY,1,Property Damage Only Collision,Sideswipe,2,2,0,0,0,9/16/04 17:30,Raining,Wet,Daylight,Lake City-Victory Heights,-122.3039119,47.70986853
-122.3124311,47.70944149,15TH AVE NE BETWEEN NE NORTHGATE WAY AND NE 113TH ST,0,Unknown,,0,0,0,0,0,4/20/04,,,,Lake City-Victory Heights,-122.3039119,47.70986853
-122.3016276,47.70562143,LAKE CITY WAY NE BETWEEN 24TH AVE NE AND NE 107TH ST,1,Property Damage Only Collision,Rear Ended,4,2,0,0,0,4/7/13 14:15,Raining,Wet,Daylight,Lake City-Victory Heights,-122.3039119,47.70986853
-122.2989527,47.71298996,27TH AVE NE AND LAKE CITY WAY NE,2,Injury Collision,Rear Ended,4,3,1,0,0,11/29/04 16:45,Clear or Partly Cloudy,Dry,Dark - Street Lights On,Lake City-Victory Heights,-122.3039119,47.70986853
-122.3018648,47.71931617,25TH AVE NE AND NE 125TH ST,2,Injury Collision,Cycles,2,1,1,0,0,6/21/04 15:06,Clear or Partly Cloudy,Dry,Daylight,Lake City-Victory Heights,-122.3039119,47.70986853
-122.3016141,47.70437186,LAKE CITY WAY NE BETWEEN NE 104TH WAY AND 24TH AVE NE,2,Injury Collision,Left Turn,4,2,3,0,0,5/30/18 13:49,Clear or Partly Cloudy,Dry,Daylight,Lake City-Victory Heights,-122.3039119,47.70986853
-122.3081877,47.71937352,NE 125TH ST BETWEEN 19TH AVE NE AND 20TH AVE NE,1,Property Damage Only Collision,Rear Ended,2,2,0,0,0,5/16/04 12:23,Overcast,Dry,Daylight,Lake City-Victory Heights,-122.3039119,47.70986853
-122.2977181,47.71561998,NE 120TH ST BETWEEN 28TH AVE NE AND LAKE CITY WAY NE,1,Property Damage Only Collision,Rear Ended,6,2,0,0,0,4/16/04 7:29,Overcast,Wet,Daylight,Lake City-Victory Heights,-122.3039119,47.70986853
-122.3029351,47.70072151,LAKE CITY WAY NE BETWEEN NE 98TH ST AND NE 100TH ST,1,Property Damage Only Collision,Rear Ended,3,2,0,0,0,10/22/04 23:24,Overcast,Wet,Dark - Street Lights On,Lake City-Victory Heights,-122.3039119,47.70986853
-122.297816,47.71491193,LAKE CITY WAY NE BETWEEN NE 117TH ST AND NE 120TH ST,1,Property Damage Only Collision,Other,2,2,0,0,0,11/9/04,Clear or Partly Cloudy,Dry,Daylight,Lake City-Victory Heights,-122.3039119,47.70986853
-122.3124329,47.71174838,15TH AVE NE BETWEEN GOODWIN WAY NE AND NE 115TH ST,0,Unknown,,0,0,0,0,0,11/1/04,,,,Lake City-Victory Heights,-122.3039119,47.70986853
-122.3018648,47.71931617,25TH AVE NE AND NE 125TH ST,0,Unknown,,0,0,0,0,0,12/8/04,,,,Lake City-Victory Heights,-122.3039119,47.70986853
-122.2906781,47.71106856,35TH AVE NE BETWEEN NE 113TH ST AND NE 115TH ST,1,Property Damage Only Collision,Rear Ended,2,2,0,0,0,5/9/04,Clear or Partly Cloudy,Dry,Daylight,Lake City-Matthews Beach,-122.2792003,47.70400381
-122.2800148,47.69702231,45TH AVE NE BETWEEN NE 94TH ST AND NE 95TH ST,1,Property Damage Only Collision,Other,2,2,0,0,0,11/27/06 13:30,Overcast,Dry,Daylight,Lake City-Matthews Beach,-122.2792003,47.70400381
-122.2777117,47.70024447,SAND POINT WAY NE BETWEEN NE 97TH ST AND NE 100TH ST,1,Property Damage Only Collision,Rear Ended,2,2,0,0,0,3/28/13 8:24,Overcast,Dry,Daylight,Lake City-Matthews Beach,-122.2792003,47.70400381
-122.2752924,47.69931964,49TH AVE NE AND NE 97TH ST,2,Injury Collision,Angles,2,2,1,0,0,1/9/04,Raining,Wet,Dark - Street Lights On,Lake City-Matthews Beach,-122.2792003,47.70400381
-122.2764776,47.70113793,48TH AVE NE AND NE 100TH ST,0,Unknown,,0,0,0,0,0,8/18/04,,,,Lake City-Matthews Beach,-122.2792003,47.70400381
-122.2797256,47.70796439,SAND POINT WAY NE BETWEEN NE 107TH ST AND NE 110TH ST,1,Property Damage Only Collision,Rear Ended,2,2,0,0,0,11/25/09 8:15,Clear or Partly Cloudy,Dry,Daylight,Lake City-Matthews Beach,-122.2792003,47.70400381
-122.2777279,47.70943346,EXETER AVE NE AND NE 110TH ST,2,Injury Collision,Other,1,1,1,0,0,11/6/11 18:09,Clear or Partly Cloudy,Dry,Dark - Street Lights On,Lake City-Matthews Beach,-122.2792003,47.70400381
-122.2739816,47.70145933,LAKE SHORE BLVD NE BETWEEN NE 100TH ST AND RIVIERA PL NE,0,Unknown,,0,0,0,0,0,6/1/14,,,,Lake City-Matthews Beach,-122.2792003,47.70400381
-122.2758479,47.69507929,SAND POINT WAY NE BETWEEN MATTHEWS PL NE AND NE 93RD ST,0,Unknown,,0,0,0,0,0,12/18/04,,,,Lake City-Matthews Beach,-122.2792003,47.70400381
-122.285287,47.69787282,40TH AVE NE BETWEEN NE 95TH ST AND NE 96TH ST,0,Unknown,,0,0,0,0,0,11/21/04,,,,Lake City-Matthews Beach,-122.2792003,47.70400381
-122.2921788,47.71551858,NE 120TH ST BETWEEN 33RD AVE NE AND 35TH AVE NE,1,Property Damage Only Collision,Other,4,1,0,0,0,12/10/18 13:14,Clear or Partly Cloudy,Dry,Daylight,Lake City-Meadowbrook,-122.298,47.70654718
-122.297885,47.71412358,NE 117TH ST BETWEEN LAKE CITY WAY NE AND 28TH AVE NE,1,Property Damage Only Collision,Parked Car,2,2,0,0,0,4/19/06 14:23,Clear or Partly Cloudy,Dry,Daylight,Lake City-Meadowbrook,-122.298,47.70654718
-122.3033182,47.70027141,LAKE CITY WAY NE AND NE 98TH ST,2,Injury Collision,Left Turn,3,2,1,0,0,11/11/10 16:48,Raining,Wet,Dark - Street Lights On,Lake City-Meadowbrook,-122.298,47.70654718
-122.293485,47.70838606,NE 110TH ST BETWEEN 31ST AVE NE AND 34TH AVE NE,1,Property Damage Only Collision,Other,2,2,0,0,0,3/13/08 17:34,Raining,Wet,Daylight,Lake City-Meadowbrook,-122.298,47.70654718
-122.297947,47.70840906,28TH AVE NE AND NE 110TH ST,2,Injury Collision,Pedestrian,2,1,1,0,0,1/16/09 15:02,Overcast,Dry,Daylight,Lake City-Meadowbrook,-122.298,47.70654718
-122.298592,47.71359991,LAKE CITY WAY NE BETWEEN 27TH AVE NE AND NE 117TH ST,1,Property Damage Only Collision,Rear Ended,2,2,0,0,0,1/2/04,Overcast,Ice,Daylight,Lake City-Meadowbrook,-122.298,47.70654718
-122.2906615,47.71262465,35TH AVE NE BETWEEN NE 115TH ST AND 34TH AVE NE,2,Injury Collision,Head On,2,2,2,0,0,4/7/13 8:56,Raining,Wet,Daylight,Lake City-Meadowbrook,-122.298,47.70654718
-122.3015461,47.70756594,LAKE CITY WAY NE BETWEEN NE 107TH ST AND NE 110TH ST,1,Property Damage Only Collision,Rear Ended,2,2,0,0,0,9/25/04 20:48,Clear or Partly Cloudy,Dry,Dark - Street Lights On,Lake City-Meadowbrook,-122.298,47.70654718
-122.299512,47.71204425,LAKE CITY WAY NE AND NE 115TH ST,1,Property Damage Only Collision,Cycles,2,1,0,0,0,5/20/04 8:50,Overcast,Dry,Daylight,Lake City-Meadowbrook,-122.298,47.70654718
-122.2911741,47.71381352,35TH AVE NE BETWEEN 34TH AVE NE AND 33RD PL NE,1,Property Damage Only Collision,Parked Car,2,2,0,0,0,1/2/04,Clear or Partly Cloudy,Ice,Daylight,Lake City-Meadowbrook,-122.298,47.70654718
-122.2984463,47.71929616,NE 125TH ST BETWEEN 27TH AVE NE AND 28TH AVE NE,2,Injury Collision,Rear Ended,5,3,3,0,0,7/27/04 13:42,Clear or Partly Cloudy,Dry,Daylight,Lake City-Olympic Hills,-122.3024931,47.72659498
-122.2963249,47.72018729,30TH AVE NE BETWEEN NE 125TH ST AND NE 127TH ST,2,Injury Collision,Rear Ended,3,2,1,0,0,3/30/13 13:27,Clear or Partly Cloudy,Dry,Daylight,Lake City-Olympic Hills,-122.3024931,47.72659498
-122.2922807,47.72919974,LAKE CITY WAY NE BETWEEN NE 137TH ST AND NE 140TH ST,2,Injury Collision,Rear Ended,2,2,1,0,0,12/4/18 15:11,Clear or Partly Cloudy,Dry,Daylight,Lake City-Olympic Hills,-122.3024931,47.72659498
-122.2965188,47.73378577,30TH AVE NE AND NE 145TH ST,2,Injury Collision,Angles,0,2,2,0,0,2/18/17 16:20,Raining,Wet,Daylight,Lake City-Olympic Hills,-122.3024931,47.72659498
-122.296314,47.71928489,30TH AVE NE AND NE 125TH ST,2,Injury Collision,Angles,2,2,1,0,0,8/15/11 7:57,Overcast,Dry,Daylight,Lake City-Olympic Hills,-122.3024931,47.72659498
-122.2964259,47.72790793,30TH AVE NE AND NE 137TH ST,1,Property Damage Only Collision,Angles,0,2,0,0,0,10/10/17 17:47,Overcast,Wet,Daylight,Lake City-Olympic Hills,-122.3024931,47.72659498
-122.2963585,47.72290005,30TH AVE NE AND NE 130TH ST,2,Injury Collision,Angles,5,2,2,0,0,12/3/04,Clear or Partly Cloudy,Dry,Daylight,Lake City-Olympic Hills,-122.3024931,47.72659498
-122.2938961,47.72289928,NE 130TH ST BETWEEN 31ST AVE NE AND LAKE CITY WAY NE,2,Injury Collision,Angles,2,2,1,0,0,4/5/13 12:24,Overcast,Dry,Daylight,Lake City-Olympic Hills,-122.3024931,47.72659498
-122.2938322,47.73195476,32ND AVE NE AND NE 143RD ST,1,Property Damage Only Collision,Angles,2,2,0,0,0,4/9/13 0:36,Overcast,Dry,Dark - Street Lights On,Lake City-Olympic Hills,-122.3024931,47.72659498
-122.2950039,47.72796244,NE 137TH ST BETWEEN 30TH AVE NE AND 32ND AVE NE,0,Unknown,,0,0,0,0,0,4/14/04,,,,Lake City-Olympic Hills,-122.3024931,47.72659498
-122.2931937,47.72289907,LAKE CITY WAY NE AND NE 130TH ST,2,Injury Collision,Left Turn,2,2,2,0,0,4/2/13 19:29,Clear or Partly Cloudy,Dry,Dusk,Lake City-Olympic Hills,-122.3024931,47.72659498
-122.2924031,47.7328465,LAKE CITY WAY NE BETWEEN NE 143RD ST AND NE 145TH ST,2,Injury Collision,Rear Ended,3,2,1,0,0,3/27/13 20:45,Clear or Partly Cloudy,Dry,Dark - Street Lights On,Lake City-Olympic Hills,-122.3024931,47.72659498
-122.2963702,47.72380076,30TH AVE NE BETWEEN NE 130TH ST AND NE 133RD ST,2,Injury Collision,Other,1,1,1,0,0,3/25/13 3:39,Clear or Partly Cloudy,Dry,Dark - Street Lights Off,Lake City-Olympic Hills,-122.3024931,47.72659498
-122.2997971,47.72111534,NE 127TH ST BETWEEN 26TH AVE NE AND 27TH AVE NE,1,Property Damage Only Collision,Other,1,1,0,0,0,9/8/11,Clear or Partly Cloudy,Dry,Daylight,Lake City-Olympic Hills,-122.3024931,47.72659498
-122.307336,47.73297973,20TH AVE NE BETWEEN NE 143RD ST AND NE 145TH ST,1,Property Damage Only Collision,Parked Car,2,2,0,0,0,10/18/08 10:00,Unknown,Unknown,Unknown,Lake City-Olympic Hills,-122.3024931,47.72659498
-122.2924031,47.7328465,LAKE CITY WAY NE BETWEEN NE 143RD ST AND NE 145TH ST,1,Property Damage Only Collision,Angles,3,3,0,0,0,10/15/07 11:38,Raining,Wet,Daylight,Lake City-Olympic Hills,-122.3024931,47.72659498
-122.296314,47.71928489,30TH AVE NE AND NE 125TH ST,1,Property Damage Only Collision,Sideswipe,4,3,0,0,0,7/18/17 8:59,Clear or Partly Cloudy,Dry,Daylight,Lake City-Olympic Hills,-122.3024931,47.72659498
-122.2963249,47.72018729,30TH AVE NE BETWEEN NE 125TH ST AND NE 127TH ST,2,Injury Collision,Parked Car,3,2,1,0,0,4/6/15 22:36,Clear or Partly Cloudy,Dry,Dark - Street Lights On,Lake City-Olympic Hills,-122.3024931,47.72659498
-122.2922807,47.72919974,LAKE CITY WAY NE BETWEEN NE 137TH ST AND NE 140TH ST,1,Property Damage Only Collision,Left Turn,2,2,0,0,0,3/4/15 7:28,Clear or Partly Cloudy,Dry,Daylight,Lake City-Olympic Hills,-122.3024931,47.72659498
-122.2965188,47.73378577,30TH AVE NE AND NE 145TH ST,1,Property Damage Only Collision,Left Turn,2,2,0,0,0,10/14/09 17:05,Overcast,Wet,Daylight,Lake City-Olympic Hills,-122.3024931,47.72659498
-122.2922807,47.72919974,LAKE CITY WAY NE BETWEEN NE 137TH ST AND NE 140TH ST,1,Property Damage Only Collision,Sideswipe,2,2,0,0,0,1/29/13 11:21,Unknown,Wet,Daylight,Lake City-Olympic Hills,-122.3024931,47.72659498
-122.307336,47.73297973,20TH AVE NE BETWEEN NE 143RD ST AND NE 145TH ST,1,Property Damage Only Collision,Parked Car,2,2,0,0,0,12/14/17 3:00,Unknown,Unknown,Unknown,Lake City-Olympic Hills,-122.3024931,47.72659498
-122.2997435,47.71930446,NE 125TH ST BETWEEN 26TH AVE NE AND 27TH AVE NE,2,Injury Collision,Angles,2,2,1,0,0,8/31/11 15:14,Clear or Partly Cloudy,Dry,Daylight,Lake City-Olympic Hills,-122.3024931,47.72659498
-122.3073277,47.73206883,20TH AVE NE AND NE 143RD ST,2,Injury Collision,Angles,2,2,1,0,0,2/9/12 15:00,Raining,Wet,Daylight,Lake City-Olympic Hills,-122.3024931,47.72659498
-122.3126707,47.72122255,15TH AVE NE AND NE 127TH ST,2,Injury Collision,Angles,2,2,1,0,0,11/2/12 16:42,Raining,Wet,Dusk,Lake City-Olympic Hills,-122.3024931,47.72659498
-122.2965426,47.73197667,30TH AVE NE AND NE 143RD ST,2,Injury Collision,Angles,3,2,3,0,0,9/22/16 16:37,Clear or Partly Cloudy,Dry,Daylight,Lake City-Olympic Hills,-122.3024931,47.72659498
-122.2965188,47.73378577,30TH AVE NE AND NE 145TH ST,2,Injury Collision,Left Turn,3,2,3,0,0,1/15/08 14:55,Clear or Partly Cloudy,Dry,Daylight,Lake City-Olympic Hills,-122.3024931,47.72659498
-122.3126751,47.72847403,15TH AVE NE AND NE 137TH ST,2,Injury Collision,Angles,2,2,1,0,0,6/28/16 18:13,Clear or Partly Cloudy,Dry,Daylight,Lake City-Olympic Hills,-122.3024931,47.72659498
-122.2971996,47.73379124,NE 145TH ST BETWEEN 28TH AVE NE AND 30TH AVE NE,1,Property Damage Only Collision,Rear Ended,2,2,0,0,0,10/19/12 21:01,Raining,Wet,Dark - Street Lights On,Lake City-Olympic Hills,-122.3024931,47.72659498
-122.2952331,47.71927875,LAKE CITY WAY NE AND NE 125TH ST,2,Injury Collision,Pedestrian,2,1,1,0,0,12/4/04,Raining,Wet,Dark - Street Lights On,Lake City-Olympic Hills,-122.3024931,47.72659498
-122.2938322,47.73195476,32ND AVE NE AND NE 143RD ST,1,Property Damage Only Collision,Angles,5,2,0,0,0,4/4/13 20:56,Clear or Partly Cloudy,Wet,Dark - Street Lights On,Lake City-Olympic Hills,-122.3024931,47.72659498
-122.3073025,47.72933513,20TH AVE NE BETWEEN NE 137TH ST AND NE 140TH ST,1,Property Damage Only Collision,Right Turn,0,2,0,0,0,10/3/17 8:24,Clear or Partly Cloudy,Dry,Daylight,Lake City-Olympic Hills,-122.3024931,47.72659498
-122.2931937,47.72289907,LAKE CITY WAY NE AND NE 130TH ST,1,Property Damage Only Collision,Angles,2,2,0,0,0,7/10/04 19:08,Clear or Partly Cloudy,Dry,Daylight,Lake City-Olympic Hills,-122.3024931,47.72659498
-122.2984129,47.72110622,NE 127TH ST BETWEEN 27TH AVE NE AND 28TH AVE NE,1,Property Damage Only Collision,Other,1,1,0,0,0,5/24/04 0:01,Clear or Partly Cloudy,Dry,Dark - Street Lights On,Lake City-Olympic Hills,-122.3024931,47.72659498
-122.2911379,47.71829137,35TH AVE NE BETWEEN NE 123RD ST AND NE 125TH ST,2,Injury Collision,Pedestrian,2,1,1,0,0,5/13/19 7:28,Clear or Partly Cloudy,Dry,Daylight,Lake City-Cedar Park,-122.2875951,47.72465004
-122.2907841,47.71925344,35TH AVE NE AND NE 125TH ST,1,Property Damage Only Collision,Sideswipe,2,2,0,0,0,5/10/19 7:57,Clear or Partly Cloudy,Dry,Daylight,Lake City-Cedar Park,-122.2875951,47.72465004
-122.2924936,47.7210075,33RD AVE NE BETWEEN NE 125TH ST AND NE 130TH ST,1,Property Damage Only Collision,Parked Car,2,2,0,0,0,8/20/05 0:30,Clear or Partly Cloudy,Dry,Dark - Street Lights On,Lake City-Cedar Park,-122.2875951,47.72465004
-122.2946969,47.72018507,LAKE CITY WAY NE BETWEEN NE 125TH ST AND NE 127TH ST,1,Property Damage Only Collision,Rear Ended,4,4,0,0,0,6/21/05 18:45,Unknown,Wet,Dusk,Lake City-Cedar Park,-122.2875951,47.72465004
-122.2913648,47.71731678,35TH AVE NE AND NE 123RD ST,1,Property Damage Only Collision,Angles,2,2,0,0,0,9/8/05,Clear or Partly Cloudy,Dry,Daylight,Lake City-Cedar Park,-122.2875951,47.72465004
-122.292342,47.73102707,LAKE CITY WAY NE BETWEEN NE 140TH ST AND NE 143RD ST,1,Property Damage Only Collision,Left Turn,3,2,0,0,0,3/28/13 16:20,Clear or Partly Cloudy,Dry,Daylight,Lake City-Cedar Park,-122.2875951,47.72465004
-122.2907841,47.71925344,35TH AVE NE AND NE 125TH ST,0,Unknown,,0,0,0,0,0,10/8/04,,,,Lake City-Cedar Park,-122.2875951,47.72465004
-122.2952189,47.71647964,31ST AVE NE BETWEEN NE 120TH ST AND NE 123RD ST,1,Property Damage Only Collision,Other,2,2,0,0,0,7/20/07 13:00,Raining,Wet,Daylight,Lake City-Cedar Park,-122.2875951,47.72465004
-122.2928179,47.71643558,33RD AVE NE BETWEEN NE 120TH ST AND NE 123RD ST,1,Property Damage Only Collision,Parked Car,2,2,0,0,0,5/14/19 8:52,Raining,Wet,Daylight,Lake City-Cedar Park,-122.2875951,47.72465004
-122.2900628,47.71924741,NE 125TH ST BETWEEN 35TH AVE NE AND 36TH AVE NE,1,Property Damage Only Collision,Rear Ended,2,2,0,0,0,12/4/18 17:25,Clear or Partly Cloudy,Dry,Dark - Street Lights On,Lake City-Cedar Park,-122.2875951,47.72465004
-122.2907841,47.71925344,35TH AVE NE AND NE 125TH ST,2,Injury Collision,Left Turn,2,2,1,0,0,3/31/13 15:35,Clear or Partly Cloudy,Dry,Daylight,Lake City-Cedar Park,-122.2875951,47.72465004
-122.2928179,47.71643558,33RD AVE NE BETWEEN NE 120TH ST AND NE 123RD ST,1,Property Damage Only Collision,Other,2,2,0,0,0,1/15/13 14:12,Clear or Partly Cloudy,Dry,Daylight,Lake City-Cedar Park,-122.2875951,47.72465004
-122.2795046,47.71919298,RIVIERA PL NE BETWEEN NE 125TH ST AND DEAD END 2,1,Property Damage Only Collision,Parked Car,4,2,0,0,0,1/27/11 15:35,Clear or Partly Cloudy,Dry,Daylight,Lake City-Cedar Park,-122.2875951,47.72465004
-122.2908381,47.7229763,35TH AVE NE AND NE 130TH N ST,0,Unknown,,0,0,0,0,0,2/27/10,,,,Lake City-Cedar Park,-122.2875951,47.72465004
-122.2908652,47.72435276,35TH AVE NE BETWEEN NE 130TH N ST AND NE 134TH ST,1,Property Damage Only Collision,Rear Ended,0,2,0,0,0,9/1/17 15:47,Clear or Partly Cloudy,Dry,Daylight,Lake City-Cedar Park,-122.2875951,47.72465004
-122.292342,47.73102707,LAKE CITY WAY NE BETWEEN NE 140TH ST AND NE 143RD ST,2,Injury Collision,Left Turn,2,2,1,0,0,8/15/13 17:07,Overcast,Wet,Daylight,Lake City-Cedar Park,-122.2875951,47.72465004
-122.2879335,47.71922945,NE 125TH ST BETWEEN 37TH AVE NE AND 38TH AVE NE,2,Injury Collision,Rear Ended,4,2,1,0,0,9/14/16 7:00,Clear or Partly Cloudy,Dry,Daylight,Lake City-Cedar Park,-122.2875951,47.72465004
-122.292226,47.72738168,LAKE CITY WAY NE BETWEEN NE 135TH ST AND NE 137TH ST,1,Property Damage Only Collision,Rear Ended,2,2,0,0,0,9/28/07 7:54,Overcast,Wet,Daylight,Lake City-Cedar Park,-122.2875951,47.72465004
-122.2946969,47.72018507,LAKE CITY WAY NE BETWEEN NE 125TH ST AND NE 127TH ST,2,Injury Collision,Rear Ended,6,3,1,0,0,11/26/04 19:13,Raining,Wet,Dark - Street Lights On,Lake City-Cedar Park,-122.2875951,47.72465004
-122.2913648,47.71731678,35TH AVE NE AND NE 123RD ST,2,Injury Collision,Angles,8,5,1,0,0,1/11/04 12:57,Clear or Partly Cloudy,Dry,Daylight,Lake City-Cedar Park,-122.2875951,47.72465004
-122.2839074,47.71736902,SAND POINT WAY NE AND NE 123RD ST,1,Property Damage Only Collision,Angles,3,2,0,0,0,2/14/18 8:10,Raining,Wet,Daylight,Lake City-Cedar Park,-122.2875951,47.72465004
-122.290798,47.72094486,35TH AVE NE BETWEEN NE 125TH ST AND NE 130TH S ST,1,Property Damage Only Collision,,1,0,0,0,0,9/24/18,,,,Lake City-Cedar Park,-122.2875951,47.72465004
-122.2928179,47.71643558,33RD AVE NE BETWEEN NE 120TH ST AND NE 123RD ST,0,Unknown,,0,0,0,0,0,4/16/14,,,,Lake City-Cedar Park,-122.2875951,47.72465004
-122.2908347,47.72280785,35TH AVE NE BETWEEN NE 130TH S ST AND NE 130TH N ST,1,Property Damage Only Collision,Parked Car,2,2,0,0,0,5/11/14 8:04,Unknown,Unknown,Unknown,Lake City-Cedar Park,-122.2875951,47.72465004
-122.2907841,47.71925344,35TH AVE NE AND NE 125TH ST,1,Property Damage Only Collision,,2,0,0,0,0,1/19/17,,,,Lake City-Cedar Park,-122.2875951,47.72465004