X,Y,LOCATION,SEVERITYCODE,SEVERITYDESC,COLLISIONTYPE,PERSONCOUNT,VEHCOUNT,INJURIES,SERIOUSINJURIES,FATALITIES,INCDTTM,WEATHER,ROADCOND,LIGHTCOND,NEIGHBORHOOD,NX,NY
-122.2951499,47.71823749,31ST AVE NE BETWEEN NE 123RD ST AND LAKE CITY WAY NE,1,Property Damage Only Collision,Parked Car,2,2,0,0,0,7/1/04,Clear or Partly Cloudy,Dry,Dark - Street Lights On,Lake City-Cedar Park,-122.2875951,47.72465004
-122.290798,47.72094486,35TH AVE NE BETWEEN NE 125TH ST AND NE 130TH S ST,1,Property Damage Only Collision,Left Turn,2,2,0,0,0,4/4/13 7:48,Raining,Wet,Daylight,Lake City-Cedar Park,-122.2875951,47.72465004
-122.2839074,47.71736902,SAND POINT WAY NE AND NE 123RD ST,1,Property Damage Only Collision,Angles,2,2,0,0,0,4/12/13 19:28,Raining,Wet,Dark - Street Lights On,Lake City-Cedar Park,-122.2875951,47.72465004
-122.2952189,47.71647964,31ST AVE NE BETWEEN NE 120TH ST AND NE 123RD ST,0,Unknown,,0,0,0,0,0,12/17/04,,,,Lake City-Cedar Park,-122.2875951,47.72465004
-122.2962714,47.71752335,LAKE CITY WAY NE BETWEEN NE 123RD ST AND 30TH N AVE NE,1,Property Damage Only Collision,Sideswipe,2,2,0,0,0,4/8/04,Clear or Partly Cloudy,Dry,Daylight,Lake City-Cedar Park,-122.2875951,47.72465004
-122.2936427,47.72198541,LAKE CITY WAY NE BETWEEN NE 127TH ST AND NE 130TH ST,2,Injury Collision,Rear Ended,2,2,1,0,0,1/1/04,Raining,Wet,Daylight,Lake City-Cedar Park,-122.2875951,47.72465004
-122.2962714,47.71752335,LAKE CITY WAY NE BETWEEN NE 123RD ST AND 30TH N AVE NE,1,Property Damage Only Collision,Sideswipe,3,3,0,0,0,4/13/13 15:00,Raining,Wet,Daylight,Lake City-Cedar Park,-122.2875951,47.72465004
-122.2939069,47.71927117,32ND AVE NE AND NE 125TH ST,2,Injury Collision,Left Turn,2,2,1,0,0,7/23/04 21:30,Clear or Partly Cloudy,Dry,Dark - Street Lights On,Lake City-Cedar Park,-122.2875951,47.72465004
-122.290798,47.72094486,35TH AVE NE BETWEEN NE 125TH ST AND NE 130TH S ST,1,Property Damage Only Collision,Left Turn,2,2,0,0,0,10/26/04 16:18,Clear or Partly Cloudy,Dry,Daylight,Lake City-Cedar Park,-122.2875951,47.72465004
-122.2958037,47.71831402,LAKE CITY WAY NE BETWEEN 30TH N AVE NE AND 31ST AVE NE,2,Injury Collision,Rear Ended,3,3,1,0,0,11/4/04,Clear or Partly Cloudy,Dry,Daylight,Lake City-Cedar Park,-122.2875951,47.72465004
-122.2922648,47.72647542,LAKE CITY WAY NE AND NE 135TH ST,2,Injury Collision,Angles,2,2,1,0,0,12/1/04,Raining,Wet,Dark - Street Lights On,Lake City-Cedar Park,-122.2875951,47.72465004
-122.290798,47.72094486,35TH AVE NE BETWEEN NE 125TH ST AND NE 130TH S ST,2,Injury Collision,Angles,3,3,1,0,0,4/6/13 17:22,Raining,Wet,Daylight,Lake City-Cedar Park,-122.2875951,47.72465004
-122.2923788,47.7255866,LAKE CITY WAY NE BETWEEN NE 133RD ST AND NE 135TH ST,1,Property Damage Only Collision,Parked Car,3,3,0,0,0,7/5/04,Clear or Partly Cloudy,Dry,Daylight,Lake City-Cedar Park,-122.2875951,47.72465004
-122.2958037,47.71831402,LAKE CITY WAY NE BETWEEN 30TH N AVE NE AND 31ST AVE NE,0,Unknown,,0,0,0,0,0,12/30/04,,,,Lake City-Cedar Park,-122.2875951,47.72465004
-122.2922648,47.72647542,LAKE CITY WAY NE AND NE 135TH ST,2b,Serious Injury Collision,Left Turn,4,2,2,1,0,1/10/04 19:18,Clear or Partly Cloudy,Dry,Dark - Street Lights On,Lake City-Cedar Park,-122.2875951,47.72465004
-122.2883739,47.73283129,37TH AVE NE BETWEEN NE 143RD ST AND NE 145TH ST,1,Property Damage Only Collision,Parked Car,2,2,0,0,0,9/4/04,Clear or Partly Cloudy,Dry,Daylight,Lake City-Cedar Park,-122.2875951,47.72465004
-122.3436285,47.72321114,N 130TH ST BETWEEN AURORA AVE N AND STONE AVE N,1,Property Damage Only Collision,Sideswipe,2,2,0,0,0,3/25/13 5:55,Clear or Partly Cloudy,Dry,Dark - Street Lights On,Northgate-Haller Lake,-122.3347128,47.71959321
-122.3289183,47.72316552,1ST AVE NE AND NE 130TH ST,2,Injury Collision,Angles,3,2,1,0,0,3/30/13 18:05,Clear or Partly Cloudy,Dry,Daylight,Northgate-Haller Lake,-122.3347128,47.71959321
-122.3315362,47.72737874,CORLISS AVE N AND ROOSEVELT WAY N,2,Injury Collision,Angles,4,2,1,0,0,5/10/19 9:20,Clear or Partly Cloudy,Dry,Daylight,Northgate-Haller Lake,-122.3347128,47.71959321
-122.3341838,47.72320789,MERIDIAN AVE N AND N 130TH ST,1,Property Damage Only Collision,Angles,3,2,0,0,0,12/26/05 21:46,Overcast,Wet,Dark - Street Lights On,Northgate-Haller Lake,-122.3347128,47.71959321
-122.3450853,47.73306346,AURORA AVE N BETWEEN N 143RD ST AND ROOSEVELT WAY N,1,Property Damage Only Collision,Left Turn,3,2,0,0,0,6/28/11 17:30,Clear or Partly Cloudy,Dry,Daylight,Northgate-Haller Lake,-122.3347128,47.71959321
-122.3450953,47.73397284,AURORA AVE N BETWEEN ROOSEVELT WAY N AND N 145TH ST,0,Unknown,,0,0,0,0,0,1/19/05,,,,Northgate-Haller Lake,-122.3347128,47.71959321
-122.3450853,47.73306346,AURORA AVE N BETWEEN N 143RD ST AND ROOSEVELT WAY N,1,Property Damage Only Collision,Rear Ended,5,3,0,0,0,3/28/13 16:30,Clear or Partly Cloudy,Dry,Daylight,Northgate-Haller Lake,-122.3347128,47.71959321
-122.3449968,47.72503555,AURORA AVE N BETWEEN N 130TH ST AND N 135TH ST,1,Property Damage Only Collision,Sideswipe,2,2,0,0,0,7/27/04 16:51,Clear or Partly Cloudy,Dry,Daylight,Northgate-Haller Lake,-122.3347128,47.71959321
-122.3289662,47.71960248,1ST AVE NE BETWEEN NE 125TH ST AND CORLISS N AVE N,1,Property Damage Only Collision,Rear Ended,2,2,0,0,0,5/14/19 14:56,Overcast,Wet,Daylight,Northgate-Haller Lake,-122.3347128,47.71959321
-122.3362303,47.72685355,N 135TH ST BETWEEN WALLINGFORD AVE N AND BURKE AVE N,0,Unknown,,0,0,0,0,0,6/6/16,,,,Northgate-Haller Lake,-122.3347128,47.71959321
-122.3341139,47.71592797,MERIDIAN AVE N AND N 120TH ST,2,Injury Collision,Angles,3,2,3,0,0,2/27/14 11:01,Clear or Partly Cloudy,Dry,Daylight,Northgate-Haller Lake,-122.3347128,47.71959321
-122.3450853,47.73306346,AURORA AVE N BETWEEN N 143RD ST AND ROOSEVELT WAY N,1,Property Damage Only Collision,Left Turn,6,3,0,0,0,7/19/12 13:30,Clear or Partly Cloudy,Dry,Daylight,Northgate-Haller Lake,-122.3347128,47.71959321
-122.3313137,47.70864592,CORLISS AVE N AND N NORTHGATE WAY,1,Property Damage Only Collision,Rear Ended,2,2,0,0,0,7/31/10 12:40,Clear or Partly Cloudy,Dry,Daylight,Northgate-Haller Lake,-122.3347128,47.71959321
-122.3380924,47.71230181,N 115TH ST BETWEEN STONE AVE N AND MERIDIAN AVE N,1,Property Damage Only Collision,Rear Ended,2,2,0,0,0,3/28/14 7:40,Overcast,Wet,Daylight,Northgate-Haller Lake,-122.3347128,47.71959321
-122.3368581,47.70685007,N 107TH ST BETWEEN DENSMORE AVE N AND N NORTHGATE WAY,1,Property Damage Only Collision,Other,5,2,0,0,0,6/22/10 13:14,Clear or Partly Cloudy,Dry,Daylight,Northgate-Haller Lake,-122.3347128,47.71959321
-122.3448343,47.71354798,AURORA AVE N BETWEEN N 115TH ST AND N 117TH PL,1,Property Damage Only Collision,Rear Ended,2,2,0,0,0,7/4/14 2:57,Clear or Partly Cloudy,Dry,Dark - Street Lights On,Northgate-Haller Lake,-122.3347128,47.71959321
-122.3406636,47.70597064,INTERLAKE AVE N BETWEEN N NORTHGATE WAY AND N 107TH ST,2,Injury Collision,Other,2,2,1,0,0,6/1/04,Unknown,Unknown,Daylight,Northgate-Haller Lake,-122.3347128,47.71959321
-122.3376082,47.71957002,N 125TH ST BETWEEN DENSMORE AVE N AND DEAD END,2,Injury Collision,Other,2,1,2,0,0,3/27/04 0:11,Raining,Wet,Dark - Street Lights On,Northgate-Haller Lake,-122.3347128,47.71959321
-122.3450771,47.73230966,AURORA AVE N AND N 143RD ST,2,Injury Collision,Left Turn,4,2,2,0,0,10/23/04 14:23,Clear or Partly Cloudy,Dry,Daylight,Northgate-Haller Lake,-122.3347128,47.71959321
-122.3422802,47.72321072,STONE AVE N AND N 130TH ST,2,Injury Collision,Pedestrian,2,1,1,0,0,4/11/19 11:04,Raining,Wet,Daylight,Northgate-Haller Lake,-122.3347128,47.71959321
-122.3421452,47.71353972,STONE AVE N BETWEEN N 115TH ST AND DEAD END 1,1,Property Damage Only Collision,Parked Car,2,2,0,0,0,4/4/13 15:00,Raining,Wet,Daylight,Northgate-Haller Lake,-122.3347128,47.71959321
-122.3450771,47.73230966,AURORA AVE N AND N 143RD ST,1,Property Damage Only Collision,Angles,2,2,0,0,0,12/18/04 12:39,Clear or Partly Cloudy,Dry,Daylight,Northgate-Haller Lake,-122.3347128,47.71959321
-122.3325451,47.71711313,N 122ND ST BETWEEN MERIDIAN AVE N AND CORLISS AVE N,1,Property Damage Only Collision,Parked Car,3,2,0,0,0,4/1/13 12:26,Overcast,Dry,Daylight,Northgate-Haller Lake,-122.3347128,47.71959321
-122.3449719,47.72275671,AURORA AVE N BETWEEN N 128TH ST AND N 130TH ST,2,Injury Collision,Rear Ended,3,3,1,0,0,12/1/04,Raining,Wet,Dark - Street Lights On,Northgate-Haller Lake,-122.3347128,47.71959321
-122.3449968,47.72503555,AURORA AVE N BETWEEN N 130TH ST AND N 135TH ST,1,Property Damage Only Collision,Other,2,2,0,0,0,11/13/15 15:30,Raining,Wet,Dusk,Northgate-Haller Lake,-122.3347128,47.71959321
-122.3313137,47.70864592,CORLISS AVE N AND N NORTHGATE WAY,1,Property Damage Only Collision,Rear Ended,3,2,0,0,0,11/17/09 14:41,Raining,Wet,Daylight,Northgate-Haller Lake,-122.3347128,47.71959321
-122.3439839,47.73231008,MIDVALE AVE N AND N 143RD ST,2,Injury Collision,Angles,5,2,1,0,0,12/21/10 16:27,Clear or Partly Cloudy,Wet,Unknown,Northgate-Haller Lake,-122.3347128,47.71959321
-122.3449619,47.72184683,AURORA AVE N BETWEEN N 127TH ST AND N 128TH ST,2,Injury Collision,Rear Ended,4,4,3,0,0,4/28/09 14:34,Clear or Partly Cloudy,Dry,Daylight,Northgate-Haller Lake,-122.3347128,47.71959321
-122.3347871,47.73231483,N 143RD ST BETWEEN WAYNE PL N AND MERIDIAN AVE N,1,Property Damage Only Collision,Other,1,1,0,0,0,10/29/11 0:01,Unknown,Unknown,Unknown,Northgate-Haller Lake,-122.3347128,47.71959321
-122.3449719,47.72275671,AURORA AVE N BETWEEN N 128TH ST AND N 130TH ST,2,Injury Collision,Rear Ended,6,4,2,0,0,12/23/15 10:59,Overcast,Wet,Daylight,Northgate-Haller Lake,-122.3347128,47.71959321
-122.344724,47.70686822,AURORA AVE N AND N 107TH N ST,1,Property Damage Only Collision,Angles,2,2,0,0,0,6/11/08 18:11,Overcast,Dry,Daylight,Northgate-Haller Lake,-122.3347128,47.71959321
-122.334001,47.70911658,MERIDIAN AVE N BETWEEN N NORTHGATE WAY AND N 112TH ST,1,Property Damage Only Collision,Sideswipe,3,2,0,0,0,6/13/12 15:29,Overcast,Dry,Daylight,Northgate-Haller Lake,-122.3347128,47.71959321
-122.3449968,47.72503555,AURORA AVE N BETWEEN N 130TH ST AND N 135TH ST,2,Injury Collision,Rear Ended,2,2,1,0,0,7/20/07 17:28,Raining,Wet,Daylight,Northgate-Haller Lake,-122.3347128,47.71959321
-122.3340707,47.71319795,MERIDIAN AVE N BETWEEN N 115TH ST AND N 117TH ST,0,Unknown,,0,0,0,0,0,5/12/17,,,,Northgate-Haller Lake,-122.3347128,47.71959321
-122.3357286,47.70760601,BURKE AVE N BETWEEN N NORTHGATE WAY AND DEAD END 2,0,Unknown,,2,0,0,0,0,9/21/17,,,,Northgate-Haller Lake,-122.3347128,47.71959321
-122.3413593,47.70689094,N 107TH ST BETWEEN STONE AVE N AND INTERLAKE AVE N,1,Property Damage Only Collision,Other,1,1,0,0,0,4/22/13 21:20,Clear or Partly Cloudy,Dry,Dark - Street Lights On,Northgate-Haller Lake,-122.3347128,47.71959321
-122.3436285,47.72321114,N 130TH ST BETWEEN AURORA AVE N AND STONE AVE N,2,Injury Collision,,2,0,1,0,0,4/30/13,,,,Northgate-Haller Lake,-122.3347128,47.71959321
-122.3422844,47.72368694,STONE AVE N BETWEEN N 130TH ST AND N 131ST ST,1,Property Damage Only Collision,Parked Car,2,2,0,0,0,11/7/14 8:00,Overcast,Dry,Daylight,Northgate-Haller Lake,-122.3347128,47.71959321
-122.3449468,47.72048199,AURORA AVE N BETWEEN N 125TH ST AND N 127TH ST,2,Injury Collision,Angles,4,4,1,0,0,11/4/16 13:40,Clear or Partly Cloudy,Dry,Daylight,Northgate-Haller Lake,-122.3347128,47.71959321
-122.3313137,47.70864592,CORLISS AVE N AND N NORTHGATE WAY,0,Unknown,,0,0,0,0,0,8/6/12,,,,Northgate-Haller Lake,-122.3347128,47.71959321
-122.3288757,47.73136045,1ST AVE NE BETWEEN NE 140TH ST AND N 143RD ST,1,Property Damage Only Collision,Other,1,1,0,0,0,1/8/17 1:50,Clear or Partly Cloudy,Dry,Dark - Street Lights On,Northgate-Haller Lake,-122.3347128,47.71959321
-122.343471,47.71231577,N 115TH ST BETWEEN AURORA AVE N AND STONE AVE N,1,Property Damage Only Collision,Angles,2,2,0,0,0,2/4/16 14:18,Overcast,Dry,Daylight,Northgate-Haller Lake,-122.3347128,47.71959321
-122.3450953,47.73397284,AURORA AVE N BETWEEN ROOSEVELT WAY N AND N 145TH ST,1,Property Damage Only Collision,Rear Ended,4,3,0,0,0,2/11/04 14:00,Clear or Partly Cloudy,Dry,Daylight,Northgate-Haller Lake,-122.3347128,47.71959321
-122.3436285,47.72321114,N 130TH ST BETWEEN AURORA AVE N AND STONE AVE N,1,Property Damage Only Collision,Rear Ended,2,2,0,0,0,8/2/04,Clear or Partly Cloudy,Dry,Daylight,Northgate-Haller Lake,-122.3347128,47.71959321
-122.3313137,47.70864592,CORLISS AVE N AND N NORTHGATE WAY,2,Injury Collision,Left Turn,2,2,1,0,0,5/25/04 1:30,Clear or Partly Cloudy,Dry,Dark - Street Lights On,Northgate-Haller Lake,-122.3347128,47.71959321
-122.3379551,47.71834173,DENSMORE AVE N BETWEEN N 122ND ST AND N 125TH ST,1,Property Damage Only Collision,Other,1,1,0,0,0,10/28/04 23:16,Raining,Wet,Dark - Street Lights On,Northgate-Haller Lake,-122.3347128,47.71959321
-122.3447336,47.70745411,AURORA AVE N BETWEEN N 107TH N ST AND N 109TH ST,1,Property Damage Only Collision,Rear Ended,2,2,0,0,0,6/22/04 15:00,Clear or Partly Cloudy,Dry,Daylight,Northgate-Haller Lake,-122.3347128,47.71959321
-122.3449669,47.72230187,AURORA AVE N AND N 128TH ST,2,Injury Collision,Left Turn,3,2,1,0,0,8/6/04,Overcast,Wet,Daylight,Northgate-Haller Lake,-122.3347128,47.71959321
-122.3449719,47.72275671,AURORA AVE N BETWEEN N 128TH ST AND N 130TH ST,2,Injury Collision,Rear Ended,5,2,1,0,0,4/10/13 21:21,Clear or Partly Cloudy,Dry,Dark - Street Lights On,Northgate-Haller Lake,-122.3347128,47.71959321
-122.3421452,47.71353972,STONE AVE N BETWEEN N 115TH ST AND DEAD END 1,1,Property Damage Only Collision,Parked Car,2,2,0,0,0,4/4/13 15:50,Unknown,Unknown,Unknown,Northgate-Haller Lake,-122.3347128,47.71959321
-122.3264123,47.72713035,3RD AVE NE BETWEEN NE 135TH ST AND NE 136TH ST,1,Property Damage Only Collision,Other,1,1,0,0,0,10/19/04 2:00,Clear or Partly Cloudy,Dry,Unknown,Northgate-Haller Lake,-122.3347128,47.71959321
-122.3450771,47.73230966,AURORA AVE N AND N 143RD ST,2,Injury Collision,Angles,2,2,1,0,0,12/18/04 18:49,Overcast,Dry,Dark - Street Lights On,Northgate-Haller Lake,-122.3347128,47.71959321
-122.3435924,47.71957199,N 125TH ST BETWEEN AURORA AVE N AND STONE AVE N,1,Property Damage Only Collision,Other,2,2,0,0,0,8/13/18 9:13,Clear or Partly Cloudy,Dry,Daylight,Northgate-Haller Lake,-122.3347128,47.71959321
-122.3288783,47.7261161,1ST AVE NE AND ROOSEVELT WAY NE,0,Unknown,,0,0,0,0,0,2/3/04,,,,Northgate-Haller Lake,-122.3347128,47.71959321
-122.3449769,47.72321155,AURORA AVE N AND N 130TH ST,2,Injury Collision,Angles,2,2,2,0,0,3/22/04 6:39,Clear or Partly Cloudy,Dry,Daylight,Northgate-Haller Lake,-122.3347128,47.71959321
-122.3436285,47.72321114,N 130TH ST BETWEEN AURORA AVE N AND STONE AVE N,1,Property Damage Only Collision,Rear Ended,2,2,0,0,0,12/25/04 13:20,Raining,Wet,Daylight,Northgate-Haller Lake,-122.3347128,47.71959321
-122.3449719,47.72275671,AURORA AVE N BETWEEN N 128TH ST AND N 130TH ST,1,Property Damage Only Collision,Rear Ended,3,2,0,0,0,2/8/04,Clear or Partly Cloudy,Dry,Daylight,Northgate-Haller Lake,-122.3347128,47.71959321
-122.3287809,47.71498315,1ST AVE NE BETWEEN N 117TH ST AND NE 120TH ST,0,Unknown,,0,0,0,0,0,4/16/04,,,,Northgate-Haller Lake,-122.3347128,47.71959321
-122.3313137,47.70864592,CORLISS AVE N AND N NORTHGATE WAY,1,Property Damage Only Collision,Angles,3,2,0,0,0,4/18/04 8:45,Clear or Partly Cloudy,Dry,Daylight,Northgate-Haller Lake,-122.3347128,47.71959321
-122.3421243,47.7123123,STONE AVE N AND N 115TH ST,2b,Serious Injury Collision,Angles,3,2,1,1,0,7/11/04 14:37,Clear or Partly Cloudy,Dry,Daylight,Northgate-Haller Lake,-122.3347128,47.71959321
-122.3450853,47.73306346,AURORA AVE N BETWEEN N 143RD ST AND ROOSEVELT WAY N,2,Injury Collision,Rear Ended,2,2,1,0,0,5/20/19 10:21,Raining,Wet,Daylight,Northgate-Haller Lake,-122.3347128,47.71959321
-122.3448525,47.71477675,AURORA AVE N AND N 117TH PL,2,Injury Collision,Pedestrian,2,1,1,0,0,6/7/04,Overcast,Dry,Daylight,Northgate-Haller Lake,-122.3347128,47.71959321
-122.3288936,47.7249847,1ST AVE NE AND NE 133RD ST,2,Injury Collision,Angles,2,2,1,0,0,4/12/13 9:28,Overcast,Dry,Daylight,Northgate-Haller Lake,-122.3347128,47.71959321
-122.3449568,47.72139178,AURORA AVE N AND N 127TH ST,1,Property Damage Only Collision,Head On,2,2,0,0,0,11/8/04,Clear or Partly Cloudy,Dry,Daylight,Northgate-Haller Lake,-122.3347128,47.71959321
-122.3422757,47.7226917,STONE AVE N BETWEEN N 128TH ST AND N 130TH ST,2,Injury Collision,Parked Car,3,3,1,0,0,10/2/04,Clear or Partly Cloudy,Dry,Daylight,Northgate-Haller Lake,-122.3347128,47.71959321
-122.3449368,47.71957221,AURORA AVE N AND N 125TH ST,1,Property Damage Only Collision,Left Turn,3,2,0,0,0,5/13/04 21:00,Clear or Partly Cloudy,Dry,Dark - Street Lights On,Northgate-Haller Lake,-122.3347128,47.71959321
-122.3449719,47.72275671,AURORA AVE N BETWEEN N 128TH ST AND N 130TH ST,2,Injury Collision,Rear Ended,5,3,2,0,0,12/19/04 15:20,Raining,Wet,Daylight,Northgate-Haller Lake,-122.3347128,47.71959321
-122.3422844,47.72368694,STONE AVE N BETWEEN N 130TH ST AND N 131ST ST,2,Injury Collision,Rear Ended,3,2,1,0,0,1/16/04 12:21,Overcast,Dry,Daylight,Northgate-Haller Lake,-122.3347128,47.71959321
-122.3406484,47.70504576,INTERLAKE AVE N AND N NORTHGATE WAY,1,Property Damage Only Collision,Left Turn,2,2,0,0,0,3/26/04 14:14,Overcast,Wet,Daylight,Northgate-Haller Lake,-122.3347128,47.71959321
-122.3433447,47.70596341,MIDVALE AVE N BETWEEN N NORTHGATE WAY AND N 107TH ST,1,Property Damage Only Collision,Parked Car,2,2,0,0,0,5/30/04 11:51,Unknown,Unknown,Unknown,Northgate-Haller Lake,-122.3347128,47.71959321
-122.3448343,47.71354798,AURORA AVE N BETWEEN N 115TH ST AND N 117TH PL,2,Injury Collision,Rear Ended,6,2,2,0,0,10/3/04,Clear or Partly Cloudy,Dry,Daylight,Northgate-Haller Lake,-122.3347128,47.71959321
-122.3450853,47.73306346,AURORA AVE N BETWEEN N 143RD ST AND ROOSEVELT WAY N,2,Injury Collision,Other,3,2,1,0,0,3/5/04,Clear or Partly Cloudy,Dry,Daylight,Northgate-Haller Lake,-122.3347128,47.71959321
-122.3449968,47.72503555,AURORA AVE N BETWEEN N 130TH ST AND N 135TH ST,2,Injury Collision,Rear Ended,3,3,1,0,0,5/22/04 15:05,Overcast,Wet,Daylight,Northgate-Haller Lake,-122.3347128,47.71959321
-122.3178893,47.71094927,ROOSEVELT WAY NE AND NE 113TH N ST,2b,Serious Injury Collision,,1,0,1,0,0,3/27/13,,,,Northgate-Pinehurst,-122.3212337,47.72129877
-122.3194847,47.72060406,ROOSEVELT WAY NE BETWEEN NE 125TH N ST AND NE 127TH ST,1,Property Damage Only Collision,Rear Ended,3,2,0,0,0,11/22/05 3:20,Clear or Partly Cloudy,Dry,Dark - Street Lights On,Northgate-Pinehurst,-122.3212337,47.72129877
-122.3259678,47.70910524,3RD AVE NE BETWEEN NE NORTHGATE WAY AND NE 112TH ST,1,Property Damage Only Collision,Right Turn,2,2,0,0,0,3/26/13 18:04,Overcast,Dry,Daylight,Northgate-Pinehurst,-122.3212337,47.72129877
-122.3178713,47.70978936,PINEHURST WAY NE AND ROOSEVELT S WAY NE,1,Property Damage Only Collision,Left Turn,2,2,0,0,0,12/27/10 19:36,Raining,Wet,Dark - Street Lights On,Northgate-Pinehurst,-122.3212337,47.72129877
-122.3125336,47.71512975,15TH AVE NE BETWEEN PINEHURST WAY NE AND NE 120TH ST,1,Property Damage Only Collision,Rear Ended,2,2,0,0,0,5/14/19 8:48,Raining,Wet,Daylight,Northgate-Pinehurst,-122.3212337,47.72129877
-122.3176854,47.71582274,NE 120TH ST BETWEEN ROOSEVELT WAY NE AND 10TH PL NE,1,Property Damage Only Collision,Sideswipe,2,2,0,0,0,3/3/04,Overcast,Wet,Daylight,Northgate-Pinehurst,-122.3212337,47.72129877
-122.3219663,47.72215775,ROOSEVELT WAY NE BETWEEN NE 127TH ST AND NE 130TH S ST,2,Injury Collision,Rear Ended,2,2,1,0,0,3/27/13 18:25,Clear or Partly Cloudy,Dry,Daylight,Northgate-Pinehurst,-122.3212337,47.72129877
-122.3219204,47.70858579,NE NORTHGATE WAY BETWEEN 5TH AVE NE AND 8TH AVE NE,1,Property Damage Only Collision,Other,2,2,0,0,0,12/12/06 14:42,Clear or Partly Cloudy,Wet,Daylight,Northgate-Pinehurst,-122.3212337,47.72129877
-122.329974,47.70863743,N NORTHGATE WAY BETWEEN CORLISS AVE N AND 1ST AVE NE,1,Property Damage Only Collision,Rear Ended,2,2,0,0,0,3/28/13 11:11,Clear or Partly Cloudy,Dry,Daylight,Northgate-Pinehurst,-122.3212337,47.72129877
-122.3219204,47.70858579,NE NORTHGATE WAY BETWEEN 5TH AVE NE AND 8TH AVE NE,2,Injury Collision,Angles,3,2,3,0,0,3/29/13 12:27,Clear or Partly Cloudy,Dry,Daylight,Northgate-Pinehurst,-122.3212337,47.72129877
-122.3178522,47.70856099,ROOSEVELT WAY NE AND NE NORTHGATE WAY,2,Injury Collision,Pedestrian,2,1,1,0,0,3/30/13 20:47,Clear or Partly Cloudy,Dry,Dark - Street Lights On,Northgate-Pinehurst,-122.3212337,47.72129877
-122.3163082,47.7230616,NE 130TH ST BETWEEN DEAD END 2 AND 12TH AVE NE,1,Property Damage Only Collision,Other,1,1,0,0,0,5/27/05 6:00,Clear or Partly Cloudy,Dry,Dark - Street Lights On,Northgate-Pinehurst,-122.3212337,47.72129877
-122.3169436,47.71944189,NE 125TH ST BETWEEN NE 125TH SR W ST AND 11TH AVE NE,2,Injury Collision,Rear Ended,2,2,1,0,0,3/27/13 21:26,Overcast,Dry,Dark - Street Lights On,Northgate-Pinehurst,-122.3212337,47.72129877
-122.3151926,47.71219775,PINEHURST WAY NE AND NE 115TH ST,1,Property Damage Only Collision,Angles,2,2,0,0,0,8/5/06,Clear or Partly Cloudy,Dry,Daylight,Northgate-Pinehurst,-122.3212337,47.72129877
-122.312648,47.71850674,15TH AVE NE BETWEEN NE 123RD ST AND NE 125TH ST,1,Property Damage Only Collision,Parked Car,2,2,0,0,0,5/13/19 8:00,Clear or Partly Cloudy,Dry,Daylight,Northgate-Pinehurst,-122.3212337,47.72129877
-122.3235647,47.72311934,ROOSEVELT WAY NE AND NE 130TH N ST,1,Property Damage Only Collision,Sideswipe,2,2,0,0,0,12/13/18 8:01,Overcast,Wet,Daylight,Northgate-Pinehurst,-122.3212337,47.72129877
-122.3286214,47.70954815,1ST AVE NE BETWEEN NE NORTHGATE WAY AND 1ST PL NE,0,Unknown,,0,0,0,0,0,10/22/15,,,,Northgate-Pinehurst,-122.3212337,47.72129877
-122.3235727,47.72203501,5TH AVE NE AND 130TH ST OFF RP,1,Property Damage Only Collision,Angles,2,2,0,0,0,12/15/13 13:10,Overcast,Dry,Daylight,Northgate-Pinehurst,-122.3212337,47.72129877
-122.3154063,47.71943187,12TH AVE NE AND NE 125TH ST,2,Injury Collision,Rear Ended,5,3,3,0,0,8/1/14 17:15,Clear or Partly Cloudy,Dry,Daylight,Northgate-Pinehurst,-122.3212337,47.72129877
-122.3234077,47.71313906,5TH AVE NE BETWEEN NE 115TH ST AND NE 117TH ST,1,Property Damage Only Collision,Parked Car,2,2,0,0,0,11/25/14 19:00,Unknown,Unknown,Unknown,Northgate-Pinehurst,-122.3212337,47.72129877
-122.3161738,47.71943687,11TH AVE NE AND NE 125TH ST,1,Property Damage Only Collision,Right Turn,4,2,0,0,0,8/2/11,Clear or Partly Cloudy,Dry,Daylight,Northgate-Pinehurst,-122.3212337,47.72129877
-122.3208627,47.71946775,8TH AVE NE AND NE 125TH ST,2,Injury Collision,Angles,4,2,1,0,0,12/19/10 12:20,Clear or Partly Cloudy,Dry,Daylight,Northgate-Pinehurst,-122.3212337,47.72129877
-122.3226973,47.71222828,NE 115TH ST BETWEEN 5TH AVE NE AND 7TH AVE NE,1,Property Damage Only Collision,Parked Car,2,2,0,0,0,7/10/07 17:19,Clear or Partly Cloudy,Dry,Daylight,Northgate-Pinehurst,-122.3212337,47.72129877
-122.313794,47.71035499,14TH AVE NE AND NE 113TH ST,1,Property Damage Only Collision,Parked Car,3,3,0,0,0,5/6/07,Clear or Partly Cloudy,Dry,Dark - Street Lights On,Northgate-Pinehurst,-122.3212337,47.72129877
-122.3192088,47.70856922,NE NORTHGATE WAY BETWEEN 8TH AVE NE AND ROOSEVELT WAY NE,2,Injury Collision,Sideswipe,4,2,1,0,0,12/12/07 16:00,Clear or Partly Cloudy,Dry,Daylight,Northgate-Pinehurst,-122.3212337,47.72129877