X,Y,LOCATION,SEVERITYCODE,SEVERITYDESC,COLLISIONTYPE,PERSONCOUNT,VEHCOUNT,INJURIES,SERIOUSINJURIES,FATALITIES,INCDTTM,WEATHER,ROADCOND,LIGHTCOND,NEIGHBORHOOD,NX,NY
-122.3239554,47.65525972,NE PACIFIC ST BETWEEN 4TH AVE NE AND NE 40TH ST,2b,Serious Injury Collision,Pedestrian,2,1,1,1,0,1/12/04 17:05,Raining,Wet,Dark - Street Lights On,Wallingford-Wallingford,-122.3344763,47.65879154
-122.3370415,47.66503511,N 50TH ST BETWEEN DENSMORE AVE N AND WALLINGFORD AVE N,1,Property Damage Only Collision,Rear Ended,3,3,0,0,0,4/5/13 14:17,Clear or Partly Cloudy,Dry,Daylight,Wallingford-Wallingford,-122.3344763,47.65879154
-122.347315,47.66465278,AURORA AVE N BETWEEN N 49TH ST AND N 50 UPPER ST,2,Injury Collision,Rear Ended,5,2,3,0,0,7/15/04 14:51,Clear or Partly Cloudy,Dry,Daylight,Wallingford-Wallingford,-122.3344763,47.65879154
-122.324564,47.65552862,4TH AVE NE AND NE 40TH ST,1,Property Damage Only Collision,Angles,2,2,0,0,0,10/27/04 9:52,Clear or Partly Cloudy,Dry,Daylight,Wallingford-Wallingford,-122.3344763,47.65879154
-122.3319542,47.66137796,N 45TH ST BETWEEN BAGLEY AVE N AND CORLISS AVE N,1,Property Damage Only Collision,Rear Ended,3,2,0,0,0,9/6/18 8:23,Clear or Partly Cloudy,Dry,Daylight,Wallingford-Wallingford,-122.3344763,47.65879154
-122.3473216,47.66393868,AURORA AVE N BETWEEN N 48TH ST AND N 49TH ST,3,Fatality Collision,Other,1,1,0,0,1,8/16/04 18:08,Clear or Partly Cloudy,Dry,Daylight,Wallingford-Wallingford,-122.3344763,47.65879154
-122.3374511,47.66577347,N 51ST ST BETWEEN WOODLAWN AVE N AND WALLINGFORD AVE N,1,Property Damage Only Collision,Parked Car,2,2,0,0,0,11/21/04 17:19,Clear or Partly Cloudy,Dry,Dark - Street Lights On,Wallingford-Wallingford,-122.3344763,47.65879154
-122.3324939,47.64829623,N NORTHLAKE WAY BETWEEN MERIDIAN AVE N AND CORLISS AVE N,0,Unknown,,0,0,0,0,0,7/11/18,,,,Wallingford-Wallingford,-122.3344763,47.65879154
-122.3331535,47.66029394,N 44TH ST BETWEEN MERIDIAN AVE N AND BAGLEY AVE N,1,Property Damage Only Collision,Parked Car,2,2,0,0,0,1/30/04 21:20,Unknown,Unknown,Unknown,Wallingford-Wallingford,-122.3344763,47.65879154
-122.3307486,47.66261919,N 46TH ST BETWEEN CORLISS AVE N AND SUNNYSIDE AVE N,0,Unknown,,0,0,0,0,0,12/14/04,,,,Wallingford-Wallingford,-122.3344763,47.65879154
-122.3368558,47.6556518,N 40TH ST BETWEEN DENSMORE AVE N AND WALLINGFORD AVE N,1,Property Damage Only Collision,Rear Ended,2,2,0,0,0,8/3/04,Clear or Partly Cloudy,Wet,Dusk,Wallingford-Wallingford,-122.3344763,47.65879154
-122.3344372,47.66503562,N 50TH ST BETWEEN BURKE AVE N AND MERIDIAN AVE N,2,Injury Collision,Rear Ended,0,2,1,0,0,1/28/04 19:00,Raining,Wet,Dark - Street Lights On,Wallingford-Wallingford,-122.3344763,47.65879154
-122.3406469,47.66286584,INTERLAKE AVE N AND N 47TH ST,1,Property Damage Only Collision,Angles,2,2,0,0,0,1/10/04 9:00,Overcast,Wet,Daylight,Wallingford-Wallingford,-122.3344763,47.65879154
-122.3385712,47.66085388,WOODLAWN AVE N BETWEEN N 44TH ST AND N 45TH E ST,1,Property Damage Only Collision,,2,0,0,0,0,1/17/13,,,,Wallingford-Wallingford,-122.3344763,47.65879154
-122.3426269,47.65161865,STONE WAY N BETWEEN N 36TH ST AND N 38TH ST,1,Property Damage Only Collision,Rear Ended,2,2,0,0,0,1/10/12 10:30,Clear or Partly Cloudy,Wet,Daylight,Wallingford-Wallingford,-122.3344763,47.65879154
-122.3331353,47.66138374,N 45TH ST BETWEEN MERIDIAN AVE N AND BAGLEY AVE N,0,Unknown,,0,0,0,0,0,10/21/12,,,,Wallingford-Wallingford,-122.3344763,47.65879154
-122.3427055,47.64997533,STONE WAY N BETWEEN N 35TH ST AND N 36TH ST,2,Injury Collision,Rear Ended,5,3,1,0,0,12/6/08,Overcast,Dry,Daylight,Wallingford-Wallingford,-122.3344763,47.65879154
-122.3453198,47.66212578,N 46TH ST BETWEEN GREEN LAKE WAY N AND WOODLAND PARK AVE N,2,Injury Collision,Rear Ended,0,2,1,0,0,8/22/17 15:32,Clear or Partly Cloudy,Dry,Daylight,Wallingford-Wallingford,-122.3344763,47.65879154
-122.3406718,47.66067269,INTERLAKE AVE N AND N ALLEN PL,1,Property Damage Only Collision,Angles,4,2,0,0,0,2/22/13 9:25,Raining,Wet,Daylight,Wallingford-Wallingford,-122.3344763,47.65879154
-122.3229563,47.66133335,5TH AVE NE AND NE 45TH ST,1,Property Damage Only Collision,Sideswipe,2,2,0,0,0,12/8/09,Clear or Partly Cloudy,Dry,Dark - Street Lights On,Wallingford-Wallingford,-122.3344763,47.65879154
-122.3387252,47.64920736,WOODLAWN AVE N AND N 35TH ST,2,Injury Collision,Angles,2,2,1,0,0,10/3/14 8:19,Clear or Partly Cloudy,Dry,Daylight,Wallingford-Wallingford,-122.3344763,47.65879154
-122.3331535,47.66029394,N 44TH ST BETWEEN MERIDIAN AVE N AND BAGLEY AVE N,0,Unknown,,0,0,0,0,0,11/24/13,,,,Wallingford-Wallingford,-122.3344763,47.65879154
-122.3445694,47.66287935,GREEN LAKE WAY N AND WOODLAND PARK AVE N,1,Property Damage Only Collision,Angles,2,2,0,0,0,3/14/11 11:19,Raining,Wet,Daylight,Wallingford-Wallingford,-122.3344763,47.65879154
-122.3335532,47.6729226,MERIDIAN AVE N AND N 61ST ST,2,Injury Collision,Cycles,2,1,1,0,0,8/17/11 21:00,Clear or Partly Cloudy,Dry,Dark - Street Lights On,Wallingford-Wallingford,-122.3344763,47.65879154
-122.3277324,47.66499993,NE 50TH ST BETWEEN 1ST AVE NE AND 2ND AVE NE,2,Injury Collision,Rear Ended,6,2,1,0,0,4/28/12 14:00,Clear or Partly Cloudy,Dry,Daylight,Wallingford-Wallingford,-122.3344763,47.65879154
-122.3406875,47.66428987,STONE WAY N AND N 49TH ST,2,Injury Collision,Cycles,4,1,1,0,0,8/7/13 12:22,Clear or Partly Cloudy,Dry,Daylight,Wallingford-Wallingford,-122.3344763,47.65879154
-122.3226081,47.65920981,I5 SB BETWEEN 45TH ST ON RP AND 50TH ST ON RP,0,Unknown,,0,0,0,0,0,7/28/13,,,,Wallingford-Wallingford,-122.3344763,47.65879154
-122.3362571,47.65564871,WALLINGFORD AVE N AND N 40TH ST,1,Property Damage Only Collision,Angles,4,3,0,0,0,10/28/16 9:25,Clear or Partly Cloudy,Dry,Daylight,Wallingford-Wallingford,-122.3344763,47.65879154
-122.3331753,47.65912599,N 43RD ST BETWEEN MERIDIAN AVE N AND BAGLEY AVE N,1,Property Damage Only Collision,Parked Car,2,2,0,0,0,3/5/10 18:03,Clear or Partly Cloudy,Dry,Dusk,Wallingford-Wallingford,-122.3344763,47.65879154
-122.3339072,47.6486075,MERIDIAN AVE N BETWEEN N 34TH ST AND N 35TH ST,1,Property Damage Only Collision,Sideswipe,3,2,0,0,0,2/1/17 18:04,Clear or Partly Cloudy,Dry,Dark - Street Lights On,Wallingford-Wallingford,-122.3344763,47.65879154
-122.3344443,47.65562822,N 40TH ST BETWEEN BURKE AVE N AND MERIDIAN AVE N,1,Property Damage Only Collision,Other,1,1,0,0,0,9/23/12 12:57,Clear or Partly Cloudy,Dry,Daylight,Wallingford-Wallingford,-122.3344763,47.65879154
-122.3363155,47.65124022,WALLINGFORD AVE N BETWEEN N 36TH ST AND N 37TH ST,1,Property Damage Only Collision,Parked Car,2,2,0,0,0,4/8/07,Unknown,Unknown,Dark - Street Lights On,Wallingford-Wallingford,-122.3344763,47.65879154
-122.3289928,47.65969203,EASTERN AVE N BETWEEN N 43RD ST AND N 44TH ST,1,Property Damage Only Collision,Parked Car,2,2,0,0,0,3/6/08,Clear or Partly Cloudy,Dry,Daylight,Wallingford-Wallingford,-122.3344763,47.65879154
-122.342092,47.66420913,STONE AVE N BETWEEN GREEN LAKE WAY N AND N 49TH ST,1,Property Damage Only Collision,Parked Car,2,2,0,0,0,4/13/13 17:35,Overcast,Wet,Daylight,Wallingford-Wallingford,-122.3344763,47.65879154
-122.3406625,47.66138558,INTERLAKE AVE N AND N 45TH ST,2,Injury Collision,Angles,3,2,1,0,0,4/4/13 9:32,Overcast,Wet,Daylight,Wallingford-Wallingford,-122.3344763,47.65879154
-122.3282678,47.66500266,1ST AVE NE AND NE 50TH ST,2,Injury Collision,Angles,2,2,1,0,0,2/16/04 10:40,Raining,Wet,Daylight,Wallingford-Wallingford,-122.3344763,47.65879154
-122.3411448,47.66503632,N 50TH ST BETWEEN STONE AVE N AND GREEN LAKE WAY N,2,Injury Collision,Cycles,2,1,1,0,0,4/4/13 17:05,Raining,Wet,Daylight,Wallingford-Wallingford,-122.3344763,47.65879154
-122.3399116,47.66138572,N 45TH ST BETWEEN INTERLAKE AVE N AND WOODLAWN W AVE N,1,Property Damage Only Collision,Parked Car,2,2,0,0,0,2/7/04,Overcast,Dry,Dark - Street Lights On,Wallingford-Wallingford,-122.3344763,47.65879154
-122.3344372,47.66503562,N 50TH ST BETWEEN BURKE AVE N AND MERIDIAN AVE N,1,Property Damage Only Collision,Rear Ended,3,2,0,0,0,4/12/13 12:10,Overcast,Dry,Daylight,Wallingford-Wallingford,-122.3344763,47.65879154
-122.334521,47.64918644,N 35TH ST BETWEEN BURKE AVE N AND MERIDIAN AVE N,2,Injury Collision,Parked Car,3,3,1,0,0,5/28/04 11:59,Overcast,Wet,Daylight,Wallingford-Wallingford,-122.3344763,47.65879154
-122.342395,47.65628393,STONE WAY N BETWEEN N LUCAS PL AND N 41ST S ST,1,Property Damage Only Collision,Rear Ended,5,2,0,0,0,7/4/04,Clear or Partly Cloudy,Dry,Dark - Street Lights On,Wallingford-Wallingford,-122.3344763,47.65879154
-122.3362329,47.65739924,WALLINGFORD AVE N BETWEEN N 41ST ST AND N 42ND ST,1,Property Damage Only Collision,Parked Car,2,2,0,0,0,1/4/04,Clear or Partly Cloudy,Dry,Daylight,Wallingford-Wallingford,-122.3344763,47.65879154
-122.3467141,47.66212924,N 46 UPPER ST BETWEEN AURORA AVE N AND WHITMAN AVE N,1,Property Damage Only Collision,Other,1,1,0,0,0,4/7/13 15:20,Raining,Wet,Daylight,Wallingford-Wallingford,-122.3344763,47.65879154
-122.3337187,47.66503572,MERIDIAN AVE N AND N 50TH ST,2,Injury Collision,Angles,3,2,2,0,0,6/29/04 7:14,Clear or Partly Cloudy,Dry,Daylight,Wallingford-Wallingford,-122.3344763,47.65879154
-122.3453198,47.66212578,N 46TH ST BETWEEN GREEN LAKE WAY N AND WOODLAND PARK AVE N,0,Unknown,,0,0,0,0,0,10/29/04,,,,Wallingford-Wallingford,-122.3344763,47.65879154
-122.3344372,47.66503562,N 50TH ST BETWEEN BURKE AVE N AND MERIDIAN AVE N,2,Injury Collision,Rear Ended,2,2,1,0,0,4/4/13 7:31,Raining,Wet,Daylight,Wallingford-Wallingford,-122.3344763,47.65879154
-122.3460854,47.66249653,WHITMAN AVE N BETWEEN N 46TH ST AND N 47TH ST,1,Property Damage Only Collision,Sideswipe,3,3,0,0,0,2/5/18 18:04,Raining,Wet,Dark - Street Lights On,Wallingford-Wallingford,-122.3344763,47.65879154
-122.3350816,47.65430975,BURKE AVE N AND N 39TH ST,2,Injury Collision,Angles,2,2,1,0,0,3/27/13 14:40,Overcast,Dry,Daylight,Wallingford-Wallingford,-122.3344763,47.65879154
-122.3381256,47.66138668,N 45TH ST BETWEEN WOODLAWN E AVE N AND DENSMORE W AVE N,0,Unknown,,0,0,0,0,0,11/26/04,,,,Wallingford-Wallingford,-122.3344763,47.65879154
-122.3282678,47.66500266,1ST AVE NE AND NE 50TH ST,0,Unknown,,0,0,0,0,0,12/9/04,,,,Wallingford-Wallingford,-122.3344763,47.65879154
-122.3245669,47.65532271,4TH AVE NE BETWEEN NE PACIFIC ST AND NE 40TH ST,0,Unknown,,0,0,0,0,0,5/18/04,,,,Wallingford-Wallingford,-122.3344763,47.65879154
-122.3368348,47.66138638,N 45TH ST BETWEEN DENSMORE E AVE N AND WALLINGFORD AVE N,2,Injury Collision,Rear Ended,2,2,1,0,0,10/20/04 11:57,Clear or Partly Cloudy,Dry,Daylight,Wallingford-Wallingford,-122.3344763,47.65879154
-122.3245186,47.66498115,NE 50TH ST BETWEEN LATONA E AVE NE AND 4TH AVE NE,1,Property Damage Only Collision,,1,0,0,0,0,11/16/19,,,,Wallingford-Wallingford,-122.3344763,47.65879154
-122.3255547,47.66934671,LATONA AVE NE AND NE 56TH ST,1,Property Damage Only Collision,Angles,2,2,0,0,0,5/17/04 18:17,Clear or Partly Cloudy,Dry,Daylight,Wallingford-Wallingford,-122.3344763,47.65879154
-122.3305829,47.6650174,SUNNYSIDE AVE N AND N 50TH ST,1,Property Damage Only Collision,Angles,2,2,0,0,0,11/23/04 15:06,Raining,Wet,Daylight,Wallingford-Wallingford,-122.3344763,47.65879154
-122.3418227,47.66248151,STONE WAY N BETWEEN N 46TH ST AND N 47TH ST,0,Unknown,,0,0,0,0,0,2/14/19,,,,Wallingford-Wallingford,-122.3344763,47.65879154
-122.3419119,47.65411856,N 39TH ST BETWEEN STONE WAY N AND INTERLAKE AVE N,0,Unknown,,0,0,0,0,0,1/15/18,,,,Wallingford-Wallingford,-122.3344763,47.65879154
-122.3363509,47.64804509,WALLINGFORD AVE N AND N 34TH ST,2,Injury Collision,Left Turn,2,2,1,0,0,4/2/13 9:35,Clear or Partly Cloudy,Dry,Daylight,Wallingford-Wallingford,-122.3344763,47.65879154
-122.3228816,47.66315189,5TH AVE NE AND NE 47TH ST,1,Property Damage Only Collision,Other,1,1,0,0,0,5/31/04 5:01,Raining,Wet,Dark - Street Lights On,Wallingford-Wallingford,-122.3344763,47.65879154
-122.3284665,47.65555414,N 40TH ST BETWEEN EASTERN AVE N AND 1ST AVE NE,0,Unknown,,0,0,0,0,0,1/29/18,,,,Wallingford-Wallingford,-122.3344763,47.65879154
-122.3226917,47.65551734,6TH AVE NE AND NE 40TH ST,2,Injury Collision,Angles,3,2,1,0,0,4/11/13 22:50,Clear or Partly Cloudy,Dry,Dark - Street Lights On,Wallingford-Wallingford,-122.3344763,47.65879154
-122.3337187,47.66503572,MERIDIAN AVE N AND N 50TH ST,0,Unknown,,0,0,0,0,0,12/26/04,,,,Wallingford-Wallingford,-122.3344763,47.65879154
-122.3406875,47.66428987,STONE WAY N AND N 49TH ST,2,Injury Collision,Angles,5,3,1,0,0,11/28/04 15:40,Clear or Partly Cloudy,Dry,Daylight,Wallingford-Wallingford,-122.3344763,47.65879154
-122.3256433,47.66134675,NE 45TH ST BETWEEN THACKERAY PL NE AND LATONA AVE NE,0,Unknown,,0,0,0,0,0,12/10/04,,,,Wallingford-Wallingford,-122.3344763,47.65879154
-122.3399116,47.66138572,N 45TH ST BETWEEN INTERLAKE AVE N AND WOODLAWN W AVE N,1,Property Damage Only Collision,Sideswipe,2,2,0,0,0,12/1/04,Overcast,Wet,Dark - Street Lights On,Wallingford-Wallingford,-122.3344763,47.65879154
-122.3323654,47.6650279,N 50TH ST BETWEEN MERIDIAN AVE N AND KEYSTONE WR PL N,1,Property Damage Only Collision,Rear Ended,2,2,0,0,0,7/9/04,Clear or Partly Cloudy,Dry,Daylight,Wallingford-Wallingford,-122.3344763,47.65879154
-122.3242323,47.66570568,NE 51ST ST BETWEEN LATONA AVE NE AND 5TH AVE NE,1,Property Damage Only Collision,Parked Car,2,2,0,0,0,7/20/04 23:00,Clear or Partly Cloudy,Dry,Dark - Street Lights On,Wallingford-Wallingford,-122.3344763,47.65879154
-122.3400995,47.6547147,ASHWORTH AVE N BETWEEN N 39TH N ST AND N DOROTHY PL,1,Property Damage Only Collision,Parked Car,2,2,0,0,0,6/19/04 12:05,Clear or Partly Cloudy,Dry,Daylight,Wallingford-Wallingford,-122.3344763,47.65879154
-122.3362571,47.65564871,WALLINGFORD AVE N AND N 40TH ST,2,Injury Collision,Angles,4,2,1,0,0,8/7/04,Clear or Partly Cloudy,Dry,Daylight,Wallingford-Wallingford,-122.3344763,47.65879154
-122.3411407,47.65488104,INTERLAKE AVE N BETWEEN N 39TH ST AND N 40TH ST,1,Property Damage Only Collision,Parked Car,2,2,0,0,0,9/14/04 12:30,Snowing,Unknown,Unknown,Wallingford-Wallingford,-122.3344763,47.65879154
-122.3362165,47.65856837,WALLINGFORD AVE N BETWEEN N 42ND ST AND N 43RD ST,1,Property Damage Only Collision,Parked Car,2,2,0,0,0,7/12/04 16:30,Unknown,Unknown,Unknown,Wallingford-Wallingford,-122.3344763,47.65879154
-122.3385635,47.66138633,WOODLAWN AVE N AND N 45TH E ST,1,Property Damage Only Collision,Angles,2,2,0,0,0,2/6/04,Clear or Partly Cloudy,Dry,Daylight,Wallingford-Wallingford,-122.3344763,47.65879154
-122.3369369,47.6491986,N 35TH ST BETWEEN DENSMORE AVE N AND WALLINGFORD AVE N,1,Property Damage Only Collision,Parked Car,0,2,0,0,0,4/20/04 7:38,Overcast,Wet,Dark - Street Lights On,Wallingford-Wallingford,-122.3344763,47.65879154
-122.3337187,47.66503572,MERIDIAN AVE N AND N 50TH ST,0,Unknown,,0,0,0,0,0,9/23/04,,,,Wallingford-Wallingford,-122.3344763,47.65879154
-122.3385042,47.6650353,WOODLAWN AVE N AND N 50TH E ST,2,Injury Collision,Angles,2,2,1,0,0,4/16/04 18:10,Clear or Partly Cloudy,Dry,Daylight,Wallingford-Wallingford,-122.3344763,47.65879154
-122.338143,47.64805469,N 34TH ST BETWEEN WOODLAWN AVE N AND DENSMORE AVE N,2,Injury Collision,Rear Ended,7,2,1,0,0,2/27/04 8:46,Overcast,Wet,Daylight,Wallingford-Wallingford,-122.3344763,47.65879154
-122.3363643,47.64687883,N NORTHLAKE WAY BETWEEN DENSMORE AVE N AND BURKE AVE N,2,Injury Collision,Other,6,4,1,0,0,2/27/04 11:17,Clear or Partly Cloudy,Wet,Daylight,Wallingford-Wallingford,-122.3344763,47.65879154
-122.3518438,47.65164866,N 36TH ST BETWEEN DAYTON AVE N AND FREMONT PL N,1,Property Damage Only Collision,Parked Car,3,2,0,0,0,2/21/06 0:13,Clear or Partly Cloudy,Dry,Dark - Street Lights On,Fremont-Fremont,-122.3544585,47.65717574
-122.3500218,47.65977668,FREMONT AVE N BETWEEN N 43RD N ST AND N 44TH ST,1,Property Damage Only Collision,Parked Car,2,2,0,0,0,11/22/04 17:30,Overcast,Dry,Dark - Street Lights On,Fremont-Fremont,-122.3544585,47.65717574
-122.3518438,47.65164866,N 36TH ST BETWEEN DAYTON AVE N AND FREMONT PL N,0,Unknown,,0,0,0,0,0,11/16/18,,,,Fremont-Fremont,-122.3544585,47.65717574
-122.3473151,47.65205986,AURORA AVE N BETWEEN BRIDGE WAY N AND N 38 UPPER ST,1,Property Damage Only Collision,Sideswipe,3,2,0,0,0,6/24/05 14:30,Clear or Partly Cloudy,Dry,Daylight,Fremont-Fremont,-122.3544585,47.65717574
-122.3440706,47.65376806,BRIDGE WAY N AND WOODLAND PARK AVE N,2,Injury Collision,Left Turn,3,2,3,0,0,4/3/13 15:32,Clear or Partly Cloudy,Dry,Daylight,Fremont-Fremont,-122.3544585,47.65717574
-122.3539645,47.66430589,PHINNEY AVE N AND N 49TH ST,2,Injury Collision,Angles,6,3,1,0,0,12/11/18 21:27,Overcast,Wet,Dark - Street Lights On,Fremont-Fremont,-122.3544585,47.65717574
-122.3565937,47.65343693,PALATINE AVE N BETWEEN N 36TH ST AND N 39TH ST,1,Property Damage Only Collision,Parked Car,2,2,0,0,0,10/14/06 13:00,Unknown,Unknown,Unknown,Fremont-Fremont,-122.3544585,47.65717574
-122.3539806,47.6621407,PHINNEY AVE N AND N 46TH ST,2,Injury Collision,Left Turn,2,2,1,0,0,4/1/13 13:23,Overcast,Dry,Daylight,Fremont-Fremont,-122.3544585,47.65717574
-122.3505231,47.65773598,N 42ND ST BETWEEN EVANSTON AVE N AND FREMONT AVE N,0,Unknown,,0,0,0,0,0,3/30/13,,,,Fremont-Fremont,-122.3544585,47.65717574
-122.3424392,47.65538288,STONE WAY N AND N 40TH ST,0,Unknown,,0,0,0,0,0,11/2/04,,,,Fremont-Fremont,-122.3544585,47.65717574
-122.3470206,47.65091059,N 36TH ST BETWEEN TROLL AVE N AND WINSLOW PL N,1,Property Damage Only Collision,Parked Car,6,2,0,0,0,8/7/06,Clear or Partly Cloudy,Dry,Daylight,Fremont-Fremont,-122.3544585,47.65717574
-122.3480586,47.66207983,N 46TH ST BETWEEN LINDEN AVE N AND PHINNEY TURN RD,1,Property Damage Only Collision,Sideswipe,2,2,0,0,0,5/17/19 10:45,Clear or Partly Cloudy,Dry,Daylight,Fremont-Fremont,-122.3544585,47.65717574
-122.360238,47.66597696,NW MARKET ST BETWEEN NW 50TH ST AND 3RD AVE NW,1,Property Damage Only Collision,,1,0,0,0,0,5/11/19,,,,Fremont-Fremont,-122.3544585,47.65717574
-122.3497489,47.64875309,FREMONT AVE N BETWEEN FREMONT BR AND N 34TH ST,1,Property Damage Only Collision,,2,0,0,0,0,12/5/18,,,,Fremont-Fremont,-122.3544585,47.65717574
-122.3473373,47.66075886,AURORA N AVE N AND N PHINNEY WAY,2,Injury Collision,Rear Ended,2,2,1,0,0,4/4/05,Clear or Partly Cloudy,Dry,Daylight,FREMONT-FREMONT,-122.3544585,47.65717574
-122.3495986,47.6512982,N 36TH ST BETWEEN FREMONT AVE N AND FREMONT LN N,1,Property Damage Only Collision,Parked Car,2,2,0,0,0,2/3/06,Unknown,Unknown,Unknown,Fremont-Fremont,-122.3544585,47.65717574
-122.3479523,47.65413422,N 39TH ST BETWEEN LINDEN AVE N AND AURORA AVE N,0,Unknown,,0,0,0,0,0,12/20/04,,,,Fremont-Fremont,-122.3544585,47.65717574
-122.3604461,47.65454083,LEARY WAY NW BETWEEN NW 39TH ST AND 3RD AVE NW,1,Property Damage Only Collision,Rear Ended,2,2,0,0,0,3/26/13 21:25,Clear or Partly Cloudy,Dry,Dark - Street Lights On,Fremont-Fremont,-122.3544585,47.65717574
-122.3544747,47.65224596,PHINNEY AVE N AND N 36TH ST,1,Property Damage Only Collision,Pedestrian,2,1,0,0,0,12/18/07 22:06,Overcast,Wet,Dark - Street Lights On,Fremont-Fremont,-122.3544585,47.65717574
-122.348589,47.6527275,FREMONT WAY N AND N 38TH ST,2,Injury Collision,Rear Ended,2,2,1,0,0,8/26/05 7:23,Clear or Partly Cloudy,Dry,Daylight,Fremont-Fremont,-122.3544585,47.65717574
-122.3505478,47.6506255,N 35TH ST BETWEEN EVANSTON AVE N AND FREMONT AVE N,1,Property Damage Only Collision,Parked Car,2,2,0,0,0,2/16/09 12:00,Unknown,Unknown,Unknown,Fremont-Fremont,-122.3544585,47.65717574
-122.3500054,47.65819511,FREMONT AVE N BETWEEN N 42ND ST AND N MOTOR PL,1,Property Damage Only Collision,Parked Car,2,2,0,0,0,5/2/12 18:46,Unknown,Unknown,Unknown,Fremont-Fremont,-122.3544585,47.65717574
-122.3538456,47.66140038,N 45TH ST BETWEEN PHINNEY AVE N AND FRANCIS AVE N,1,Property Damage Only Collision,,2,0,0,0,0,10/31/16,,,,Fremont-Fremont,-122.3544585,47.65717574
-122.3485757,47.65476562,LINDEN AVE N BETWEEN N 39TH ST AND N 40TH ST,2,Injury Collision,Pedestrian,2,1,1,0,0,1/8/14 14:55,Overcast,Wet,Daylight,Fremont-Fremont,-122.3544585,47.65717574
-122.3648724,47.66001583,NW BRIGHT ST BETWEEN 6TH AVE NW AND LEARY WAY NW,1,Property Damage Only Collision,Parked Car,2,2,0,0,0,11/26/07 14:25,Clear or Partly Cloudy,Dry,Unknown,Fremont-Fremont,-122.3544585,47.65717574
-122.3499161,47.65477142,FREMONT AVE N BETWEEN FREMONT WAY N AND XW N40,1,Property Damage Only Collision,Parked Car,2,2,0,0,0,8/29/16 20:45,Clear or Partly Cloudy,Dry,Dark - Street Lights On,Fremont-Fremont,-122.3544585,47.65717574
-122.3544666,47.65604984,PHINNEY AVE N BETWEEN N 40TH ST AND N 41ST ST,1,Property Damage Only Collision,Parked Car,3,3,0,0,0,9/24/11 8:25,Clear or Partly Cloudy,Dry,Unknown,Fremont-Fremont,-122.3544585,47.65717574
-122.3505942,47.65095696,FREMONT PL N BETWEEN FREMONT AVE N AND N 36TH ST,1,Property Damage Only Collision,Pedestrian,2,1,0,0,0,10/9/10 22:23,Raining,Wet,Dark - Street Lights On,Fremont-Fremont,-122.3544585,47.65717574
-122.3539429,47.65212542,N 36TH ST BETWEEN PHINNEY AVE N AND FRANCIS AVE N,1,Property Damage Only Collision,Parked Car,2,2,0,0,0,9/6/11 15:30,Clear or Partly Cloudy,Dry,Daylight,Fremont-Fremont,-122.3544585,47.65717574
-122.3578224,47.66341303,NW MARKET ST BETWEEN 1ST AVE NW AND NW 48TH ST,1,Property Damage Only Collision,Rear Ended,4,3,0,0,0,11/18/11 18:40,Overcast,Wet,Dark - Street Lights On,Fremont-Fremont,-122.3544585,47.65717574
-122.3456281,47.66007202,WHITMAN AVE N BETWEEN N 43RD ST AND N ALLEN PL,1,Property Damage Only Collision,Parked Car,2,2,0,0,0,11/7/11 8:00,Overcast,Dry,Daylight,Fremont-Fremont,-122.3544585,47.65717574
-122.342341,47.65743061,STONE WAY N BETWEEN N 41ST N ST AND N 42ND ST,1,Property Damage Only Collision,Parked Car,2,2,0,0,0,11/30/12 12:00,Overcast,Wet,Daylight,Fremont-Fremont,-122.3544585,47.65717574
-122.3479523,47.65413422,N 39TH ST BETWEEN LINDEN AVE N AND AURORA AVE N,1,Property Damage Only Collision,Parked Car,2,2,0,0,0,5/18/08 17:00,Unknown,Unknown,Dusk,Fremont-Fremont,-122.3544585,47.65717574
-122.3450918,47.66056624,N ALLEN PL BETWEEN WHITMAN AVE N AND WOODLAND PARK AVE N,1,Property Damage Only Collision,Parked Car,3,3,0,0,0,11/15/04 12:43,Overcast,Wet,Daylight,Fremont-Fremont,-122.3544585,47.65717574
-122.3500264,47.66021511,FREMONT AVE N AND N 44TH ST,1,Property Damage Only Collision,Angles,3,2,0,0,0,11/22/04 14:51,Clear or Partly Cloudy,Dry,Daylight,Fremont-Fremont,-122.3544585,47.65717574
-122.3513564,47.65148486,FREMONT PL N AND N 36TH ST,2,Injury Collision,Angles,2,2,1,0,0,6/13/18 13:30,Unknown,Unknown,Daylight,Fremont-Fremont,-122.3544585,47.65717574
-122.3576617,47.65296539,1ST AVE NW AND NW 36TH ST,2,Injury Collision,Left Turn,2,2,1,0,0,4/26/04 17:39,Clear or Partly Cloudy,Dry,Daylight,Fremont-Fremont,-122.3544585,47.65717574
-122.3659723,47.66024832,LEARY WAY NW BETWEEN NW BRIGHT ST AND 8TH AVE NW,1,Property Damage Only Collision,,2,0,0,0,0,11/15/19,,,,Fremont-Fremont,-122.3544585,47.65717574
-122.3583071,47.65310982,NW 36TH ST BETWEEN 1ST AVE NW AND LEARY WAY NW,1,Property Damage Only Collision,Parked Car,3,2,0,0,0,3/11/19 5:34,Clear or Partly Cloudy,Dry,Dark - Street Lights On,Fremont-Fremont,-122.3544585,47.65717574
-122.354708,47.66214169,N 46TH ST BETWEEN GREENWOOD S AVE N AND PHINNEY AVE N,2,Injury Collision,Other,1,1,1,0,0,8/22/04 2:27,Raining,Standing Water,Dark - Street Lights On,Fremont-Fremont,-122.3544585,47.65717574