X,Y,LOCATION,SEVERITYCODE,SEVERITYDESC,COLLISIONTYPE,PERSONCOUNT,VEHCOUNT,INJURIES,SERIOUSINJURIES,FATALITIES,INCDTTM,WEATHER,ROADCOND,LIGHTCOND,NEIGHBORHOOD,NX,NY
-122.3583964,47.65776378,2ND AVE NW AND NW 42ND ST,2b,Serious Injury Collision,Pedestrian,2,1,1,1,0,12/7/18 22:15,Unknown,Unknown,Unknown,Fremont-Fremont,-122.3544585,47.65717574
-122.3513009,47.65028099,EVANSTON AVE N BETWEEN N 34TH ST AND N 35TH ST,1,Property Damage Only Collision,Parked Car,2,2,0,0,0,3/24/13 2:00,Unknown,Unknown,Unknown,Fremont-Fremont,-122.3544585,47.65717574
-122.3473211,47.65413259,AURORA AVE N AND N 39TH ST,2,Injury Collision,Other,1,1,1,0,0,9/22/09 17:50,Clear or Partly Cloudy,Dry,Daylight,Fremont-Fremont,-122.3544585,47.65717574
-122.3549838,47.65236053,N 36TH ST BETWEEN GREENWOOD AVE N AND PHINNEY AVE N,2,Injury Collision,Pedestrian,2,1,1,0,0,12/13/18 0:10,Raining,Wet,Dark - Street Lights On,Fremont-Fremont,-122.3544585,47.65717574
-122.3486396,47.65034031,N 35TH ST BETWEEN FREMONT AVE N AND TROLL AVE N,1,Property Damage Only Collision,Parked Car,2,2,0,0,0,7/28/06 19:30,Clear or Partly Cloudy,Dry,Daylight,Fremont-Fremont,-122.3544585,47.65717574
-122.3485189,47.65774454,LINDEN AVE N AND N 42ND ST,0,Unknown,,0,0,0,0,0,6/22/13,,,,Fremont-Fremont,-122.3544585,47.65717574
-122.3648853,47.65911969,LEARY WAY NW BETWEEN NW 43RD ST AND 7TH AVE NW,2,Injury Collision,Angles,5,2,2,0,0,6/30/09 22:33,Clear or Partly Cloudy,Dry,Dark - Street Lights On,Fremont-Fremont,-122.3544585,47.65717574
-122.360238,47.66597696,NW MARKET ST BETWEEN NW 50TH ST AND 3RD AVE NW,1,Property Damage Only Collision,Other,1,1,0,0,0,6/8/17 6:32,Raining,Wet,Daylight,Fremont-Fremont,-122.3544585,47.65717574
-122.3424392,47.65538288,STONE WAY N AND N 40TH ST,2,Injury Collision,Angles,2,2,1,0,0,5/21/09 0:23,Clear or Partly Cloudy,Dry,Dark - Street Lights On,Fremont-Fremont,-122.3544585,47.65717574
-122.3534111,47.65200488,FRANCIS AVE N AND N 36TH ST,1,Property Damage Only Collision,Parked Car,4,3,0,0,0,3/27/16 18:05,Overcast,Wet,Daylight,Fremont-Fremont,-122.3544585,47.65717574
-122.3604461,47.65454083,LEARY WAY NW BETWEEN NW 39TH ST AND 3RD AVE NW,1,Property Damage Only Collision,Right Turn,2,2,0,0,0,11/17/11 5:52,Clear or Partly Cloudy,Dry,Dark - Street Lights On,Fremont-Fremont,-122.3544585,47.65717574
-122.3539806,47.6621407,PHINNEY AVE N AND N 46TH ST,2,Injury Collision,Angles,2,2,1,0,0,10/25/15 20:59,Raining,Wet,Dark - Street Lights On,Fremont-Fremont,-122.3544585,47.65717574
-122.3604487,47.65414526,NW 39TH ST BETWEEN LEARY WAY NW AND 3RD AVE NW,2,Injury Collision,Rear Ended,3,2,1,0,0,3/4/10 16:12,Clear or Partly Cloudy,Dry,Daylight,Fremont-Fremont,-122.3544585,47.65717574
-122.3445794,47.65957519,WOODLAND PARK AVE N AND N 43RD N ST,2,Injury Collision,Cycles,2,1,1,0,0,12/7/11 21:57,Clear or Partly Cloudy,Dry,Dark - Street Lights On,Fremont-Fremont,-122.3544585,47.65717574
-122.3499054,47.65414026,FREMONT AVE N AND FREMONT WAY N,1,Property Damage Only Collision,Left Turn,2,2,0,0,0,2/28/07 22:10,Raining,Wet,Dark - Street Lights On,Fremont-Fremont,-122.3544585,47.65717574
-122.3495986,47.6512982,N 36TH ST BETWEEN FREMONT AVE N AND FREMONT LN N,1,Property Damage Only Collision,Parked Car,2,2,0,0,0,4/1/14 16:40,Clear or Partly Cloudy,Dry,Daylight,Fremont-Fremont,-122.3544585,47.65717574
-122.3506428,47.65143885,N 36TH ST BETWEEN FREMONT PL N AND FREMONT AVE N,1,Property Damage Only Collision,Parked Car,2,2,0,0,0,5/31/07 15:09,Clear or Partly Cloudy,Dry,Daylight,Fremont-Fremont,-122.3544585,47.65717574
-122.3497474,47.64958973,FREMONT AVE N AND N 34TH ST,1,Property Damage Only Collision,,2,0,0,0,0,11/2/16,,,,Fremont-Fremont,-122.3544585,47.65717574
-122.3447555,47.64975609,ALBION PL N AND N 35TH ST,1,Property Damage Only Collision,Angles,4,2,0,0,0,2/27/15 13:53,Overcast,Dry,Daylight,Fremont-Fremont,-122.3544585,47.65717574
-122.3608001,47.66501228,3RD AVE NW AND NW 50TH ST,0,Unknown,,0,0,0,0,0,12/20/11,,,,Fremont-Fremont,-122.3544585,47.65717574
-122.353337,47.65834895,FRANCIS AVE N BETWEEN N 42ND ST AND N 43RD ST,1,Property Damage Only Collision,Parked Car,4,3,0,0,0,10/15/10 0:45,Clear or Partly Cloudy,Dry,Dark - Street Lights On,Fremont-Fremont,-122.3544585,47.65717574
-122.3443672,47.65394779,N 39TH ST BETWEEN WOODLAND PARK AVE N AND BRIDGE WAY N,1,Property Damage Only Collision,Parked Car,2,2,0,0,0,11/6/15 15:00,Unknown,Unknown,Daylight,Fremont-Fremont,-122.3544585,47.65717574
-122.3560387,47.65415217,N 39TH ST BETWEEN PALATINE AVE N AND GREENWOOD AVE N,2,Injury Collision,Left Turn,4,2,1,0,0,4/29/14 15:06,Clear or Partly Cloudy,Dry,Daylight,Fremont-Fremont,-122.3544585,47.65717574
-122.3462979,47.65250496,BRIDGE WAY N BETWEEN AURORA AV N NB OFF RP AND N 38TH ST,0,Unknown,,0,0,0,0,0,11/11/16,,,,Fremont-Fremont,-122.3544585,47.65717574
-122.3440415,47.64873286,WOODLAND PARK AVE N AND N 34TH ST,2,Injury Collision,Rear Ended,4,3,1,0,0,10/23/15 18:36,Clear or Partly Cloudy,Dry,Dark - Street Lights On,Fremont-Fremont,-122.3544585,47.65717574
-122.3505254,47.64970651,N 34TH ST BETWEEN EVANSTON AVE N AND FREMONT AVE N,0,Unknown,,0,0,0,0,0,10/13/14,,,,Fremont-Fremont,-122.3544585,47.65717574
-122.3534057,47.65307552,FRANCIS AVE N BETWEEN N 36TH ST AND N 39TH ST,0,Unknown,,2,0,0,0,0,10/20/19,,,,Fremont-Fremont,-122.3544585,47.65717574
-122.3500054,47.65819511,FREMONT AVE N BETWEEN N 42ND ST AND N MOTOR PL,1,Property Damage Only Collision,Other,1,1,0,0,0,7/2/04,Clear or Partly Cloudy,Dry,Daylight,Fremont-Fremont,-122.3544585,47.65717574
-122.3544768,47.65182846,PHINNEY AVE N BETWEEN N 35TH ST AND N 36TH ST,1,Property Damage Only Collision,Parked Car,2,2,0,0,0,1/1/04,Unknown,Ice,Dark - Street Lights On,Fremont-Fremont,-122.3544585,47.65717574
-122.3500029,47.66504075,FREMONT AVE N AND N 50TH ST,2,Injury Collision,Other,1,1,1,0,0,5/8/04,Overcast,Dry,Dark - Street Lights On,Fremont-Fremont,-122.3544585,47.65717574
-122.342754,47.6489803,STONE WAY N BETWEEN N 34TH ST AND N 35TH ST,1,Property Damage Only Collision,Rear Ended,2,2,0,0,0,7/13/18 9:41,Clear or Partly Cloudy,Dry,Daylight,Fremont-Fremont,-122.3544585,47.65717574
-122.3539429,47.65212542,N 36TH ST BETWEEN PHINNEY AVE N AND FRANCIS AVE N,1,Property Damage Only Collision,Rear Ended,3,3,0,0,0,2/22/04 0:02,Clear or Partly Cloudy,Dry,Dark - Street Lights On,Fremont-Fremont,-122.3544585,47.65717574
-122.3421634,47.66102734,STONE WAY N BETWEEN N ALLEN PL AND N 45TH ST,1,Property Damage Only Collision,Other,1,1,0,0,0,9/29/04 9:03,Overcast,Dry,Daylight,Fremont-Fremont,-122.3544585,47.65717574
-122.3647161,47.65894425,LEARY WAY NW AND NW 43RD ST,2,Injury Collision,Angles,2,2,1,0,0,11/8/04,Overcast,Dry,Daylight,Fremont-Fremont,-122.3544585,47.65717574
-122.3539806,47.6621407,PHINNEY AVE N AND N 46TH ST,0,Unknown,,0,0,0,0,0,8/14/04,,,,Fremont-Fremont,-122.3544585,47.65717574
-122.3497474,47.64958973,FREMONT AVE N AND N 34TH ST,1,Property Damage Only Collision,Parked Car,2,2,0,0,0,4/10/13 13:00,Clear or Partly Cloudy,Dry,Daylight,Fremont-Fremont,-122.3544585,47.65717574
-122.3607973,47.66433621,3RD AVE NW AND NW 49TH ST,2,Injury Collision,Angles,3,2,2,0,0,8/2/18 12:41,Raining,Wet,Daylight,Fremont-Fremont,-122.3544585,47.65717574
-122.3583071,47.65310982,NW 36TH ST BETWEEN 1ST AVE NW AND LEARY WAY NW,2,Injury Collision,Other,1,1,1,0,0,2/4/19 9:52,Snowing,Snow/Slush,Daylight,Fremont-Fremont,-122.3544585,47.65717574
-122.3561825,47.66237446,N 46TH ST AND N MARKET E ST,2,Injury Collision,Other,1,1,1,0,0,3/13/13 9:10,Clear or Partly Cloudy,Dry,Daylight,Fremont-Fremont,-122.3544585,47.65717574
-122.3595792,47.65365014,LEARY WAY NW BETWEEN NW 36TH ST AND NW 39TH ST,1,Property Damage Only Collision,Rear Ended,5,3,0,0,0,5/21/18 16:20,Clear or Partly Cloudy,Dry,Daylight,Fremont-Fremont,-122.3544585,47.65717574
-122.3534111,47.65200488,FRANCIS AVE N AND N 36TH ST,0,Unknown,,0,0,0,0,0,11/19/04,,,,Fremont-Fremont,-122.3544585,47.65717574
-122.3565451,47.66149128,PALATINE AVE N AND N 45TH W ST,1,Property Damage Only Collision,Other,1,1,0,0,0,4/10/13 14:00,Unknown,Unknown,Unknown,Fremont-Fremont,-122.3544585,47.65717574
-122.3460923,47.64904097,N 34TH ST BETWEEN TROLL AVE N AND ALBION PL N,0,Unknown,,0,0,0,0,0,2/18/04,,,,Fremont-Fremont,-122.3544585,47.65717574
-122.3500029,47.66504075,FREMONT AVE N AND N 50TH ST,0,Unknown,,0,0,0,0,0,12/29/04,,,,Fremont-Fremont,-122.3544585,47.65717574
-122.3518141,47.65414176,N 39TH ST BETWEEN DAYTON E AVE N AND EVANSTON AVE N,1,Property Damage Only Collision,Other,4,4,0,0,0,1/6/04,Snowing,Ice,Daylight,Fremont-Fremont,-122.3544585,47.65717574
-122.3520862,47.66501672,N 50TH ST BETWEEN DAYTON AVE N AND EVANSTON AVE N,1,Property Damage Only Collision,Rear Ended,2,2,0,0,0,6/5/04,Clear or Partly Cloudy,Dry,Daylight,Fremont-Fremont,-122.3544585,47.65717574
-122.3584325,47.66394731,NW MARKET ST BETWEEN NW 48TH ST AND NW 49TH ST,1,Property Damage Only Collision,Rear Ended,3,2,0,0,0,5/25/19 12:50,Raining,Wet,Daylight,Fremont-Fremont,-122.3544585,47.65717574
-122.3485976,47.66139154,LINDEN AVE N AND N 45TH ST,1,Property Damage Only Collision,Angles,3,2,0,0,0,7/23/04 17:17,Clear or Partly Cloudy,Dry,Daylight,Fremont-Fremont,-122.3544585,47.65717574
-122.3445673,47.66061817,WOODLAND PARK AVE N AND N ALLEN PL,0,Unknown,,0,0,0,0,0,12/21/04,,,,Fremont-Fremont,-122.3544585,47.65717574
-122.343533,47.65473538,MIDVALE AVE N BETWEEN N 39TH E ST AND N 40TH ST,1,Property Damage Only Collision,Parked Car,2,2,0,0,0,6/29/04 12:00,Clear or Partly Cloudy,Dry,Daylight,Fremont-Fremont,-122.3544585,47.65717574
-122.345965,47.65343706,WHITMAN AVE N BETWEEN N 38TH ST AND N 39TH ST,1,Property Damage Only Collision,Parked Car,2,2,0,0,0,11/26/04 16:08,Unknown,Unknown,Unknown,Fremont-Fremont,-122.3544585,47.65717574
-122.3499127,47.6534349,FREMONT AVE N BETWEEN N 38TH ST AND FREMONT WAY N,0,Unknown,,0,0,0,0,0,6/20/04,,,,Fremont-Fremont,-122.3544585,47.65717574
-122.3499817,47.6577382,FREMONT AVE N AND N 42ND ST,0,Unknown,,0,0,0,0,0,1/28/04,,,,Fremont-Fremont,-122.3544585,47.65717574
-122.3499054,47.65414026,FREMONT AVE N AND FREMONT WAY N,0,Unknown,,0,0,0,0,0,3/29/04,,,,Fremont-Fremont,-122.3544585,47.65717574
-122.3500102,47.66467101,FREMONT AVE N BETWEEN N 49TH ST AND N 50TH ST,1,Property Damage Only Collision,Parked Car,2,2,0,0,0,5/17/04 11:48,Unknown,Unknown,Unknown,Fremont-Fremont,-122.3544585,47.65717574
-122.3493106,47.66213444,N 46TH ST BETWEEN FREMONT AVE N AND LINDEN AVE N,2,Injury Collision,Other,2,2,1,0,0,7/13/04 9:22,Clear or Partly Cloudy,Dry,Daylight,Fremont-Fremont,-122.3544585,47.65717574
-122.3518438,47.65164866,N 36TH ST BETWEEN DAYTON AVE N AND FREMONT PL N,0,Unknown,,0,0,0,0,0,6/12/04,,,,Fremont-Fremont,-122.3544585,47.65717574
-122.354708,47.66214169,N 46TH ST BETWEEN GREENWOOD S AVE N AND PHINNEY AVE N,1,Property Damage Only Collision,Other,2,2,0,0,0,10/5/04,Overcast,Dry,Daylight,Fremont-Fremont,-122.3544585,47.65717574
-122.3473151,47.65205986,AURORA AVE N BETWEEN BRIDGE WAY N AND N 38 UPPER ST,1,Property Damage Only Collision,Other,1,1,0,0,0,12/18/04 10:32,Overcast,Other,Daylight,Fremont-Fremont,-122.3544585,47.65717574
-122.3595792,47.65365014,LEARY WAY NW BETWEEN NW 36TH ST AND NW 39TH ST,0,Unknown,,0,0,0,0,0,12/7/04,,,,Fremont-Fremont,-122.3544585,47.65717574
-122.3424392,47.65538288,STONE WAY N AND N 40TH ST,0,Unknown,,0,0,0,0,0,12/8/04,,,,Fremont-Fremont,-122.3544585,47.65717574
-122.3520862,47.66501672,N 50TH ST BETWEEN DAYTON AVE N AND EVANSTON AVE N,1,Property Damage Only Collision,Rear Ended,2,2,0,0,0,2/27/04 17:28,Clear or Partly Cloudy,Dry,Daylight,Fremont-Fremont,-122.3544585,47.65717574
-122.3505942,47.65095696,FREMONT PL N BETWEEN FREMONT AVE N AND N 36TH ST,2,Injury Collision,Rear Ended,3,2,1,0,0,2/2/04,Overcast,Dry,Dark - Street Lights On,Fremont-Fremont,-122.3544585,47.65717574
-122.3421634,47.66102734,STONE WAY N BETWEEN N ALLEN PL AND N 45TH ST,1,Property Damage Only Collision,Rear Ended,2,2,0,0,0,7/16/04 18:30,Clear or Partly Cloudy,Dry,Daylight,Fremont-Fremont,-122.3544585,47.65717574
-122.3217522,47.67986147,6TH AVE NE BETWEEN NE 70TH S ST AND NE 70TH N ST,1,Property Damage Only Collision,Parked Car,2,2,0,0,0,12/23/06 16:18,Other,Dry,Daylight,Green Lake-Green Lake,-122.3337669,47.68000629
-122.3436865,47.67152758,WEST GREEN LAKE WAY N BETWEEN GREEN LAKE TURN RD AND N 63RD ST,1,Property Damage Only Collision,Rear Ended,2,2,0,0,0,3/29/13 16:30,Clear or Partly Cloudy,Dry,Daylight,Green Lake-Green Lake,-122.3337669,47.68000629
-122.3283329,47.68685007,1ST AVE NE AND NE 80TH ST,2,Injury Collision,Angles,2,2,1,0,0,12/14/18 17:10,Raining,Wet,Dark - Street Lights On,Green Lake-Green Lake,-122.3337669,47.68000629
-122.3228558,47.67979988,5TH AVE NE BETWEEN WEEDIN PL NE AND NE 71ST ST,1,Property Damage Only Collision,Parked Car,2,2,0,0,0,11/15/06 20:30,Raining,Wet,Dark - Street Lights On,Green Lake-Green Lake,-122.3337669,47.68000629
-122.3254428,47.67551897,LATONA AVE NE BETWEEN NE 64TH ST AND NE 65TH E ST,0,Unknown,,0,0,0,0,0,5/14/04,,,,Green Lake-Green Lake,-122.3337669,47.68000629
-122.3404558,47.68692954,GREEN LAKE DR N AND N 80TH ST,1,Property Damage Only Collision,Left Turn,2,2,0,0,0,1/18/05 14:35,Raining,Wet,Daylight,Green Lake-Green Lake,-122.3337669,47.68000629
-122.3408879,47.69053492,N 85TH ST BETWEEN STONE E AVE N AND INTERLAKE W AVE N,1,Property Damage Only Collision,Rear Ended,2,2,0,0,0,5/25/06 11:25,Overcast,Dry,Daylight,Green Lake-Green Lake,-122.3337669,47.68000629
-122.3256417,47.68094301,NE MAPLE LEAF PL BETWEEN EAST GREEN LAKE DR N AND WOODLAWN AVE NE,1,Property Damage Only Collision,Parked Car,2,2,0,0,0,1/27/05 17:05,Unknown,Unknown,Unknown,Green Lake-Green Lake,-122.3337669,47.68000629
-122.3376201,47.67218409,KENWOOD PL N AND EAST GREEN LAKE WAY N,2,Injury Collision,Rear Ended,4,3,1,0,0,3/29/13 16:20,Clear or Partly Cloudy,Dry,Daylight,Green Lake-Green Lake,-122.3337669,47.68000629
-122.3367472,47.68630425,WALLINGFORD AVE N BETWEEN EAST GREEN LAKE DR N AND N 80TH ST,1,Property Damage Only Collision,Parked Car,2,2,0,0,0,4/2/13 12:00,Overcast,Dry,Daylight,Green Lake-Green Lake,-122.3337669,47.68000629
-122.3223861,47.6791379,WEEDIN PL NE BETWEEN NE 69TH ST AND 5TH AVE NE,1,Property Damage Only Collision,Sideswipe,2,2,0,0,0,5/8/08,Clear or Partly Cloudy,Dry,Daylight,Green Lake-Green Lake,-122.3337669,47.68000629
-122.3340574,47.68483394,N 77TH ST BETWEEN EAST GREEN LAKE DR N AND MERIDIAN AVE N,1,Property Damage Only Collision,Parked Car,2,2,0,0,0,3/30/13 17:05,Clear or Partly Cloudy,Dry,Daylight,Green Lake-Green Lake,-122.3337669,47.68000629
-122.3406183,47.68271346,WEST GREEN LAKE DR N BETWEEN STONE AVE N AND N 76TH ST,0,Unknown,,0,0,0,0,0,4/1/13,,,,Green Lake-Green Lake,-122.3337669,47.68000629
-122.3364313,47.68960506,WALLINGFORD AVE N BETWEEN N 82ND ST AND N 85TH ST,1,Property Damage Only Collision,Parked Car,3,2,0,0,0,3/27/13 20:32,Overcast,Dry,Dark - Street Lights Off,Green Lake-Green Lake,-122.3337669,47.68000629
-122.3240162,47.68140084,NE 73RD ST BETWEEN WOODLAWN AVE NE AND 5TH AVE NE,1,Property Damage Only Collision,Parked Car,2,2,0,0,0,12/5/18 13:15,Clear or Partly Cloudy,Dry,Daylight,Green Lake-Green Lake,-122.3337669,47.68000629
-122.3367472,47.68630425,WALLINGFORD AVE N BETWEEN EAST GREEN LAKE DR N AND N 80TH ST,0,Unknown,,0,0,0,0,0,3/24/13,,,,Green Lake-Green Lake,-122.3337669,47.68000629
-122.3249156,47.68084338,WOODLAWN AVE NE BETWEEN NE 72ND ST AND NE 73RD ST,1,Property Damage Only Collision,Angles,2,2,0,0,0,6/2/04,Clear or Partly Cloudy,Dry,Daylight,Green Lake-Green Lake,-122.3337669,47.68000629
-122.3377949,47.68564978,GREEN LAKE DR N AND EAST GREEN LAKE DR N,1,Property Damage Only Collision,Angles,2,2,0,0,0,3/25/13 7:20,Clear or Partly Cloudy,Dry,Daylight,Green Lake-Green Lake,-122.3337669,47.68000629
-122.3377949,47.68564978,GREEN LAKE DR N AND EAST GREEN LAKE DR N,0,Unknown,,0,0,0,0,0,12/8/15,,,,Green Lake-Green Lake,-122.3337669,47.68000629
-122.3404558,47.68692954,GREEN LAKE DR N AND N 80TH ST,1,Property Damage Only Collision,Angles,3,2,0,0,0,8/19/12 9:23,Clear or Partly Cloudy,Dry,Daylight,Green Lake-Green Lake,-122.3337669,47.68000629
-122.3310498,47.68952223,CORLISS AVE N BETWEEN N 82ND ST AND N 85TH ST,1,Property Damage Only Collision,Parked Car,2,2,0,0,0,1/2/13 2:15,Clear or Partly Cloudy,Dry,Dark - Street Lights On,Green Lake-Green Lake,-122.3337669,47.68000629
-122.3411309,47.68693166,N 80TH ST BETWEEN STONE AVE N AND GREEN LAKE DR N,2,Injury Collision,Other,2,1,1,0,0,8/17/14 16:13,Clear or Partly Cloudy,Dry,Daylight,Green Lake-Green Lake,-122.3337669,47.68000629
-122.3331728,47.68956159,MERIDIAN AVE N BETWEEN N 82ND ST AND N 85TH ST,1,Property Damage Only Collision,Other,1,1,0,0,0,11/26/11 11:30,Unknown,Unknown,Unknown,Green Lake-Green Lake,-122.3337669,47.68000629
-122.3324242,47.68267211,EAST GREEN LAKE DR N BETWEEN BAGLEY AVE N AND MERIDIAN AVE N,1,Property Damage Only Collision,Parked Car,2,2,0,0,0,2/9/14 1:00,Snowing,Snow/Slush,Dark - Street Lights On,Green Lake-Green Lake,-122.3337669,47.68000629
-122.3353976,47.6861673,STROUD AVE N BETWEEN EAST GREEN LAKE DR N AND N 80TH W ST,2,Injury Collision,Head On,2,2,1,0,0,5/26/17 9:28,Clear or Partly Cloudy,Dry,Daylight,Green Lake-Green Lake,-122.3337669,47.68000629
-122.3444844,47.68277237,AURORA AVE N AND WINONA AVE N,1,Property Damage Only Collision,Left Turn,2,2,0,0,0,2/19/11 20:50,Clear or Partly Cloudy,Dry,Dark - Street Lights On,Green Lake-Green Lake,-122.3337669,47.68000629
-122.3260552,47.68270162,LATONA AVE NE BETWEEN WOODLAWN N AVE NE AND NE 75TH ST,1,Property Damage Only Collision,Parked Car,2,2,0,0,0,12/15/14 15:00,Unknown,Unknown,Unknown,Green Lake-Green Lake,-122.3337669,47.68000629
-122.3384966,47.68545394,WEST GREEN LAKE DR N BETWEEN WINONA AVE N AND DENSMORE AVE N,0,Unknown,,0,0,0,0,0,8/28/04,,,,Green Lake-Green Lake,-122.3337669,47.68000629
-122.3364055,47.68691831,WALLINGFORD AVE N AND N 80TH ST,0,Unknown,,0,0,0,0,0,2/15/19,,,,Green Lake-Green Lake,-122.3337669,47.68000629
-122.3390999,47.68621355,ASHWORTH AVE N AND GREEN LAKE DR N,1,Property Damage Only Collision,Sideswipe,2,2,0,0,0,4/4/13 16:33,Raining,Wet,Daylight,Green Lake-Green Lake,-122.3337669,47.68000629
-122.3294274,47.67795775,SUNNYSIDE AVE N BETWEEN WOODLAWN AVE N AND EAST GREEN LAKE WAY N,1,Property Damage Only Collision,Parked Car,2,2,0,0,0,4/14/04 21:17,Overcast,Dry,Dark - Street Lights On,Green Lake-Green Lake,-122.3337669,47.68000629
-122.3239119,47.67756433,NE 68TH ST AND NE RAVENNA EB BV,1,Property Damage Only Collision,Angles,2,2,0,0,0,4/4/13 11:16,Raining,Wet,Daylight,Green Lake-Green Lake,-122.3337669,47.68000629
-122.3251498,47.681177,WOODLAWN AVE NE AND NE 73RD ST,1,Property Damage Only Collision,,2,0,0,0,0,1/5/18,,,,Green Lake-Green Lake,-122.3337669,47.68000629
-122.3333419,47.67432354,WOODLAWN AVE N BETWEEN MERIDIAN AVE N AND N 63RD N ST,1,Property Damage Only Collision,Parked Car,2,2,0,0,0,9/26/04 2:00,Unknown,Unknown,Unknown,Green Lake-Green Lake,-122.3337669,47.68000629
-122.3436865,47.67152758,WEST GREEN LAKE WAY N BETWEEN GREEN LAKE TURN RD AND N 63RD ST,2,Injury Collision,Left Turn,2,2,2,0,0,4/12/13 15:41,Raining,Wet,Daylight,Green Lake-Green Lake,-122.3337669,47.68000629
-122.3444844,47.68303692,AURORA AVE N BETWEEN WINONA AVE N AND N 75TH ST,2,Injury Collision,Rear Ended,2,2,1,0,0,3/1/05,Overcast,Wet,Daylight,Green Lake-Green Lake,-122.3337669,47.68000629
-122.3445088,47.68802726,AURORA AVE N BETWEEN N 81ST ST AND N 82ND ST,1,Property Damage Only Collision,,2,0,0,0,0,5/1/19,,,,Green Lake-Green Lake,-122.3337669,47.68000629
-122.3283329,47.68685007,1ST AVE NE AND NE 80TH ST,1,Property Damage Only Collision,Angles,3,2,0,0,0,8/6/08,Clear or Partly Cloudy,Dry,Daylight,Green Lake-Green Lake,-122.3337669,47.68000629
-122.34452,47.69019792,AURORA AVE N BETWEEN N 84TH ST AND N 85TH ST,1,Property Damage Only Collision,Sideswipe,2,2,0,0,0,10/31/08 8:30,Raining,Wet,Daylight,Green Lake-Green Lake,-122.3337669,47.68000629
-122.32939,47.68686223,SUNNYSIDE AVE N AND N 80TH E ST,1,Property Damage Only Collision,Left Turn,0,2,0,0,0,9/14/17 9:49,Clear or Partly Cloudy,Dry,Daylight,Green Lake-Green Lake,-122.3337669,47.68000629
-122.3444939,47.68513228,AURORA AVE N BETWEEN N 77TH ST AND N 78TH ST,2,Injury Collision,Rear Ended,5,4,2,0,0,8/10/10 17:59,Clear or Partly Cloudy,Dry,Daylight,Green Lake-Green Lake,-122.3337669,47.68000629
-122.327894,47.67832817,EAST GREEN LAKE WAY N BETWEEN 1ST AVE NE AND 2ND AVE NE,2,Injury Collision,Rear Ended,2,2,1,0,0,4/25/14 7:37,Clear or Partly Cloudy,Dry,Daylight,Green Lake-Green Lake,-122.3337669,47.68000629
-122.3251713,47.6785359,WOODLAWN AVE NE BETWEEN 5TH AVE NE AND NE RAVENNA EB BV,2,Injury Collision,Other,2,1,1,0,0,3/18/17 16:40,Clear or Partly Cloudy,Dry,Daylight,Green Lake-Green Lake,-122.3337669,47.68000629
-122.3257398,47.68005857,EAST GREEN LAKE DR N BETWEEN NE RAVENNA EB BV AND NE 72ND ST,1,Property Damage Only Collision,Parked Car,2,2,0,0,0,2/24/17 14:47,Clear or Partly Cloudy,Dry,Daylight,Green Lake-Green Lake,-122.3337669,47.68000629
-122.3331044,47.68690246,MERIDIAN AVE N AND N 80TH ST,2,Injury Collision,Angles,3,2,3,0,0,6/3/17 19:49,Clear or Partly Cloudy,Dry,Daylight,Green Lake-Green Lake,-122.3337669,47.68000629
-122.3217635,47.68055437,6TH AVE NE BETWEEN NE 70TH N ST AND NE 72ND ST,1,Property Damage Only Collision,Parked Car,4,4,0,0,0,5/21/17 15:00,Clear or Partly Cloudy,Dry,Daylight,Green Lake-Green Lake,-122.3337669,47.68000629
-122.344492,47.6847677,AURORA AVE N AND N 77TH ST,2,Injury Collision,Left Turn,2,2,2,0,0,6/3/08,Raining,Wet,Dusk,Green Lake-Green Lake,-122.3337669,47.68000629
-122.3263683,47.68094478,EAST GREEN LAKE DR N BETWEEN NE MAPLE LEAF PL AND 4TH AVE NE,1,Property Damage Only Collision,Parked Car,2,2,0,0,0,9/25/04 4:20,Overcast,Dry,Dark - Street Lights On,Green Lake-Green Lake,-122.3337669,47.68000629
-122.3248747,47.68245283,4TH AVE NE BETWEEN WOODLAWN N AVE NE AND NE 75TH ST,1,Property Damage Only Collision,Parked Car,2,2,0,0,0,4/13/13 22:00,Overcast,Wet,Unknown,Green Lake-Green Lake,-122.3337669,47.68000629
-122.3254428,47.67551897,LATONA AVE NE BETWEEN NE 64TH ST AND NE 65TH E ST,1,Property Damage Only Collision,Parked Car,2,2,0,0,0,6/26/04 9:00,Clear or Partly Cloudy,Dry,Daylight,Green Lake-Green Lake,-122.3337669,47.68000629
-122.3364139,47.68781239,WALLINGFORD AVE N BETWEEN N 80TH ST AND N 82ND ST,1,Property Damage Only Collision,Parked Car,2,2,0,0,0,1/15/04 14:20,Raining,Wet,Daylight,Green Lake-Green Lake,-122.3337669,47.68000629
-122.3359857,47.68691724,N 80TH ST BETWEEN WALLINGFORD AVE N AND BURKE AVE N,1,Property Damage Only Collision,Rear Ended,3,3,0,0,0,5/1/04,Clear or Partly Cloudy,Dry,Daylight,Green Lake-Green Lake,-122.3337669,47.68000629
-122.3445163,47.68947438,AURORA AVE N BETWEEN GREEN LAKE DR N AND N 84TH ST,1,Property Damage Only Collision,Sideswipe,2,2,0,0,0,3/5/04,Clear or Partly Cloudy,Dry,Dark - Street Lights On,Green Lake-Green Lake,-122.3337669,47.68000629
-122.3379531,47.69051249,DENSMORE AVE N AND N 85TH ST,0,Unknown,,0,0,0,0,0,9/17/19,,,,Green Lake-Green Lake,-122.3337669,47.68000629
-122.3364313,47.68960506,WALLINGFORD AVE N BETWEEN N 82ND ST AND N 85TH ST,1,Property Damage Only Collision,Parked Car,2,2,0,0,0,6/3/04,Clear or Partly Cloudy,Dry,Daylight,Green Lake-Green Lake,-122.3337669,47.68000629