X,Y,LOCATION,SEVERITYCODE,SEVERITYDESC,COLLISIONTYPE,PERSONCOUNT,VEHCOUNT,INJURIES,SERIOUSINJURIES,FATALITIES,INCDTTM,WEATHER,ROADCOND,LIGHTCOND,NEIGHBORHOOD,NX,NY
-122.3417986,47.68549854,STONE AVE N AND N 78TH ST,2,Injury Collision,Angles,2,2,2,0,0,4/13/13 18:32,Raining,Wet,Daylight,Green Lake-Green Lake,-122.3337669,47.68000629
-122.3436865,47.67152758,WEST GREEN LAKE WAY N BETWEEN GREEN LAKE TURN RD AND N 63RD ST,1,Property Damage Only Collision,Rear Ended,2,2,0,0,0,3/19/04 18:09,Clear or Partly Cloudy,Dry,Unknown,Green Lake-Green Lake,-122.3337669,47.68000629
-122.3412957,47.69053803,STONE AVE N AND N 85TH E ST,2b,Serious Injury Collision,Rear Ended,6,2,2,1,0,3/5/04,Clear or Partly Cloudy,Dry,Daylight,Green Lake-Green Lake,-122.3337669,47.68000629
-122.3394763,47.67154158,EAST GREEN LAKE WAY N BETWEEN N 57TH ST AND KENWOOD PL N,2,Injury Collision,Parked Car,3,2,1,0,0,7/2/04,Clear or Partly Cloudy,Dry,Daylight,Green Lake-Green Lake,-122.3337669,47.68000629
-122.3364055,47.68691831,WALLINGFORD AVE N AND N 80TH ST,2,Injury Collision,Left Turn,3,2,2,0,0,6/21/04 16:52,Clear or Partly Cloudy,Dry,Daylight,Green Lake-Green Lake,-122.3337669,47.68000629
-122.3252922,47.67687281,4TH AVE NE BETWEEN NE 65TH ST AND WOODLAWN S AVE NE,1,Property Damage Only Collision,Parked Car,2,2,0,0,0,2/11/04 9:30,Unknown,Unknown,Unknown,Green Lake-Green Lake,-122.3337669,47.68000629
-122.3288338,47.67833485,EAST GREEN LAKE WAY N BETWEEN SUNNYSIDE AVE N AND 1ST AVE NE,1,Property Damage Only Collision,Rear Ended,4,3,0,0,0,4/2/04,Clear or Partly Cloudy,Dry,Daylight,Green Lake-Green Lake,-122.3337669,47.68000629
-122.3252496,47.6794347,NE RAVENNA WB BV BETWEEN NE 71ST ST AND WOODLAWN AVE NE,2,Injury Collision,Rear Ended,4,3,1,0,0,8/21/04 17:10,Raining,Wet,Daylight,Green Lake-Green Lake,-122.3337669,47.68000629
-122.346835,47.67598485,AURORA AVE N AND WEST GREEN LAKE WAY N,2,Injury Collision,Rear Ended,2,2,1,0,0,6/14/04 17:30,Clear or Partly Cloudy,Dry,Daylight,Green Lake-Green Lake,-122.3337669,47.68000629
-122.3274886,47.68165808,LATONA AVE NE AND EAST GREEN LAKE DR N,1,Property Damage Only Collision,Angles,3,2,0,0,0,9/19/04 9:11,Clear or Partly Cloudy,Wet,Daylight,Green Lake-Green Lake,-122.3337669,47.68000629
-122.3217278,47.67842568,WEEDIN PL NE BETWEEN NE 68TH ST AND NE 69TH ST,2,Injury Collision,Angles,2,2,1,0,0,4/6/13 14:02,Clear or Partly Cloudy,Dry,Daylight,Green Lake-Green Lake,-122.3337669,47.68000629
-122.3309891,47.68267636,EAST GREEN LAKE DR N BETWEEN CORLISS AVE N AND BAGLEY AVE N,2,Injury Collision,Rear Ended,2,2,1,0,0,7/25/04 15:02,Clear or Partly Cloudy,Dry,Daylight,Green Lake-Green Lake,-122.3337669,47.68000629
-122.3265411,47.67591635,NE 65TH ST BETWEEN 2ND AVE NE AND LATONA W AVE NE,0,Unknown,,0,0,0,0,0,4/2/13,,,,Green Lake-Green Lake,-122.3337669,47.68000629
-122.3307312,47.68687766,N 80TH ST BETWEEN CORLISS W AVE N AND CORLISS E AVE N,1,Property Damage Only Collision,Parked Car,3,2,0,0,0,4/23/04 9:18,Overcast,Dry,Daylight,Green Lake-Green Lake,-122.3337669,47.68000629
-122.3242406,47.67709965,5TH AVE NE BETWEEN NE 65TH E ST AND WOODLAWN AVE NE,1,Property Damage Only Collision,Parked Car,2,2,0,0,0,2/25/04 17:00,Unknown,Unknown,Unknown,Green Lake-Green Lake,-122.3337669,47.68000629
-122.3281912,47.67363162,1ST AVE NE AND NE 62ND ST,2,Injury Collision,Angles,4,2,2,0,0,6/20/04 15:25,Clear or Partly Cloudy,Dry,Daylight,Green Lake-Green Lake,-122.3337669,47.68000629
-122.3284354,47.68225379,East GREEN Lake DR N BETWEEN LATONA AVE NE AND SUNNYSIDE AVE N,1,Property Damage Only Collision,Rear Ended,5,3,0,0,0,3/8/04,Clear or Partly Cloudy,Dry,Daylight,GREEN Lake-GREEN Lake,-122.3337669,47.68000629
-122.3271602,47.67844054,EAST GREEN LAKE WAY N BETWEEN 2ND AVE NE AND 4TH AVE NE,2,Injury Collision,Rear Ended,3,2,1,0,0,6/5/04,Overcast,Dry,Daylight,Green Lake-Green Lake,-122.3337669,47.68000629
-122.2799128,47.68856432,45TH AVE NE BETWEEN NE 80TH ST AND NE 86TH ST,2,Injury Collision,Other,2,2,1,0,0,3/16/05 10:45,Clear or Partly Cloudy,Dry,Daylight,View Ridge-View Ridge,-122.2743525,47.68389617
-122.2796431,47.67941307,45TH AVE NE AND NE 70TH ST,0,Unknown,,0,0,0,0,0,2/20/10,,,,View Ridge-View Ridge,-122.2743525,47.68389617
-122.282943,47.67760064,NE 68TH ST BETWEEN 42ND AVE NE AND 43RD AVE NE,1,Property Damage Only Collision,Parked Car,2,2,0,0,0,8/21/09 16:30,Unknown,Dry,Unknown,View Ridge-View Ridge,-122.2743525,47.68389617
-122.2849304,47.67669353,40TH AVE NE BETWEEN NE 65TH ST AND NE 68TH ST,1,Property Damage Only Collision,Parked Car,2,2,0,0,0,3/16/14 17:00,Raining,Wet,Daylight,View Ridge-View Ridge,-122.2743525,47.68389617
-122.2779344,47.6766882,47TH AVE NE BETWEEN NE 65TH ST AND NE 68TH ST,1,Property Damage Only Collision,Parked Car,2,2,0,0,0,6/28/04 22:30,Clear or Partly Cloudy,Dry,Unknown,View Ridge-View Ridge,-122.2743525,47.68389617
-122.2836141,47.67760057,42ND AVE NE AND NE 68TH ST,0,Unknown,,0,0,0,0,0,3/18/04,,,,View Ridge-View Ridge,-122.2743525,47.68389617
-122.3006452,47.67396072,25TH AVE NE BETWEEN NE 60TH ST AND NE 65TH ST,1,Property Damage Only Collision,Rear Ended,4,2,0,0,0,5/7/04,Raining,Wet,Daylight,Ravenna-Ravenna,-122.3011333,47.67575736
-122.2967308,47.66852064,NE 55TH ST BETWEEN 28TH AVE NE AND 29TH AVE NE,0,Unknown,,2,0,0,0,0,12/10/18,,,,Ravenna-Ravenna,-122.3011333,47.67575736
-122.3002224,47.68304753,NE 75TH ST BETWEEN 25TH AVE NE AND 26TH AVE NE,1,Property Damage Only Collision,Right Turn,3,2,0,0,0,3/26/13 16:07,Clear or Partly Cloudy,Dry,Daylight,Ravenna-Ravenna,-122.3011333,47.67575736
-122.3006452,47.67396072,25TH AVE NE BETWEEN NE 60TH ST AND NE 65TH ST,2,Injury Collision,Rear Ended,3,2,1,0,0,4/23/05 13:31,Clear or Partly Cloudy,Dry,Daylight,Ravenna-Ravenna,-122.3011333,47.67575736
-122.2904019,47.68032385,35TH AVE NE BETWEEN NE 70TH ST AND NE 73RD ST,2,Injury Collision,Cycles,2,1,1,0,0,5/16/19 23:34,Raining,Wet,Dark - Street Lights On,Ravenna-Ravenna,-122.3011333,47.67575736
-122.3049431,47.69029015,NE 85TH ST BETWEEN 21ST AVE NE AND 23RD AVE NE,0,Unknown,,0,0,0,0,0,3/22/13,,,,Ravenna-Ravenna,-122.3011333,47.67575736
-122.3016938,47.67669567,24TH AVE NE BETWEEN NE 65TH ST AND NE 68TH ST,0,Unknown,,0,0,0,0,0,11/24/18,,,,Ravenna-Ravenna,-122.3011333,47.67575736
-122.3019268,47.68667326,24TH AVE NE AND NE 80TH ST,1,Property Damage Only Collision,Parked Car,2,2,0,0,0,11/4/10 12:30,Unknown,Unknown,Unknown,Ravenna-Ravenna,-122.3011333,47.67575736
-122.3007582,47.68304743,25TH AVE NE AND NE 75TH ST,1,Property Damage Only Collision,Left Turn,2,2,0,0,0,6/8/04,Raining,Wet,Dark - Street Lights On,Ravenna-Ravenna,-122.3011333,47.67575736
-122.3038582,47.67762135,RAVENNA AVE NE AND NE 68TH ST,1,Property Damage Only Collision,Other,1,1,0,0,0,6/20/05 21:57,Clear or Partly Cloudy,Dry,Dark - Street Lights On,Ravenna-Ravenna,-122.3011333,47.67575736
-122.3072403,47.68304684,NE 75TH ST BETWEEN 19TH AVE NE AND 20TH AVE NE,2,Injury Collision,Cycles,2,1,1,0,0,4/1/13 15:30,Clear or Partly Cloudy,Dry,Daylight,Ravenna-Ravenna,-122.3011333,47.67575736
-122.3012214,47.68717779,25TH AVE NE BETWEEN NE 80TH ST AND RAVENNA S AVE NE,2,Injury Collision,Angles,2,2,1,0,0,4/3/13 8:30,Clear or Partly Cloudy,Dry,Daylight,Ravenna-Ravenna,-122.3011333,47.67575736
-122.302742,47.67577533,23RD AVE NE AND NE 65TH ST,1,Property Damage Only Collision,Angles,4,2,0,0,0,12/15/18 23:51,Raining,Wet,Dark - Street Lights On,Ravenna-Ravenna,-122.3011333,47.67575736
-122.3046668,47.68304716,NE 75TH ST BETWEEN 21ST AVE NE AND RAVENNA AVE NE,1,Property Damage Only Collision,Right Turn,2,2,0,0,0,8/3/05,Clear or Partly Cloudy,Dry,Daylight,Ravenna-Ravenna,-122.3011333,47.67575736
-122.3120793,47.68304587,15TH AVE NE AND NE 75TH ST,1,Property Damage Only Collision,Rear Ended,2,2,0,0,0,10/28/15 14:49,Overcast,Wet,Daylight,Ravenna-Ravenna,-122.3011333,47.67575736
-122.3046668,47.68304716,NE 75TH ST BETWEEN 21ST AVE NE AND RAVENNA AVE NE,1,Property Damage Only Collision,Rear Ended,2,2,0,0,0,10/31/15 16:53,Raining,Wet,Dark - Street Lights On,Ravenna-Ravenna,-122.3011333,47.67575736
-122.3016938,47.67669567,24TH AVE NE BETWEEN NE 65TH ST AND NE 68TH ST,1,Property Damage Only Collision,Parked Car,2,2,0,0,0,3/23/15 2:00,Unknown,Unknown,Dark - Street Lights On,Ravenna-Ravenna,-122.3011333,47.67575736
-122.3108765,47.67669035,16TH AVE NE BETWEEN NE 65TH ST AND NE 68TH ST,1,Property Damage Only Collision,Parked Car,2,2,0,0,0,5/1/14 13:48,Clear or Partly Cloudy,Dry,Daylight,Ravenna-Ravenna,-122.3011333,47.67575736
-122.3113958,47.67578296,NE 65TH ST BETWEEN 15TH AVE NE AND 16TH AVE NE,1,Property Damage Only Collision,Sideswipe,2,2,0,0,0,8/13/11 17:59,Clear or Partly Cloudy,Dry,Daylight,Ravenna-Ravenna,-122.3011333,47.67575736
-122.300619,47.66852575,25TH AVE NE AND NE 55TH ST,2,Injury Collision,Pedestrian,2,1,1,0,0,10/25/08 17:13,Clear or Partly Cloudy,Dry,Daylight,Ravenna-Ravenna,-122.3011333,47.67575736
-122.3076988,47.67853682,19TH AVE NE BETWEEN NE 68TH ST AND NE 70TH ST,1,Property Damage Only Collision,Parked Car,2,2,0,0,0,12/16/14 10:00,Overcast,Dry,Daylight,Ravenna-Ravenna,-122.3011333,47.67575736
-122.3113958,47.67578296,NE 65TH ST BETWEEN 15TH AVE NE AND 16TH AVE NE,1,Property Damage Only Collision,Sideswipe,2,2,0,0,0,1/23/08 15:07,Clear or Partly Cloudy,Dry,Daylight,Ravenna-Ravenna,-122.3011333,47.67575736
-122.2902029,47.66941629,35TH AVE NE BETWEEN NE 55TH ST AND NE 57TH ST,1,Property Damage Only Collision,Parked Car,4,2,0,0,0,1/24/11 17:21,Raining,Wet,Daylight,Ravenna-Ravenna,-122.3011333,47.67575736
-122.3006269,47.66998761,25TH AVE NE AND NE 57TH ST,0,Unknown,,0,0,0,0,0,2/21/04,,,,Ravenna-Ravenna,-122.3011333,47.67575736
-122.2953265,47.68304813,NE 75TH ST BETWEEN 30TH AVE NE AND 31ST AVE NE,1,Property Damage Only Collision,Other,1,1,0,0,0,1/28/04 8:40,Raining,Wet,Daylight,Ravenna-Ravenna,-122.3011333,47.67575736
-122.3108765,47.67669035,16TH AVE NE BETWEEN NE 65TH ST AND NE 68TH ST,1,Property Damage Only Collision,Parked Car,3,3,0,0,0,1/24/08 10:39,Unknown,Unknown,Unknown,Ravenna-Ravenna,-122.3011333,47.67575736
-122.3006329,47.67106879,25TH AVE NE BETWEEN NE 57TH ST AND NE 60TH ST,1,Property Damage Only Collision,Rear Ended,5,3,0,0,0,10/30/14 21:43,Raining,Wet,Dark - Street Lights On,Ravenna-Ravenna,-122.3011333,47.67575736
-122.300619,47.66852575,25TH AVE NE AND NE 55TH ST,1,Property Damage Only Collision,Left Turn,2,2,0,0,0,8/4/10 11:24,Clear or Partly Cloudy,Dry,Daylight,Ravenna-Ravenna,-122.3011333,47.67575736
-122.2901553,47.66375322,35TH AVE NE BETWEEN NE 45TH PL AND NE 50TH ST,1,Property Damage Only Collision,Parked Car,3,3,0,0,0,11/1/09,Unknown,Unknown,Unknown,Ravenna-Ravenna,-122.3011333,47.67575736
-122.3066886,47.68304696,20TH AVE NE AND NE 75TH ST,2,Injury Collision,Cycles,2,1,1,0,0,7/24/12 17:34,Clear or Partly Cloudy,Dry,Daylight,Ravenna-Ravenna,-122.3011333,47.67575736
-122.2985454,47.67489482,27TH AVE NE BETWEEN NE 62ND ST AND NE 65TH ST,1,Property Damage Only Collision,Parked Car,2,2,0,0,0,4/26/13 19:18,Clear or Partly Cloudy,Dry,Dusk,Ravenna-Ravenna,-122.3011333,47.67575736
-122.3006161,47.66797835,25TH AVE NE AND NE 54TH ST,1,Property Damage Only Collision,Angles,2,2,0,0,0,2/16/12 19:23,Raining,Wet,Dark - Street Lights On,Ravenna-Ravenna,-122.3011333,47.67575736
-122.2902029,47.66941629,35TH AVE NE BETWEEN NE 55TH ST AND NE 57TH ST,2,Injury Collision,Sideswipe,3,2,1,0,0,6/8/15 15:30,Clear or Partly Cloudy,Dry,Daylight,Ravenna-Ravenna,-122.3011333,47.67575736
-122.294113,47.6625502,UNION BAY PL NE BETWEEN NE 45TH ST AND 30TH AVE NE,1,Property Damage Only Collision,Angles,2,2,0,0,0,3/20/14 12:30,Clear or Partly Cloudy,Dry,Daylight,Ravenna-Ravenna,-122.3011333,47.67575736
-122.3008869,47.66326618,25TH AVE NE AND NE 47TH ST,1,Property Damage Only Collision,Left Turn,2,2,0,0,0,4/26/10 10:35,Raining,Wet,Unknown,Ravenna-Ravenna,-122.3011333,47.67575736
-122.3120793,47.68304587,15TH AVE NE AND NE 75TH ST,1,Property Damage Only Collision,Left Turn,2,2,0,0,0,12/19/12 14:50,Raining,Wet,Unknown,Ravenna-Ravenna,-122.3011333,47.67575736
-122.3104737,47.68304646,NE 75TH ST BETWEEN 16TH AVE NE AND 17TH W AVE NE,2,Injury Collision,Rear Ended,3,3,1,0,0,12/3/13 16:25,Clear or Partly Cloudy,Dry,Dark - Street Lights On,Ravenna-Ravenna,-122.3011333,47.67575736
-122.3007582,47.68304743,25TH AVE NE AND NE 75TH ST,1,Property Damage Only Collision,Left Turn,2,2,0,0,0,10/15/04 19:45,Overcast,Dry,Dark - Street Lights On,Ravenna-Ravenna,-122.3011333,47.67575736
-122.300619,47.66852575,25TH AVE NE AND NE 55TH ST,0,Unknown,,0,0,0,0,0,3/18/04,,,,Ravenna-Ravenna,-122.3011333,47.67575736
-122.3006269,47.66998761,25TH AVE NE AND NE 57TH ST,2,Injury Collision,Angles,2,2,2,0,0,1/26/18 13:21,Clear or Partly Cloudy,Dry,Daylight,Ravenna-Ravenna,-122.3011333,47.67575736
-122.3006329,47.67106879,25TH AVE NE BETWEEN NE 57TH ST AND NE 60TH ST,0,Unknown,,0,0,0,0,0,12/8/04,,,,Ravenna-Ravenna,-122.3011333,47.67575736
-122.3001257,47.67577479,NE 65TH ST BETWEEN 25TH AVE NE AND 26TH AVE NE,0,Unknown,,0,0,0,0,0,7/27/04,,,,Ravenna-Ravenna,-122.3011333,47.67575736
-122.3119714,47.67781402,15TH AVE NE BETWEEN NE 68TH S ST AND NE 68TH N ST,2,Injury Collision,Rear Ended,2,2,1,0,0,4/11/13 8:40,Raining,Wet,Daylight,Ravenna-Ravenna,-122.3011333,47.67575736
-122.3006173,47.66825205,25TH AVE NE BETWEEN NE 54TH ST AND NE 55TH ST,2,Injury Collision,Rear Ended,2,2,1,0,0,3/27/13 15:39,Raining,Wet,Daylight,Ravenna-Ravenna,-122.3011333,47.67575736
-122.2910185,47.68304844,NE 75TH ST BETWEEN 34TH AVE NE AND 35TH AVE NE,1,Property Damage Only Collision,Sideswipe,3,2,0,0,0,2/18/04 7:25,Overcast,Wet,Daylight,Ravenna-Ravenna,-122.3011333,47.67575736
-122.3006161,47.66797835,25TH AVE NE AND NE 54TH ST,1,Property Damage Only Collision,Angles,3,2,0,0,0,9/2/04,Clear or Partly Cloudy,Dry,Daylight,Ravenna-Ravenna,-122.3011333,47.67575736
-122.2940381,47.67578027,31ST AVE NE AND NE 65TH E ST,2b,Serious Injury Collision,Rear Ended,3,3,3,2,0,4/17/04 13:05,Clear or Partly Cloudy,Dry,Daylight,Ravenna-Ravenna,-122.3011333,47.67575736
-122.3120793,47.68304587,15TH AVE NE AND NE 75TH ST,1,Property Damage Only Collision,Left Turn,3,2,0,0,0,4/8/13 7:05,Overcast,Wet,Daylight,Ravenna-Ravenna,-122.3011333,47.67575736
-122.2995958,47.67577535,26TH AVE NE AND NE 65TH ST,1,Property Damage Only Collision,Angles,2,2,0,0,0,7/20/04 21:16,Clear or Partly Cloudy,Dry,Dark - Street Lights On,Ravenna-Ravenna,-122.3011333,47.67575736
-122.2904019,47.68032385,35TH AVE NE BETWEEN NE 70TH ST AND NE 73RD ST,2,Injury Collision,Pedestrian,2,1,1,0,0,11/3/04,Clear or Partly Cloudy,Dry,Daylight,Ravenna-Ravenna,-122.3011333,47.67575736
-122.2922025,47.67398093,33RD AVE NE AND NE 62ND ST,1,Property Damage Only Collision,Parked Car,2,2,0,0,0,11/4/04,Overcast,Dry,Daylight,Ravenna-Ravenna,-122.3011333,47.67575736
-122.3006173,47.66825205,25TH AVE NE BETWEEN NE 54TH ST AND NE 55TH ST,1,Property Damage Only Collision,Rear Ended,2,2,0,0,0,10/28/04 17:15,Raining,Wet,Dusk,Ravenna-Ravenna,-122.3011333,47.67575736
-122.2624936,47.67579536,NE 65TH ST BETWEEN SAND POINT WAY NE AND 62ND AVE NE,1,Property Damage Only Collision,Other,2,2,0,0,0,3/29/13 18:39,Clear or Partly Cloudy,Dry,Dusk,Sand Point-Sand Point,-122.2566169,47.68192131
-122.2636914,47.6829262,SAND POINT WAY NE AND NE 75TH ST,1,Property Damage Only Collision,Angles,4,4,0,0,0,9/3/19 21:27,Clear or Partly Cloudy,Dry,Dark - Street Lights On,Sand Point-Sand Point,-122.2566169,47.68192131
-122.2899531,47.68304771,NE 75TH ST BETWEEN 35TH AVE NE AND 36TH AVE NE,1,Property Damage Only Collision,Angles,2,2,0,0,0,1/9/05,Snowing,Snow/Slush,Daylight,Bryant-Bryant,-122.2861763,47.67210686
-122.2904533,47.68214015,35TH AVE NE BETWEEN NE 73RD ST AND NE 75TH ST,1,Property Damage Only Collision,Parked Car,2,2,0,0,0,5/7/10 11:51,Clear or Partly Cloudy,Dry,Daylight,Bryant-Bryant,-122.2861763,47.67210686
-122.2857745,47.67123188,39TH AVE NE BETWEEN NE 57TH ST AND NE 60TH ST,1,Property Damage Only Collision,Parked Car,2,2,0,0,0,3/20/07 8:00,Unknown,Unknown,Unknown,Bryant-Bryant,-122.2861763,47.67210686
-122.282835,47.66488955,SAND POINT WAY NE AND NE 50TH ST,1,Property Damage Only Collision,Angles,2,2,0,0,0,2/27/15 18:02,Clear or Partly Cloudy,Dry,Dark - Street Lights On,Bryant-Bryant,-122.2861763,47.67210686
-122.2857991,47.662062,SAND POINT WAY NE BETWEEN NE 45TH ST AND 40TH AVE NE,2,Injury Collision,Rear Ended,2,2,1,0,0,3/17/04 11:51,Raining,Wet,Daylight,Bryant-Bryant,-122.2861763,47.67210686
-122.2903506,47.67850755,35TH AVE NE BETWEEN NE 68TH ST AND NE 70TH ST,0,Unknown,,2,0,0,0,0,12/5/18,,,,Bryant-Bryant,-122.2861763,47.67210686
-122.2834787,47.66850835,NE 55TH ST BETWEEN 40TH AVE NE AND 43RD AVE NE,2,Injury Collision,Parked Car,5,3,2,0,0,7/18/12 15:30,Clear or Partly Cloudy,Dry,Daylight,Bryant-Bryant,-122.2861763,47.67210686
-122.2908475,47.66172868,NE BLAKELEY ST BETWEEN NE 45TH PL AND 35TH AVE NE,1,Property Damage Only Collision,Parked Car,2,2,0,0,0,11/3/09,Unknown,Unknown,Unknown,Bryant-Bryant,-122.2861763,47.67210686
-122.2879991,47.67123375,37TH AVE NE BETWEEN NE 57TH ST AND NE 60TH ST,0,Unknown,,2,0,0,0,0,3/22/18,,,,Bryant-Bryant,-122.2861763,47.67210686
-122.2882049,47.66117528,37TH AVE NE AND NE 45TH ST,1,Property Damage Only Collision,Angles,2,2,0,0,0,6/29/04 15:51,Clear or Partly Cloudy,Dry,Daylight,Bryant-Bryant,-122.2861763,47.67210686
-122.2857991,47.662062,SAND POINT WAY NE BETWEEN NE 45TH ST AND 40TH AVE NE,1,Property Damage Only Collision,Sideswipe,3,2,0,0,0,3/20/04 17:58,Clear or Partly Cloudy,Dry,Dusk,Bryant-Bryant,-122.2861763,47.67210686
-122.2857745,47.67123188,39TH AVE NE BETWEEN NE 57TH ST AND NE 60TH ST,0,Unknown,,0,0,0,0,0,3/7/18,,,,Bryant-Bryant,-122.2861763,47.67210686
-122.2851165,47.68235109,40TH AVE NE BETWEEN NE 73RD N ST AND NE 75TH ST,1,Property Damage Only Collision,Cycles,2,1,0,0,0,9/19/04 15:01,Clear or Partly Cloudy,Dry,Daylight,Bryant-Bryant,-122.2861763,47.67210686
-122.2885113,47.66669097,NE 52ND ST BETWEEN 36TH AVE NE AND 37TH AVE NE,1,Property Damage Only Collision,Sideswipe,2,2,0,0,0,12/31/04 12:45,Unknown,Unknown,Unknown,Bryant-Bryant,-122.2861763,47.67210686
-122.2847736,47.66302717,40TH AVE NE AND SAND POINT WAY NE,0,Unknown,,0,0,0,0,0,7/21/04,,,,Bryant-Bryant,-122.2861763,47.67210686
-122.2871378,47.67941515,38TH AVE NE AND NE 70TH ST,1,Property Damage Only Collision,Left Turn,2,2,0,0,0,2/14/04 15:48,Overcast,Wet,Daylight,Bryant-Bryant,-122.2861763,47.67210686
-122.2710831,47.66996484,SAND POINT WAY NE AND NE WINDERMERE RD,1,Property Damage Only Collision,Angles,5,2,0,0,0,10/13/10 8:58,Clear or Partly Cloudy,Dry,Daylight,Windermere-Windermere,-122.2656621,47.66513502
-122.2780416,47.67043127,PURDUE AVE NE BETWEEN 45TH AVE NE AND PRINCETON AVE NE,0,Unknown,,0,0,0,0,0,4/10/13,,,,Windermere-Windermere,-122.2656621,47.66513502
-122.2695649,47.67575235,54TH AVE NE AND NE 65TH ST,2,Injury Collision,Angles,2,2,1,0,0,4/22/04 10:12,Clear or Partly Cloudy,Dry,Daylight,Windermere-Windermere,-122.2656621,47.66513502
-122.274599,47.65621308,49TH AVE NE BETWEEN DEAD END 1 AND NE 39TH W ST,1,Property Damage Only Collision,Parked Car,2,2,0,0,0,5/18/05 2:00,Raining,Wet,Dark - Street Lights On,Laurelhurst-Laurelhurst,-122.2794959,47.6581931
-122.2794624,47.66795816,SAND POINT WAY NE BETWEEN NE 52ND ST AND 47TH AVE NE,1,Property Damage Only Collision,Other,1,1,0,0,0,7/7/04,Clear or Partly Cloudy,Dry,Daylight,Laurelhurst-Laurelhurst,-122.2794959,47.6581931
-122.282756,47.657254,42ND AVE NE BETWEEN NE 38TH ST AND NE 41ST ST,1,Property Damage Only Collision,Parked Car,2,2,0,0,0,12/10/06 16:00,Unknown,Unknown,Unknown,Laurelhurst-Laurelhurst,-122.2794959,47.6581931
-122.2830441,47.66468869,SAND POINT WAY NE BETWEEN PENNY DR AND NE 50TH ST,1,Property Damage Only Collision,Other,3,1,0,0,0,3/6/06,Raining,Wet,Dark - Street Lights On,Laurelhurst-Laurelhurst,-122.2794959,47.6581931
-122.2887116,47.66114364,NE 45TH ST BETWEEN 36TH AVE NE AND 37TH AVE NE,1,Property Damage Only Collision,Sideswipe,2,2,0,0,0,11/7/04,Clear or Partly Cloudy,Dry,Daylight,Laurelhurst-Laurelhurst,-122.2794959,47.6581931
-122.2887116,47.66114364,NE 45TH ST BETWEEN 36TH AVE NE AND 37TH AVE NE,0,Unknown,,0,0,0,0,0,12/29/04,,,,Laurelhurst-Laurelhurst,-122.2794959,47.6581931
-122.281842,47.66585049,SAND POINT WAY NE BETWEEN NE 50TH ST AND NE 52ND ST,1,Property Damage Only Collision,Rear Ended,2,2,0,0,0,3/27/04 20:02,Raining,Wet,Dark - Street Lights On,Laurelhurst-Laurelhurst,-122.2794959,47.6581931
-122.2813929,47.65841478,43RD AVE NE AND NE 41ST ST,1,Property Damage Only Collision,Angles,2,2,0,0,0,4/3/15 23:42,Clear or Partly Cloudy,Dry,Dark - Street Lights On,Laurelhurst-Laurelhurst,-122.2794959,47.6581931
-122.2773256,47.6630913,47TH AVE NE AND NE 47TH ST,1,Property Damage Only Collision,Parked Car,2,2,0,0,0,3/30/13 23:30,Unknown,Unknown,Unknown,Laurelhurst-Laurelhurst,-122.2794959,47.6581931
-122.276959,47.65557042,47TH AVE NE AND NE 38TH S ST,1,Property Damage Only Collision,Left Turn,4,2,0,0,0,4/21/04 8:15,Clear or Partly Cloudy,Dry,Daylight,Laurelhurst-Laurelhurst,-122.2794959,47.6581931
-122.2714183,47.65800799,NE 41ST ST BETWEEN 51ST E AVE NE AND NE LATIMER E PL,1,Property Damage Only Collision,Parked Car,2,2,0,0,0,3/21/04 21:29,Unknown,Unknown,Unknown,Laurelhurst-Laurelhurst,-122.2794959,47.6581931
-122.2794624,47.66795816,SAND POINT WAY NE BETWEEN NE 52ND ST AND 47TH AVE NE,1,Property Damage Only Collision,Rear Ended,6,3,0,0,0,4/12/04 8:15,Overcast,Dry,Daylight,Laurelhurst-Laurelhurst,-122.2794959,47.6581931
-122.3236406,47.68679541,NE 80TH ST BETWEEN 4TH AVE NE AND 5TH AVE NE,1,Property Damage Only Collision,Rear Ended,2,2,0,0,0,3/30/13 11:12,Clear or Partly Cloudy,Dry,Daylight,Roosevelt-Roosevelt,-122.3178639,47.68072442
-122.3200539,47.67542229,8TH AVE NE BETWEEN NE 64TH ST AND NE 65TH ST,1,Property Damage Only Collision,Rear Ended,2,2,0,0,0,8/27/05 10:54,Overcast,Dry,Daylight,Roosevelt-Roosevelt,-122.3178639,47.68072442
-122.3187074,47.67334117,9TH AVE NE AND NE 62ND ST,1,Property Damage Only Collision,Angles,5,2,0,0,0,4/11/09 17:54,Overcast,Dry,Daylight,Roosevelt-Roosevelt,-122.3178639,47.68072442
-122.3229514,47.68678736,5TH AVE NE AND NE 80TH ST,1,Property Damage Only Collision,Angles,0,2,0,0,0,2/4/04,Raining,Wet,Dark - Street Lights On,Roosevelt-Roosevelt,-122.3178639,47.68072442
-122.3116423,47.68788685,LAKE CITY WAY NE BETWEEN 15TH AVE NE AND 16TH AVE NE,2,Injury Collision,Rear Ended,4,2,1,0,0,5/9/19 8:17,Clear or Partly Cloudy,Dry,Daylight,Roosevelt-Roosevelt,-122.3178639,47.68072442
-122.325099,47.68676836,BANNER WAY NE AND NE 80TH ST,1,Property Damage Only Collision,Angles,2,2,0,0,0,5/11/11 18:30,Raining,Wet,Daylight,Roosevelt-Roosevelt,-122.3178639,47.68072442
-122.3125402,47.67651215,NE 66TH ST BETWEEN 14TH AVE NE AND 15TH AVE NE,1,Property Damage Only Collision,Parked Car,2,2,0,0,0,1/7/13 15:00,Unknown,Unknown,Unknown,Roosevelt-Roosevelt,-122.3178639,47.68072442
-122.3187074,47.67334117,9TH AVE NE AND NE 62ND ST,1,Property Damage Only Collision,Angles,2,2,0,0,0,10/5/09,Unknown,Dry,Daylight,Roosevelt-Roosevelt,-122.3178639,47.68072442
-122.3173983,47.67837686,ROOSEVELT WAY NE BETWEEN NE 68TH ST AND NE 69TH ST,1,Property Damage Only Collision,Sideswipe,2,2,0,0,0,4/2/13 14:04,Clear or Partly Cloudy,Dry,Daylight,Roosevelt-Roosevelt,-122.3178639,47.68072442