X,Y,LOCATION,SEVERITYCODE,SEVERITYDESC,COLLISIONTYPE,PERSONCOUNT,VEHCOUNT,INJURIES,SERIOUSINJURIES,FATALITIES,INCDTTM,WEATHER,ROADCOND,LIGHTCOND,NEIGHBORHOOD,NX,NY
-122.3119052,47.67210552,15TH AVE NE AND COWEN PL NE,1,Property Damage Only Collision,Angles,2,2,0,0,0,4/20/06 21:56,Raining,Wet,Dark - Street Lights On,Roosevelt-Roosevelt,-122.3178639,47.68072442
-122.325099,47.68676836,BANNER WAY NE AND NE 80TH ST,1,Property Damage Only Collision,Angles,3,2,0,0,0,10/30/07 19:43,Clear or Partly Cloudy,Dry,Dark - Street Lights On,Roosevelt-Roosevelt,-122.3178639,47.68072442
-122.3152797,47.68308626,12TH AVE NE AND NE 75TH ST,2,Injury Collision,Angles,3,2,2,0,0,4/3/13 10:11,Clear or Partly Cloudy,Dry,Daylight,Roosevelt-Roosevelt,-122.3178639,47.68072442
-122.3142538,47.68606261,LAKE CITY WAY NE BETWEEN 12TH AVE NE AND NE 80TH ST,2,Injury Collision,Rear Ended,2,2,1,0,0,1/12/10 15:14,Raining,Wet,Dusk,Roosevelt-Roosevelt,-122.3178639,47.68072442
-122.3121933,47.68850816,15TH AVE NE AND NE 82ND ST,1,Property Damage Only Collision,Angles,2,2,0,0,0,1/31/06 17:55,Raining,Wet,Dark - Street Lights On,Roosevelt-Roosevelt,-122.3178639,47.68072442
-122.3173634,47.67226899,ROOSEVELT WAY NE AND NE RAVENNA WB BV,2,Injury Collision,Cycles,2,1,1,0,0,4/18/06 12:45,Clear or Partly Cloudy,Dry,Daylight,Roosevelt-Roosevelt,-122.3178639,47.68072442
-122.3120887,47.68350004,15TH AVE NE BETWEEN NE 75TH ST AND NE 76TH ST,1,Property Damage Only Collision,Parked Car,2,2,0,0,0,5/10/10 5:17,Raining,Wet,Dawn,Roosevelt-Roosevelt,-122.3178639,47.68072442
-122.3189025,47.68674595,NE 80TH ST BETWEEN 8TH AVE NE AND ROOSEVELT WAY NE,1,Property Damage Only Collision,Angles,6,2,0,0,0,2/28/04 21:55,Clear or Partly Cloudy,Dry,Dark - Street Lights On,Roosevelt-Roosevelt,-122.3178639,47.68072442
-122.3164339,47.68309854,11TH AVE NE AND NE 75TH ST,1,Property Damage Only Collision,Angles,2,2,0,0,0,10/16/14 15:37,Clear or Partly Cloudy,Dry,Daylight,Roosevelt-Roosevelt,-122.3178639,47.68072442
-122.3156676,47.67945216,12TH AVE NE AND NE 70TH ST,2,Injury Collision,,2,0,1,0,0,7/16/12,,,,Roosevelt-Roosevelt,-122.3178639,47.68072442
-122.3156922,47.67802843,12TH AVE NE AND NE 68TH ST,1,Property Damage Only Collision,Left Turn,3,2,0,0,0,7/23/14 17:02,Clear or Partly Cloudy,Wet,Daylight,Roosevelt-Roosevelt,-122.3178639,47.68072442
-122.3121726,47.68751645,15TH AVE NE AND LAKE CITY WAY NE,2,Injury Collision,Rear Ended,2,2,1,0,0,6/21/16 15:05,Clear or Partly Cloudy,Dry,Daylight,Roosevelt-Roosevelt,-122.3178639,47.68072442
-122.3174034,47.67874129,ROOSEVELT WAY NE AND NE 69TH ST,2,Injury Collision,Cycles,2,1,1,0,0,4/23/12 17:09,Clear or Partly Cloudy,Dry,Daylight,Roosevelt-Roosevelt,-122.3178639,47.68072442
-122.3175527,47.68673213,ROOSEVELT WAY NE AND NE 80TH ST,1,Property Damage Only Collision,Pedestrian,2,1,0,0,0,11/14/13 21:37,Clear or Partly Cloudy,Wet,Dark - Street Lights On,Roosevelt-Roosevelt,-122.3178639,47.68072442
-122.312136,47.68576825,15TH AVE NE BETWEEN NE 77TH ST AND NE 80TH ST,1,Property Damage Only Collision,Sideswipe,2,2,0,0,0,10/6/14 17:40,Clear or Partly Cloudy,Dry,Daylight,Roosevelt-Roosevelt,-122.3178639,47.68072442
-122.3142538,47.68606261,LAKE CITY WAY NE BETWEEN 12TH AVE NE AND NE 80TH ST,2,Injury Collision,Rear Ended,2,2,1,0,0,11/28/07 18:51,Raining,Wet,Dark - Street Lights On,Roosevelt-Roosevelt,-122.3178639,47.68072442
-122.3133572,47.68668897,LAKE CITY WAY NE AND NE 80TH ST,1,Property Damage Only Collision,,2,0,0,0,0,11/18/12,,,,Roosevelt-Roosevelt,-122.3178639,47.68072442
-122.3229561,47.68714557,5TH AVE NE BETWEEN NE 80TH ST AND NE 81ST ST,1,Property Damage Only Collision,Rear Ended,2,2,0,0,0,10/3/15 9:58,Clear or Partly Cloudy,Dry,Daylight,Roosevelt-Roosevelt,-122.3178639,47.68072442
-122.3202522,47.68675976,8TH AVE NE AND NE 80TH ST,1,Property Damage Only Collision,Angles,2,2,0,0,0,9/1/15 17:02,Overcast,Dry,Daylight,Roosevelt-Roosevelt,-122.3178639,47.68072442
-122.3199056,47.67376637,NE RAVENNA WB BV BETWEEN 8TH AVE NE AND RAVENNA BV WB ACCESS RD,0,Unknown,,0,0,0,0,0,9/8/04,,,,Roosevelt-Roosevelt,-122.3178639,47.68072442
-122.311117,47.68850436,16TH AVE NE AND NE 82ND ST,2,Injury Collision,Angles,4,2,1,0,0,4/7/13 15:17,Raining,Wet,Daylight,Roosevelt-Roosevelt,-122.3178639,47.68072442
-122.3142538,47.68606261,LAKE CITY WAY NE BETWEEN 12TH AVE NE AND NE 80TH ST,0,Unknown,,0,0,0,0,0,9/14/04,,,,Roosevelt-Roosevelt,-122.3178639,47.68072442
-122.3200673,47.67624537,8TH AVE NE BETWEEN NE 65TH ST AND WEEDIN E PL NE,1,Property Damage Only Collision,Parked Car,2,2,0,0,0,5/7/19 16:15,Clear or Partly Cloudy,Dry,Daylight,Roosevelt-Roosevelt,-122.3178639,47.68072442
-122.3131249,47.67365626,NE 62ND ST BETWEEN BROOKLYN AVE NE AND 15TH AVE NE,1,Property Damage Only Collision,Parked Car,2,2,0,0,0,12/4/06,Overcast,Dry,Daylight,Roosevelt-Roosevelt,-122.3178639,47.68072442
-122.3138478,47.67870649,NE 69TH ST BETWEEN 12TH AVE NE AND 15TH AVE NE,2,Injury Collision,Other,2,1,2,0,0,2/10/12 14:53,Clear or Partly Cloudy,Wet,Daylight,Roosevelt-Roosevelt,-122.3178639,47.68072442
-122.325099,47.68676836,BANNER WAY NE AND NE 80TH ST,2b,Serious Injury Collision,Angles,3,2,3,1,0,6/16/12 13:53,Clear or Partly Cloudy,Dry,Daylight,Roosevelt-Roosevelt,-122.3178639,47.68072442
-122.3175527,47.68673213,ROOSEVELT WAY NE AND NE 80TH ST,2,Injury Collision,Angles,2,2,1,0,0,11/26/08 11:20,Clear or Partly Cloudy,Dry,Daylight,Roosevelt-Roosevelt,-122.3178639,47.68072442
-122.3201971,47.68314565,8TH AVE NE AND NE 75TH ST,1,Property Damage Only Collision,Other,1,1,0,0,0,9/5/10 0:25,Clear or Partly Cloudy,Dry,Dark - Street Lights On,Roosevelt-Roosevelt,-122.3178639,47.68072442
-122.3165976,47.6835281,LAKE CITY WAY NE BETWEEN NE 75TH ST AND 11TH AVE NE,1,Property Damage Only Collision,Sideswipe,2,2,0,0,0,2/21/12 7:11,Raining,Dry,Unknown,Roosevelt-Roosevelt,-122.3178639,47.68072442
-122.315658,47.67581493,12TH AVE NE AND NE 65TH ST,2,Injury Collision,Pedestrian,0,1,1,0,0,5/11/15 21:18,Overcast,Dry,Dark - Street Lights On,Roosevelt-Roosevelt,-122.3178639,47.68072442
-122.3104057,47.6887506,LAKE CITY WAY NE BETWEEN NE 82ND ST AND 17TH AVE NE,1,Property Damage Only Collision,Sideswipe,2,2,0,0,0,2/12/16 14:35,Clear or Partly Cloudy,Wet,Daylight,Roosevelt-Roosevelt,-122.3178639,47.68072442
-122.3173632,47.67540298,ROOSEVELT WAY NE BETWEEN NE 64TH ST AND NE 65TH ST,0,Unknown,,0,0,0,0,0,11/17/14,,,,Roosevelt-Roosevelt,-122.3178639,47.68072442
-122.325099,47.68676836,BANNER WAY NE AND NE 80TH ST,2,Injury Collision,Rear Ended,2,2,1,0,0,10/18/09 10:37,Clear or Partly Cloudy,Wet,Daylight,Roosevelt-Roosevelt,-122.3178639,47.68072442
-122.3119557,47.67704729,15TH AVE NE BETWEEN NE 66TH ST AND NE 68TH S ST,1,Property Damage Only Collision,Rear Ended,3,2,0,0,0,3/16/07 15:01,Clear or Partly Cloudy,Dry,Daylight,Roosevelt-Roosevelt,-122.3178639,47.68072442
-122.3200539,47.67542229,8TH AVE NE BETWEEN NE 64TH ST AND NE 65TH ST,1,Property Damage Only Collision,Sideswipe,2,2,0,0,0,12/2/11 7:14,Clear or Partly Cloudy,Wet,Dawn,Roosevelt-Roosevelt,-122.3178639,47.68072442
-122.3236406,47.68679541,NE 80TH ST BETWEEN 4TH AVE NE AND 5TH AVE NE,1,Property Damage Only Collision,Sideswipe,3,2,0,0,0,7/11/04 14:31,Clear or Partly Cloudy,Dry,Daylight,Roosevelt-Roosevelt,-122.3178639,47.68072442
-122.3142538,47.68606261,LAKE CITY WAY NE BETWEEN 12TH AVE NE AND NE 80TH ST,1,Property Damage Only Collision,Other,4,4,0,0,0,9/1/04,Raining,Wet,Daylight,Roosevelt-Roosevelt,-122.3178639,47.68072442
-122.3175527,47.68673213,ROOSEVELT WAY NE AND NE 80TH ST,3,Fatality Collision,Left Turn,3,2,1,0,1,2/29/04 0:23,Overcast,Dry,Dark - Street Lights On,Roosevelt-Roosevelt,-122.3178639,47.68072442
-122.3156578,47.67497952,12TH AVE NE AND NE 64TH ST,2,Injury Collision,Pedestrian,2,1,1,0,0,11/9/18 17:32,Clear or Partly Cloudy,Dry,Dark - Street Lights On,Roosevelt-Roosevelt,-122.3178639,47.68072442
-122.3165127,47.67582215,NE 65TH ST BETWEEN ROOSEVELT WAY NE AND 12TH AVE NE,1,Property Damage Only Collision,Rear Ended,3,3,0,0,0,7/28/04 19:21,Clear or Partly Cloudy,Dry,Daylight,Roosevelt-Roosevelt,-122.3178639,47.68072442
-122.3156581,47.67242533,12TH AVE NE AND NE 61ST ST,1,Property Damage Only Collision,Other,1,1,0,0,0,1/7/19 2:00,Overcast,Wet,Dark - Street Lights On,Roosevelt-Roosevelt,-122.3178639,47.68072442
-122.3121549,47.68667653,15TH AVE NE AND NE 80TH ST,1,Property Damage Only Collision,,2,0,0,0,0,12/12/19,,,,Roosevelt-Roosevelt,-122.3178639,47.68072442
-122.3133572,47.68668897,LAKE CITY WAY NE AND NE 80TH ST,1,Property Damage Only Collision,Left Turn,2,2,0,0,0,11/19/04 13:47,Clear or Partly Cloudy,Dry,Daylight,Roosevelt-Roosevelt,-122.3178639,47.68072442
-122.3277139,47.68892656,BANNER WAY NE BETWEEN 85TH ST ON RP AND NE 85TH ST OFF RP,1,Property Damage Only Collision,Other,1,1,0,0,0,1/22/19 22:01,Raining,Wet,Dark - Street Lights On,Roosevelt-Roosevelt,-122.3178639,47.68072442
-122.3147531,47.68307914,NE 75TH ST BETWEEN 12TH AVE NE AND BROOKLYN AVE NE,0,Unknown,,0,0,0,0,0,6/17/04,,,,Roosevelt-Roosevelt,-122.3178639,47.68072442
-122.3175591,47.68710314,ROOSEVELT WAY NE BETWEEN NE 80TH ST AND NE 81ST ST,1,Property Damage Only Collision,Sideswipe,3,2,0,0,0,4/13/13 10:19,Clear or Partly Cloudy,Dry,Daylight,Roosevelt-Roosevelt,-122.3178639,47.68072442
-122.3133572,47.68668897,LAKE CITY WAY NE AND NE 80TH ST,0,Unknown,,0,0,0,0,0,1/4/04,,,,Roosevelt-Roosevelt,-122.3178639,47.68072442
-122.3105026,47.68486322,NE 77TH ST BETWEEN 16TH AVE NE AND 17TH W AVE NE,1,Property Damage Only Collision,Parked Car,2,2,0,0,0,3/1/04,Unknown,Unknown,Unknown,Roosevelt-Roosevelt,-122.3178639,47.68072442
-122.3122124,47.68942459,15TH AVE NE BETWEEN NE 82ND ST AND NE 85TH ST,1,Property Damage Only Collision,Parked Car,2,2,0,0,0,1/11/04 2:00,Unknown,Unknown,Unknown,Roosevelt-Roosevelt,-122.3178639,47.68072442
-122.3152797,47.68308626,12TH AVE NE AND NE 75TH ST,1,Property Damage Only Collision,Angles,2,2,0,0,0,1/30/04 12:55,Clear or Partly Cloudy,Dry,Daylight,Roosevelt-Roosevelt,-122.3178639,47.68072442
-122.3165267,47.68016281,NE 71ST ST BETWEEN ROOSEVELT WAY NE AND 12TH AVE NE,0,Unknown,,2,0,0,0,0,11/19/19,,,,Roosevelt-Roosevelt,-122.3178639,47.68072442
-122.3116188,47.68667635,NE 80TH ST BETWEEN 15TH AVE NE AND 16TH AVE NE,2,Injury Collision,Angles,2,2,1,0,0,7/6/04,Raining,Wet,Daylight,Roosevelt-Roosevelt,-122.3178639,47.68072442
-122.316961,47.68310483,LAKE CITY WAY NE AND NE 75TH ST,1,Property Damage Only Collision,Left Turn,3,2,0,0,0,5/8/04,Clear or Partly Cloudy,Dry,Daylight,Roosevelt-Roosevelt,-122.3178639,47.68072442
-122.3156578,47.67456687,12TH AVE NE BETWEEN NE 63RD ST AND NE 64TH ST,1,Property Damage Only Collision,Other,4,2,0,0,0,8/22/04 19:01,Overcast,Dry,Daylight,Roosevelt-Roosevelt,-122.3178639,47.68072442
-122.3174497,47.68120704,ROOSEVELT WAY NE BETWEEN NE 72ND ST AND NE 73RD ST,1,Property Damage Only Collision,Sideswipe,2,2,0,0,0,10/4/04,Fog/Smog/Smoke,Dry,Daylight,Roosevelt-Roosevelt,-122.3178639,47.68072442
-122.3200531,47.6758521,8TH AVE NE AND NE 65TH ST,1,Property Damage Only Collision,Angles,2,2,0,0,0,2/11/04 14:51,Clear or Partly Cloudy,Dry,Daylight,Roosevelt-Roosevelt,-122.3178639,47.68072442
-122.3283875,47.69043951,1ST AVE NE AND NE 85TH ST,2b,Serious Injury Collision,Other,1,1,1,1,0,10/28/04 14:48,Raining,Wet,Daylight,Roosevelt-Roosevelt,-122.3178639,47.68072442
-122.3174207,47.67982109,ROOSEVELT WAY NE BETWEEN NE 70TH ST AND NE 71ST ST,0,Unknown,,0,0,0,0,0,3/18/13,,,,Roosevelt-Roosevelt,-122.3178639,47.68072442
-122.3142538,47.68606261,LAKE CITY WAY NE BETWEEN 12TH AVE NE AND NE 80TH ST,2,Injury Collision,Other,2,2,1,0,0,1/8/04,Raining,Wet,Daylight,Roosevelt-Roosevelt,-122.3178639,47.68072442
-122.3173883,47.67764787,ROOSEVELT WAY NE BETWEEN NE 67TH ST AND NE 68TH ST,0,Unknown,,0,0,0,0,0,4/7/13,,,,Roosevelt-Roosevelt,-122.3178639,47.68072442
-122.3156579,47.67287979,12TH AVE NE BETWEEN NE 61ST ST AND NE 62ND ST,1,Property Damage Only Collision,Parked Car,2,2,0,0,0,4/4/13 17:42,Raining,Wet,Daylight,Roosevelt-Roosevelt,-122.3178639,47.68072442
-122.3174134,47.67947022,ROOSEVELT WAY NE AND NE 70TH ST,1,Property Damage Only Collision,Angles,2,2,0,0,0,10/20/04 22:20,Clear or Partly Cloudy,Dry,Dark - Street Lights On,Roosevelt-Roosevelt,-122.3178639,47.68072442
-122.3175087,47.68420176,ROOSEVELT WAY NE BETWEEN NE 75TH ST AND NE 78TH ST,1,Property Damage Only Collision,Other,1,1,0,0,0,7/4/04,Clear or Partly Cloudy,Dry,Dark - Street Lights On,Roosevelt-Roosevelt,-122.3178639,47.68072442
-122.3143349,47.67374416,BROOKLYN AVE NE BETWEEN NE 62ND ST AND NE 63RD ST,1,Property Damage Only Collision,Parked Car,3,3,0,0,0,8/12/04 1:34,Clear or Partly Cloudy,Dry,Dark - Street Lights On,Roosevelt-Roosevelt,-122.3178639,47.68072442
-122.3156676,47.67945216,12TH AVE NE AND NE 70TH ST,2,Injury Collision,Angles,2,2,1,0,0,2/9/04,Clear or Partly Cloudy,Dry,Daylight,Roosevelt-Roosevelt,-122.3178639,47.68072442
-122.3174895,47.68311118,ROOSEVELT WAY NE AND NE 75TH ST,2b,Serious Injury Collision,Angles,3,3,2,1,0,1/14/04 11:55,Raining,Dry,Daylight,Roosevelt-Roosevelt,-122.3178639,47.68072442
-122.3175591,47.68710314,ROOSEVELT WAY NE BETWEEN NE 80TH ST AND NE 81ST ST,1,Property Damage Only Collision,Parked Car,2,2,0,0,0,1/2/04,Sleet/Hail/Freezing Rain,Ice,Dawn,Roosevelt-Roosevelt,-122.3178639,47.68072442
-122.3175527,47.68673213,ROOSEVELT WAY NE AND NE 80TH ST,2,Injury Collision,Left Turn,2,2,1,0,0,1/15/04 8:59,Overcast,Wet,Daylight,Roosevelt-Roosevelt,-122.3178639,47.68072442
-122.3125325,47.67578859,NE 65TH ST BETWEEN 14TH AVE NE AND 15TH AVE NE,0,Unknown,,0,0,0,0,0,7/26/04,,,,Roosevelt-Roosevelt,-122.3178639,47.68072442
-122.3187414,47.67656667,NE 66TH ST BETWEEN 8TH AVE NE AND ROOSEVELT WAY NE,1,Property Damage Only Collision,Parked Car,2,2,0,0,0,8/2/04,Clear or Partly Cloudy,Dry,Dark - Street Lights On,Roosevelt-Roosevelt,-122.3178639,47.68072442
-122.3174134,47.67947022,ROOSEVELT WAY NE AND NE 70TH ST,1,Property Damage Only Collision,Sideswipe,2,2,0,0,0,3/1/04,Clear or Partly Cloudy,Dry,Daylight,Roosevelt-Roosevelt,-122.3178639,47.68072442
-122.3173732,47.6765544,ROOSEVELT WAY NE AND NE 66TH ST,2,Injury Collision,Angles,2,2,1,0,0,2/24/04 8:54,Overcast,Wet,Daylight,Roosevelt-Roosevelt,-122.3178639,47.68072442
-122.3200531,47.6758521,8TH AVE NE AND NE 65TH ST,0,Unknown,,0,0,0,0,0,12/15/04,,,,Roosevelt-Roosevelt,-122.3178639,47.68072442
-122.3295862,47.54669393,4TH AVE S BETWEEN S FRONT ST AND S MICHIGAN ST,1,Property Damage Only Collision,Angles,2,2,0,0,0,4/2/10 15:19,Raining,Wet,Daylight,Georgetown-Georgetown,-122.3170363,47.54021032
-122.3304471,47.5451091,S MICHIGAN ST BETWEEN EAST MARGINAL WAY S AND 4TH AVE S,1,Property Damage Only Collision,Rear Ended,3,2,0,0,0,9/14/09 16:50,Clear or Partly Cloudy,Dry,Daylight,Georgetown-Georgetown,-122.3170363,47.54021032
-122.3155184,47.54669471,S ALBRO PL BETWEEN 13TH AVE S AND STANLEY AVE S,0,Unknown,,0,0,0,0,0,12/13/04,,,,Georgetown-Georgetown,-122.3170363,47.54021032
-122.3342121,47.54937951,1ST AVE S BETWEEN S FIDALGO ST AND EAST MARGINAL WAY S,1,Property Damage Only Collision,Left Turn,3,2,0,0,0,4/2/13 6:43,Clear or Partly Cloudy,Dry,Dawn,Georgetown-Georgetown,-122.3170363,47.54021032
-122.3267121,47.54610146,S MICHIGAN ST BETWEEN 5TH PL S AND 6TH AVE S,1,Property Damage Only Collision,Sideswipe,3,2,0,0,0,8/3/04,Clear or Partly Cloudy,Dry,Daylight,Georgetown-Georgetown,-122.3170363,47.54021032
-122.3150154,47.53537395,EAST MARGINAL WAY S BETWEEN S WEBSTER ST AND 14TH AVE S,1,Property Damage Only Collision,Other,1,1,0,0,0,12/16/18 16:42,Raining,Wet,Dark - Street Lights On,Georgetown-Georgetown,-122.3170363,47.54021032
-122.3332996,47.55416108,S BRANDON ST BETWEEN 1ST AVE S AND 2ND AVE S,1,Property Damage Only Collision,Parked Car,2,2,0,0,0,4/29/08 8:00,Overcast,Dry,Daylight,Georgetown-Georgetown,-122.3170363,47.54021032
-122.3076426,47.54191861,AIRPORT WAY S BETWEEN S HARDY ST AND S OTHELLO ST,2,Injury Collision,Other,3,2,2,0,0,12/11/18 9:15,Raining,Wet,Daylight,Georgetown-Georgetown,-122.3170363,47.54021032
-122.3338311,47.54737114,1ST AV S BR NB AND EAST MARGINAL WAY S,1,Property Damage Only Collision,Angles,2,2,0,0,0,8/11/05 17:30,Clear or Partly Cloudy,Dry,Daylight,Georgetown-Georgetown,-122.3170363,47.54021032
-122.3268754,47.5533844,6TH AVE S AND S LUCILE ST,2,Injury Collision,Angles,3,2,3,0,0,5/9/19 15:42,Clear or Partly Cloudy,Dry,Daylight,Georgetown-Georgetown,-122.3170363,47.54021032
-122.3295882,47.5453369,4TH AVE S AND S MICHIGAN ST,1,Property Damage Only Collision,Rear Ended,2,2,0,0,0,12/30/06 10:55,Clear or Partly Cloudy,Dry,Daylight,Georgetown-Georgetown,-122.3170363,47.54021032
-122.3355638,47.55065857,EAST MARGINAL WAY S BETWEEN S MEAD ST AND S FIDALGO ST,2,Injury Collision,Left Turn,2,2,1,0,0,5/9/19 8:40,Clear or Partly Cloudy,Dry,Daylight,Georgetown-Georgetown,-122.3170363,47.54021032
-122.3347922,47.54919059,EAST MARGINAL WAY S BETWEEN S FIDALGO ST AND 1ST AVE S,0,Unknown,,0,0,0,0,0,1/31/05,,,,Georgetown-Georgetown,-122.3170363,47.54021032
-122.3232392,47.5470245,S MICHIGAN ST BETWEEN 7TH AVE S AND CORSON AVE S,1,Property Damage Only Collision,Other,2,2,0,0,0,5/31/06 17:20,Clear or Partly Cloudy,Dry,Daylight,Georgetown-Georgetown,-122.3170363,47.54021032
-122.3216834,47.54674636,CORSON AVE S BETWEEN S MICHIGAN ST AND S EDDY ST,1,Property Damage Only Collision,Parked Car,2,2,0,0,0,5/12/19 13:49,Clear or Partly Cloudy,Dry,Daylight,Georgetown-Georgetown,-122.3170363,47.54021032
-122.3182881,47.54530868,S ALBRO PL BETWEEN ELLIS AVE S AND S EDDY ST,2,Injury Collision,Sideswipe,3,2,1,0,0,8/29/04 3:59,Clear or Partly Cloudy,Dry,Dark - Street Lights On,Georgetown-Georgetown,-122.3170363,47.54021032
-122.3203827,47.53943193,ELLIS AVE S AND S MYRTLE ST,1,Property Damage Only Collision,Angles,2,2,0,0,0,8/2/07,Clear or Partly Cloudy,Dry,Daylight,Georgetown-Georgetown,-122.3170363,47.54021032
-122.3330672,47.54430227,1ST AV S NB OFF RP BETWEEN 1ST AV S BR NB AND EAST MARGINAL WAY S,1,Property Damage Only Collision,Rear Ended,6,4,0,0,0,2/1/14 12:03,Overcast,Wet,Daylight,Georgetown-Georgetown,-122.3170363,47.54021032
-122.3268631,47.55185904,6TH AVE S AND S ORCAS ST,1,Property Damage Only Collision,Angles,3,2,0,0,0,1/28/17 10:23,Overcast,Dry,Daylight,Georgetown-Georgetown,-122.3170363,47.54021032
-122.3304471,47.5451091,S MICHIGAN ST BETWEEN EAST MARGINAL WAY S AND 4TH AVE S,2,Injury Collision,Rear Ended,3,2,3,0,0,9/2/14 5:52,Clear or Partly Cloudy,Dry,Dawn,Georgetown-Georgetown,-122.3170363,47.54021032
-122.3213768,47.5477462,CORSON AVE S BETWEEN S HARNEY ST AND S MICHIGAN ST,2,Injury Collision,Rear Ended,2,2,1,0,0,6/18/08 18:28,Clear or Partly Cloudy,Dry,Daylight,Georgetown-Georgetown,-122.3170363,47.54021032
-122.3227141,47.55336118,S LUCILE ST BETWEEN 7TH AVE S AND 8TH AVE S,1,Property Damage Only Collision,Angles,2,2,0,0,0,2/9/17 10:25,Raining,Wet,Daylight,Georgetown-Georgetown,-122.3170363,47.54021032
-122.332162,47.54538813,EAST MARGINAL WAY S BETWEEN S FRONT ST AND S MICHIGAN ST,1,Property Damage Only Collision,Rear Ended,2,2,0,0,0,3/31/08 9:58,Clear or Partly Cloudy,Dry,Daylight,Georgetown-Georgetown,-122.3170363,47.54021032
-122.3267121,47.54610146,S MICHIGAN ST BETWEEN 5TH PL S AND 6TH AVE S,0,Unknown,,0,0,0,0,0,1/8/14,,,,Georgetown-Georgetown,-122.3170363,47.54021032
-122.3274805,47.5426302,East MARGINAL WAY S BETWEEN S RIVER ST AND S BRIGHTON ST,2,Injury Collision,Cycles,2,1,1,0,0,8/5/08,Clear or Partly Cloudy,Dry,Daylight,Georgetown-Georgetown,-122.3170363,47.54021032
-122.3334501,47.54664079,EAST MARGINAL WAY S BETWEEN 1ST AV S BR NB AND S FRONT ST,2,Injury Collision,Sideswipe,3,2,3,0,0,8/21/14 9:13,Clear or Partly Cloudy,Dry,Daylight,Georgetown-Georgetown,-122.3170363,47.54021032
-122.3304653,47.54438649,EAST MARGINAL WAY S BETWEEN S MICHIGAN ST AND 4TH AVE S,2,Injury Collision,Rear Ended,3,2,5,0,0,3/3/17 13:45,Overcast,Dry,Daylight,Georgetown-Georgetown,-122.3170363,47.54021032
-122.320795,47.54741455,S BAILEY ST BETWEEN CORSON AVE S AND CARLETON AVE S,1,Property Damage Only Collision,Rear Ended,2,2,0,0,0,7/28/14 13:48,Clear or Partly Cloudy,Dry,Daylight,Georgetown-Georgetown,-122.3170363,47.54021032
-122.3342121,47.54937951,1ST AVE S BETWEEN S FIDALGO ST AND EAST MARGINAL WAY S,2,Injury Collision,Parked Car,2,2,1,0,0,9/27/07 12:24,Overcast,Dry,Daylight,Georgetown-Georgetown,-122.3170363,47.54021032
-122.3210044,47.55335102,AIRPORT WAY S AND S LUCILE ST,1,Property Damage Only Collision,Left Turn,2,2,0,0,0,3/22/10 8:50,Clear or Partly Cloudy,Dry,Daylight,Georgetown-Georgetown,-122.3170363,47.54021032
-122.3295862,47.54669393,4TH AVE S BETWEEN S FRONT ST AND S MICHIGAN ST,2,Injury Collision,Angles,3,2,3,0,0,2/28/14 17:15,Clear or Partly Cloudy,Dry,Daylight,Georgetown-Georgetown,-122.3170363,47.54021032
-122.3261357,47.55338035,S LUCILE ST BETWEEN 6TH AVE S AND MAYNARD AVE S,1,Property Damage Only Collision,Other,0,1,0,0,0,9/23/15 1:13,Clear or Partly Cloudy,Dry,Dark - Street Lights On,Georgetown-Georgetown,-122.3170363,47.54021032
-122.3186692,47.55101695,AIRPORT WAY S BETWEEN S CARSTENS PL AND S HOMER ST,1,Property Damage Only Collision,Sideswipe,2,2,0,0,0,11/18/17 14:20,Clear or Partly Cloudy,Dry,Daylight,Georgetown-Georgetown,-122.3170363,47.54021032
-122.3201524,47.54735691,CARLETON AVE S AND S BAILEY ST,2,Injury Collision,Left Turn,3,2,1,0,0,3/7/04,Clear or Partly Cloudy,Dry,Dark - Street Lights On,Georgetown-Georgetown,-122.3170363,47.54021032
-122.331306,47.54488142,EAST MARGINAL WAY S AND S MICHIGAN ST,1,Property Damage Only Collision,Angles,6,2,0,0,0,10/17/04 1:57,Raining,Wet,Dark - Street Lights On,Georgetown-Georgetown,-122.3170363,47.54021032
-122.3295808,47.54925641,4TH AVE S BETWEEN S FIDALGO ST AND S FRONT ST,0,Unknown,,0,0,0,0,0,3/24/04,,,,Georgetown-Georgetown,-122.3170363,47.54021032
-122.3304653,47.54438649,EAST MARGINAL WAY S BETWEEN S MICHIGAN ST AND 4TH AVE S,1,Property Damage Only Collision,Left Turn,2,2,0,0,0,5/25/04 15:30,Overcast,Dry,Daylight,Georgetown-Georgetown,-122.3170363,47.54021032
-122.3338216,47.54528535,1ST AV S BR NB BETWEEN EAST MARGINAL WAY S AND 1ST AV S NB OFF RP,0,Unknown,,0,0,0,0,0,7/16/04,,,,Georgetown-Georgetown,-122.3170363,47.54021032
-122.3232392,47.5470245,S MICHIGAN ST BETWEEN 7TH AVE S AND CORSON AVE S,1,Property Damage Only Collision,Head On,2,2,0,0,0,4/5/13 13:32,Overcast,Dry,Daylight,Georgetown-Georgetown,-122.3170363,47.54021032
-122.3232392,47.5470245,S MICHIGAN ST BETWEEN 7TH AVE S AND CORSON AVE S,1,Property Damage Only Collision,Rear Ended,2,2,0,0,0,4/6/13 13:29,Raining,Wet,Daylight,Georgetown-Georgetown,-122.3170363,47.54021032
-122.334216,47.55190326,1ST AVE S AND S ORCAS ST,1,Property Damage Only Collision,Angles,2,2,0,0,0,2/22/19 12:29,Raining,Wet,Daylight,Georgetown-Georgetown,-122.3170363,47.54021032
-122.3342155,47.55342593,1ST AVE S AND S LUCILE ST,2b,Serious Injury Collision,Cycles,2,1,1,1,0,4/27/06 11:08,Clear or Partly Cloudy,Dry,Daylight,Georgetown-Georgetown,-122.3170363,47.54021032
-122.3216834,47.54674636,CORSON AVE S BETWEEN S MICHIGAN ST AND S EDDY ST,1,Property Damage Only Collision,Sideswipe,2,2,0,0,0,5/13/19 12:00,Overcast,Dry,Daylight,Georgetown-Georgetown,-122.3170363,47.54021032
-122.331306,47.54488142,EAST MARGINAL WAY S AND S MICHIGAN ST,1,Property Damage Only Collision,Angles,2,2,0,0,0,9/29/04 9:11,Clear or Partly Cloudy,Dry,Daylight,Georgetown-Georgetown,-122.3170363,47.54021032