X,Y,LOCATION,SEVERITYCODE,SEVERITYDESC,COLLISIONTYPE,PERSONCOUNT,VEHCOUNT,INJURIES,SERIOUSINJURIES,FATALITIES,INCDTTM,WEATHER,ROADCOND,LIGHTCOND,NEIGHBORHOOD,NX,NY
-122.3174878,47.54572617,S ALBRO PL BETWEEN S EDDY ST AND S HARDY ST,0,Unknown,,0,0,0,0,0,11/21/18,,,,Georgetown-Georgetown,-122.3170363,47.54021032
-122.3342392,47.54813969,EAST MARGINAL WAY S BETWEEN 1ST AVE S AND 1ST AV S BR SB,2,Injury Collision,Other,1,1,1,0,0,5/9/19 14:24,Clear or Partly Cloudy,Sand/Mud/Dirt,Daylight,Georgetown-Georgetown,-122.3170363,47.54021032
-122.3347922,47.54919059,EAST MARGINAL WAY S BETWEEN S FIDALGO ST AND 1ST AVE S,1,Property Damage Only Collision,Other,1,1,0,0,0,2/10/09 19:23,Raining,Wet,Dark - Street Lights On,Georgetown-Georgetown,-122.3170363,47.54021032
-122.3289908,47.54549572,S MICHIGAN ST BETWEEN 4TH AVE S AND 5TH AVE S,1,Property Damage Only Collision,Rear Ended,2,2,0,0,0,12/27/17 7:48,Clear or Partly Cloudy,Dry,Daylight,Georgetown-Georgetown,-122.3170363,47.54021032
-122.331306,47.54488142,EAST MARGINAL WAY S AND S MICHIGAN ST,1,Property Damage Only Collision,Other,1,1,0,0,0,1/18/13 15:07,Clear or Partly Cloudy,Dry,Daylight,Georgetown-Georgetown,-122.3170363,47.54021032
-122.3334501,47.54664079,EAST MARGINAL WAY S BETWEEN 1ST AV S BR NB AND S FRONT ST,1,Property Damage Only Collision,Rear Ended,2,2,0,0,0,4/9/17 15:35,Overcast,Dry,Daylight,Georgetown-Georgetown,-122.3170363,47.54021032
-122.3206303,47.53865045,ELLIS AVE S AND EAST MARGINAL WAY S,2,Injury Collision,Rear Ended,3,2,1,0,0,5/28/16 13:44,Clear or Partly Cloudy,Dry,Daylight,Georgetown-Georgetown,-122.3170363,47.54021032
-122.3283896,47.54565554,5TH AVE S AND S MICHIGAN ST,2,Injury Collision,Angles,3,2,1,0,0,6/6/16 14:28,Clear or Partly Cloudy,Dry,Daylight,Georgetown-Georgetown,-122.3170363,47.54021032
-122.3343144,47.54562469,1ST S AVE S BETWEEN 1ST N AVE S AND S FRONT ST,2,Injury Collision,Sideswipe,5,4,1,0,0,4/26/16 7:38,Clear or Partly Cloudy,Dry,Daylight,Georgetown-Georgetown,-122.3170363,47.54021032
-122.3304653,47.54438649,EAST MARGINAL WAY S BETWEEN S MICHIGAN ST AND 4TH AVE S,1,Property Damage Only Collision,Sideswipe,5,2,0,0,0,6/10/15 8:25,Clear or Partly Cloudy,Dry,Daylight,Georgetown-Georgetown,-122.3170363,47.54021032
-122.3343091,47.54827138,1ST AVE S AND EAST MARGINAL WAY S,2,Injury Collision,Sideswipe,2,2,1,0,0,11/4/13 11:35,Clear or Partly Cloudy,Dry,Daylight,Georgetown-Georgetown,-122.3170363,47.54021032
-122.3347922,47.54919059,EAST MARGINAL WAY S BETWEEN S FIDALGO ST AND 1ST AVE S,2,Injury Collision,Other,2,2,2,0,0,3/14/08 18:15,Overcast,Wet,Daylight,Georgetown-Georgetown,-122.3170363,47.54021032
-122.3206303,47.53865045,ELLIS AVE S AND EAST MARGINAL WAY S,2,Injury Collision,Other,3,1,2,0,0,2/20/09 5:35,Fog/Smog/Smoke,Dry,Dark - Street Lights On,Georgetown-Georgetown,-122.3170363,47.54021032
-122.3210874,47.548695,CORSON AVE S BETWEEN S NEBRASKA ST AND S VALE ST,1,Property Damage Only Collision,Sideswipe,5,2,0,0,0,11/16/12 19:19,Raining,Wet,Dark - Street Lights On,Georgetown-Georgetown,-122.3170363,47.54021032
-122.3203736,47.55272059,AIRPORT WAY S BETWEEN S LUCILE ST AND CORSON AVE S,1,Property Damage Only Collision,Rear Ended,2,2,0,0,0,8/15/13 5:35,Overcast,Wet,Dawn,Georgetown-Georgetown,-122.3170363,47.54021032
-122.3149144,47.54699111,STANLEY AVE S AND S ALBRO PL,2,Injury Collision,Left Turn,3,2,1,0,0,10/5/10 15:00,Clear or Partly Cloudy,Dry,Daylight,Georgetown-Georgetown,-122.3170363,47.54021032
-122.3235412,47.54096701,CORSON AVE S BETWEEN S WILLOW ST AND EAST MARGINAL WAY S,1,Property Damage Only Collision,Rear Ended,2,2,0,0,0,10/15/13 5:41,Fog/Smog/Smoke,Dry,Dark - Street Lights On,Georgetown-Georgetown,-122.3170363,47.54021032
-122.3322562,47.54465389,S MICHIGAN ST BETWEEN OCCIDENTAL AVE S AND EAST MARGINAL WAY S,1,Property Damage Only Collision,Other,2,2,0,0,0,9/26/08 16:11,Clear or Partly Cloudy,Dry,Daylight,Georgetown-Georgetown,-122.3170363,47.54021032
-122.3192841,47.54982963,S DORIS ST BETWEEN CORSON AVE S AND AIRPORT WAY S,1,Property Damage Only Collision,Parked Car,2,2,0,0,0,10/30/10 20:00,Raining,Wet,Dark - Street Lights On,Georgetown-Georgetown,-122.3170363,47.54021032
-122.3366261,47.55267926,EAST MARGINAL WAY S BETWEEN S LUCILE ST AND S ORCAS ST,2,Injury Collision,Rear Ended,2,2,2,0,0,8/12/16 16:29,Clear or Partly Cloudy,Dry,Daylight,Georgetown-Georgetown,-122.3170363,47.54021032
-122.3342153,47.55379742,1ST AVE S BETWEEN S BRANDON ST AND S LUCILE ST,2,Injury Collision,Rear Ended,3,3,2,0,0,12/15/04 17:09,Overcast,Dry,Dark - Street Lights On,Georgetown-Georgetown,-122.3170363,47.54021032
-122.3343144,47.54562469,1ST S AVE S BETWEEN 1ST N AVE S AND S FRONT ST,1,Property Damage Only Collision,Rear Ended,6,2,0,0,0,5/10/04 11:42,Raining,Wet,Daylight,Georgetown-Georgetown,-122.3170363,47.54021032
-122.3295685,47.55147565,4TH AVE S BETWEEN S ORCAS ST AND S MEAD ST,1,Property Damage Only Collision,Parked Car,2,2,0,0,0,10/8/04,Overcast,Wet,Daylight,Georgetown-Georgetown,-122.3170363,47.54021032
-122.3195379,47.54746463,S BAILEY ST BETWEEN CARLETON AVE S AND FLORA AVE S,0,Unknown,,0,0,0,0,0,9/27/04,,,,Georgetown-Georgetown,-122.3170363,47.54021032
-122.3295862,47.54669393,4TH AVE S BETWEEN S FRONT ST AND S MICHIGAN ST,1,Property Damage Only Collision,Rear Ended,2,2,0,0,0,5/26/04 17:15,Raining,Wet,Daylight,Georgetown-Georgetown,-122.3170363,47.54021032
-122.3231028,47.55150263,S HOMER ST BETWEEN 7TH AVE S AND PADILLA PL S,0,Unknown,,0,0,0,0,0,8/27/04,,,,Georgetown-Georgetown,-122.3170363,47.54021032
-122.3366261,47.55267926,EAST MARGINAL WAY S BETWEEN S LUCILE ST AND S ORCAS ST,2,Injury Collision,Sideswipe,2,2,1,0,0,4/10/13 18:15,Clear or Partly Cloudy,Dry,Daylight,Georgetown-Georgetown,-122.3170363,47.54021032
-122.3225825,47.53983222,CARLETON AVE S AND EAST MARGINAL WAY S,2,Injury Collision,Left Turn,2,2,1,0,0,2/28/04 1:55,Clear or Partly Cloudy,Dry,Dark - Street Lights On,Georgetown-Georgetown,-122.3170363,47.54021032
-122.3178941,47.53708811,East MARGINAL WAY S BETWEEN ELLIS AVE S AND S WEBSTER ST,1,Property Damage Only Collision,Other,1,1,0,0,0,12/5/04,Raining,Wet,Dark - Street Lights On,Georgetown-Georgetown,-122.3170363,47.54021032
-122.3205065,47.53904119,ELLIS AVE S BETWEEN S MYRTLE ST AND EAST MARGINAL WAY S,1,Property Damage Only Collision,Other,2,2,0,0,0,5/15/04 20:30,Overcast,Dry,Daylight,Georgetown-Georgetown,-122.3170363,47.54021032
-122.3295613,47.55228284,4TH AVE S BETWEEN S FINDLAY ST AND S ORCAS ST,2,Injury Collision,Sideswipe,4,2,1,0,0,4/6/13 14:40,Raining,Wet,Daylight,Georgetown-Georgetown,-122.3170363,47.54021032
-122.3304471,47.5451091,S MICHIGAN ST BETWEEN EAST MARGINAL WAY S AND 4TH AVE S,1,Property Damage Only Collision,Sideswipe,4,2,0,0,0,10/26/04 15:29,Clear or Partly Cloudy,Dry,Daylight,Georgetown-Georgetown,-122.3170363,47.54021032
-122.3186692,47.55101695,AIRPORT WAY S BETWEEN S CARSTENS PL AND S HOMER ST,1,Property Damage Only Collision,Other,3,2,0,0,0,4/28/04 13:37,Clear or Partly Cloudy,Dry,Daylight,Georgetown-Georgetown,-122.3170363,47.54021032
-122.2948982,47.52713797,AIRPORT WAY S BETWEEN MILITARY RD S AND CITY LIMITS N,1,Property Damage Only Collision,Other,2,1,0,0,0,1/3/18 2:50,Raining,Wet,Dark - Street Lights On,Georgetown-Georgetown,-122.3170363,47.54021032
-122.3226591,47.55081879,PADILLA PL S BETWEEN S HOMER ST AND S ORCAS ST,1,Property Damage Only Collision,Parked Car,2,2,0,0,0,10/22/04 19:40,Clear or Partly Cloudy,Dry,Dark - Street Lights On,Georgetown-Georgetown,-122.3170363,47.54021032
-122.3295514,47.55339933,4TH AVE S AND S LUCILE ST,0,Unknown,,0,0,0,0,0,1/6/04,,,,Georgetown-Georgetown,-122.3170363,47.54021032
-122.3342392,47.54813969,EAST MARGINAL WAY S BETWEEN 1ST AVE S AND 1ST AV S BR SB,1,Property Damage Only Collision,Rear Ended,2,2,0,0,0,6/25/18 11:28,Raining,Wet,Daylight,Georgetown-Georgetown,-122.3170363,47.54021032
-122.3253919,47.55337627,MAYNARD AVE S AND S LUCILE ST,0,Unknown,,0,0,0,0,0,10/8/04,,,,Georgetown-Georgetown,-122.3170363,47.54021032
-122.3295808,47.54925641,4TH AVE S BETWEEN S FIDALGO ST AND S FRONT ST,1,Property Damage Only Collision,Sideswipe,2,2,0,0,0,1/28/04 13:58,Overcast,Dry,Daylight,Georgetown-Georgetown,-122.3170363,47.54021032
-122.3131975,47.53426725,16TH AVE S AND EAST MARGINAL WAY S,1,Property Damage Only Collision,Sideswipe,2,2,0,0,0,4/27/04 10:10,Overcast,Dry,Daylight,Georgetown-Georgetown,-122.3170363,47.54021032
-122.3344242,47.54463232,1ST AV S SB ON RP BETWEEN 1ST AV S BR SB AND S FRONT ST ON RP,1,Property Damage Only Collision,Rear Ended,0,2,0,0,0,10/7/17 4:05,Raining,Wet,Dark - Street Lights On,Georgetown-Georgetown,-122.3170363,47.54021032
-122.3239041,47.55262687,7TH AVE S AND S FINDLAY ST,1,Property Damage Only Collision,Right Turn,2,2,0,0,0,1/27/04 18:30,Clear or Partly Cloudy,Dry,Dark - Street Lights On,Georgetown-Georgetown,-122.3170363,47.54021032
-122.320795,47.54741455,S BAILEY ST BETWEEN CORSON AVE S AND CARLETON AVE S,1,Property Damage Only Collision,Other,1,1,0,0,0,3/23/04 1:01,Clear or Partly Cloudy,Dry,Dark - Street Lights On,Georgetown-Georgetown,-122.3170363,47.54021032
-122.3152012,47.53548737,EAST MARGINAL WAY S AND S WEBSTER ST,0,Unknown,,0,0,0,0,0,11/4/04,,,,Georgetown-Georgetown,-122.3170363,47.54021032
-122.327616,47.55338854,S LUCILE ST BETWEEN 5TH AVE S AND 6TH AVE S,1,Property Damage Only Collision,Parked Car,2,2,0,0,0,1/23/04 8:44,Raining,Wet,Daylight,Georgetown-Georgetown,-122.3170363,47.54021032
-122.3283566,47.55339267,5TH AVE S AND S LUCILE ST,1,Property Damage Only Collision,Right Turn,2,2,0,0,0,7/19/04 13:30,Clear or Partly Cloudy,Dry,Daylight,Georgetown-Georgetown,-122.3170363,47.54021032
-122.3334501,47.54664079,EAST MARGINAL WAY S BETWEEN 1ST AV S BR NB AND S FRONT ST,2,Injury Collision,Rear Ended,2,2,1,0,0,6/23/04 9:55,Clear or Partly Cloudy,Dry,Daylight,Georgetown-Georgetown,-122.3170363,47.54021032
-122.3214389,47.54750295,CORSON AVE S AND S MICHIGAN ST,2,Injury Collision,Left Turn,2,2,1,0,0,3/20/04 11:45,Clear or Partly Cloudy,Dry,Daylight,Georgetown-Georgetown,-122.3170363,47.54021032
-122.3150154,47.53537395,EAST MARGINAL WAY S BETWEEN S WEBSTER ST AND 14TH AVE S,0,Unknown,,0,0,0,0,0,4/29/04,,,,Georgetown-Georgetown,-122.3170363,47.54021032
-122.3216834,47.54674636,CORSON AVE S BETWEEN S MICHIGAN ST AND S EDDY ST,1,Property Damage Only Collision,Parked Car,2,2,0,0,0,10/16/04 23:30,Other,Unknown,Unknown,Georgetown-Georgetown,-122.3170363,47.54021032
-122.3340898,47.54564561,1ST AV S BR SB BETWEEN EAST MARGINAL WAY S AND 1ST AV S SB ON RP,0,Unknown,,0,0,0,0,0,2/13/04,,,,Georgetown-Georgetown,-122.3170363,47.54021032
-122.3295862,47.54669393,4TH AVE S BETWEEN S FRONT ST AND S MICHIGAN ST,0,Unknown,,0,0,0,0,0,9/2/04,,,,Georgetown-Georgetown,-122.3170363,47.54021032
-122.3255994,47.54434154,S RIVER ST BETWEEN 6TH AVE S AND 7TH AVE S,2,Injury Collision,Angles,2,2,1,0,0,1/22/04 13:52,Clear or Partly Cloudy,Dry,Daylight,Georgetown-Georgetown,-122.3170363,47.54021032
-122.3149315,47.52516841,14TH AVE S BETWEEN S DONOVAN ST AND S TRENTON ST,2,Injury Collision,Sideswipe,2,2,1,0,0,12/13/18 16:55,Raining,Wet,Dusk,South Park-South Park,-122.3259041,47.5304258
-122.3320948,47.52694756,CLOVERDALE ST OFF RP AND S CLOVERDALE ST,1,Property Damage Only Collision,Angles,2,2,0,0,0,11/23/05 20:30,Overcast,Dry,Dark - Street Lights On,South Park-South Park,-122.3259041,47.5304258
-122.3321327,47.53414777,WEST MARGINAL WAY S AND S HOLDEN ST,1,Property Damage Only Collision,Left Turn,4,2,0,0,0,1/13/17 0:14,Clear or Partly Cloudy,Dry,Dark - Street Lights On,South Park-South Park,-122.3259041,47.5304258
-122.3320948,47.52694756,CLOVERDALE ST OFF RP AND S CLOVERDALE ST,1,Property Damage Only Collision,Angles,2,2,0,0,0,5/26/11 8:32,Clear or Partly Cloudy,Dry,Daylight,South Park-South Park,-122.3259041,47.5304258
-122.320354,47.53183476,10TH AVE S AND S KENYON ST,1,Property Damage Only Collision,Sideswipe,2,2,0,0,0,6/7/13 10:45,Clear or Partly Cloudy,Dry,Daylight,South Park-South Park,-122.3259041,47.5304258
-122.3269563,47.52226804,S DIRECTOR ST BETWEEN 5TH AVE S AND 7TH W AVE S,0,Unknown,,0,0,0,0,0,5/11/13,,,,South Park-South Park,-122.3259041,47.5304258
-122.3321327,47.53414777,WEST MARGINAL WAY S AND S HOLDEN ST,2,Injury Collision,Left Turn,2,2,2,0,0,8/27/08 0:55,Raining,Wet,Dark - Street Lights On,South Park-South Park,-122.3259041,47.5304258
-122.3189329,47.52645302,S CLOVERDALE ST BETWEEN 10TH AVE S AND 12TH AVE S,1,Property Damage Only Collision,Other,1,1,0,0,0,2/19/12 3:35,Overcast,Wet,Dark - Street Lights On,South Park-South Park,-122.3259041,47.5304258
-122.3216018,47.52646149,S CLOVERDALE ST BETWEEN 8TH AVE S AND 10TH AVE S,1,Property Damage Only Collision,Parked Car,3,3,0,0,0,5/18/19 2:28,Clear or Partly Cloudy,Dry,Dark - Street Lights On,South Park-South Park,-122.3259041,47.5304258
-122.3229722,47.52306615,8TH AVE S AND S HENDERSON ST,2b,Serious Injury Collision,Angles,3,2,1,1,0,5/13/04 16:38,Clear or Partly Cloudy,Dry,Daylight,South Park-South Park,-122.3259041,47.5304258
-122.3240797,47.52589466,WEST MARGINAL SB WAY S BETWEEN KENYON ON RP AND SR99 SB OFF RP,1,Property Damage Only Collision,Other,2,2,0,0,0,6/21/19 2:55,Clear or Partly Cloudy,Dry,Dark - Street Lights On,South Park-South Park,-122.3259041,47.5304258
-122.3256439,47.52307385,7TH AVE S AND S HENDERSON ST,0,Unknown,,0,0,0,0,0,10/27/04,,,,South Park-South Park,-122.3259041,47.5304258
-122.3321327,47.53414777,WEST MARGINAL WAY S AND S HOLDEN ST,2,Injury Collision,Angles,3,2,2,0,0,11/8/18 16:04,Overcast,Dry,Dark - Street Lights On,South Park-South Park,-122.3259041,47.5304258
-122.320284,47.52645748,10TH AVE S AND S CLOVERDALE ST,2,Injury Collision,Cycles,5,1,1,0,0,4/2/13 19:15,Overcast,Dry,Dusk,South Park-South Park,-122.3259041,47.5304258
-122.3316799,47.53359768,WEST MARGINAL SB WAY S BETWEEN S HOLDEN ST AND KENYON OFF RP,2,Injury Collision,Rear Ended,3,3,3,0,0,5/21/14 9:35,Clear or Partly Cloudy,Dry,Daylight,South Park-South Park,-122.3259041,47.5304258
-122.3256506,47.52267084,7TH AVE S BETWEEN S HENDERSON ST AND S DIRECTOR W ST,1,Property Damage Only Collision,Left Turn,2,2,0,0,0,5/10/14 19:27,Clear or Partly Cloudy,Dry,Dusk,South Park-South Park,-122.3259041,47.5304258
-122.333527,47.53616843,WEST MARGINAL WAY S BETWEEN 1ST AVE S AND S HOLDEN ST,1,Property Damage Only Collision,Other,0,1,0,0,0,3/4/16 16:44,Raining,Wet,Daylight,South Park-South Park,-122.3259041,47.5304258
-122.320284,47.52645748,10TH AVE S AND S CLOVERDALE ST,1,Property Damage Only Collision,Angles,2,2,0,0,0,3/23/07 16:16,Overcast,Wet,Daylight,South Park-South Park,-122.3259041,47.5304258
-122.3229651,47.52349105,8TH AVE S BETWEEN S CONCORD ST AND S HENDERSON ST,1,Property Damage Only Collision,Other,2,2,0,0,0,12/23/07 21:23,Unknown,Wet,Dark - Street Lights On,South Park-South Park,-122.3259041,47.5304258
-122.3371113,47.53981266,2ND AVE SW AND HIGHLAND PARK WAY SW,1,Property Damage Only Collision,Rear Ended,3,2,0,0,0,5/8/13 9:51,Clear or Partly Cloudy,Dry,Daylight,South Park-South Park,-122.3259041,47.5304258
-122.3345028,47.53960566,1ST AVE S BETWEEN SW MICHIGAN ST AND WEST MARGINAL WAY S,1,Property Damage Only Collision,Rear Ended,4,3,0,0,0,8/24/12 13:11,Clear or Partly Cloudy,Dry,Daylight,South Park-South Park,-122.3259041,47.5304258
-122.3317834,47.52366655,2ND AVE S BETWEEN S TRENTON ST AND S HENDERSON ST,1,Property Damage Only Collision,Parked Car,2,2,0,0,0,1/2/15 14:02,Overcast,Dry,Daylight,South Park-South Park,-122.3259041,47.5304258
-122.3368227,47.53945803,2ND AV SW TURN RD BETWEEN HIGHLAND PARK WAY SW AND 2ND AVE SW,1,Property Damage Only Collision,Rear Ended,2,2,0,0,0,8/26/14 8:16,Clear or Partly Cloudy,Dry,Daylight,South Park-South Park,-122.3259041,47.5304258
-122.3325341,47.52616995,CLOVERDALE ST OFF RP BETWEEN SR509 NB CLOVERDALE RP AND S CLOVERDALE ST,1,Property Damage Only Collision,Other,1,1,0,0,0,4/14/13 2:07,Overcast,Wet,Dark - Street Lights On,South Park-South Park,-122.3259041,47.5304258
-122.3142281,47.52223073,S DIRECTOR ST BETWEEN 14TH AVE S AND 15TH PL S,1,Property Damage Only Collision,Other,2,2,0,0,0,12/9/04,Raining,Wet,Dark - Street Lights On,South Park-South Park,-122.3259041,47.5304258
-122.3201636,47.53119761,10TH AVE S BETWEEN S KENYON ST AND S ELMGROVE ST,0,Unknown,,0,0,0,0,0,10/31/04,,,,South Park-South Park,-122.3259041,47.5304258
-122.3368227,47.53945803,2ND AV SW TURN RD BETWEEN HIGHLAND PARK WAY SW AND 2ND AVE SW,2,Injury Collision,Rear Ended,4,2,2,0,0,4/9/13 14:02,Clear or Partly Cloudy,Dry,Daylight,South Park-South Park,-122.3259041,47.5304258
-122.3142281,47.52223073,S DIRECTOR ST BETWEEN 14TH AVE S AND 15TH PL S,1,Property Damage Only Collision,Parked Car,2,2,0,0,0,4/9/13 7:22,Clear or Partly Cloudy,Dry,Daylight,South Park-South Park,-122.3259041,47.5304258
-122.333527,47.53616843,WEST MARGINAL WAY S BETWEEN 1ST AVE S AND S HOLDEN ST,0,Unknown,,0,0,0,0,0,10/23/04,,,,South Park-South Park,-122.3259041,47.5304258
-122.3344053,47.52623509,1ST AVE S AND S CLOVERDALE W ST,2,Injury Collision,Angles,2,2,1,0,0,9/27/04 16:08,Clear or Partly Cloudy,Dry,Daylight,South Park-South Park,-122.3259041,47.5304258
-122.3321327,47.53414777,WEST MARGINAL WAY S AND S HOLDEN ST,2,Injury Collision,Angles,5,3,3,0,0,8/25/04 18:50,Raining,Wet,Daylight,South Park-South Park,-122.3259041,47.5304258
-122.3511339,47.57094178,WEST SEATTLE BR EB BETWEEN ALASKAN WY VI NB ON RP AND DELRIDGE-W SEATTLE BR EB ON RP,2,Injury Collision,Sideswipe,3,2,1,0,0,10/19/04 6:49,Raining,Wet,Dark - Street Lights On,Harbor Island-Harbor Island,-122.3518573,47.57985708
-122.2892802,47.69019813,36TH AVE NE AND NE 85TH ST,1,Property Damage Only Collision,Parked Car,4,4,0,0,0,3/26/13 18:31,Clear or Partly Cloudy,Dry,Dusk,Wedgwood-Wedgwood,-122.2939208,47.69029949
-122.2905441,47.69704501,35TH AVE NE BETWEEN NE 94TH ST AND NE 95TH ST,2,Injury Collision,Rear Ended,2,2,2,0,0,4/3/13 19:40,Clear or Partly Cloudy,Dry,Dusk,Wedgwood-Wedgwood,-122.2939208,47.69029949
-122.2905312,47.6974588,35TH AVE NE AND NE 95TH ST,2,Injury Collision,Angles,3,3,2,0,0,9/22/09 16:33,Clear or Partly Cloudy,Dry,Daylight,Wedgwood-Wedgwood,-122.2939208,47.69029949
-122.3055202,47.69393093,LAKE CITY WAY NE AND NE 90TH ST,1,Property Damage Only Collision,Angles,3,2,0,0,0,11/14/09 2:16,Clear or Partly Cloudy,Dry,Dark - Street Lights On,Wedgwood-Wedgwood,-122.2939208,47.69029949
-122.2906996,47.68976953,35TH AVE NE BETWEEN NE 84TH ST AND NE 85TH ST,0,Unknown,,0,0,0,0,0,3/17/04,,,,Wedgwood-Wedgwood,-122.2939208,47.69029949
-122.3055636,47.69438599,LAKE CITY WAY NE BETWEEN NE 90TH ST AND NE 91ST ST,2,Injury Collision,Rear Ended,2,2,1,0,0,2/29/16 7:50,Raining,Wet,Daylight,Wedgwood-Wedgwood,-122.2939208,47.69029949
-122.2879028,47.69743858,NE 95TH ST BETWEEN 35TH AVE NE AND 40TH AVE NE,1,Property Damage Only Collision,Other,0,1,0,0,0,8/23/17 11:53,Clear or Partly Cloudy,Dry,Daylight,Wedgwood-Wedgwood,-122.2939208,47.69029949
-122.2899991,47.69020058,NE 85TH ST BETWEEN 35TH AVE NE AND 36TH AVE NE,0,Unknown,,0,0,0,0,0,5/13/11,,,,Wedgwood-Wedgwood,-122.2939208,47.69029949
-122.2947965,47.68395262,31ST AVE NE BETWEEN NE 75TH ST AND NE 77TH ST,1,Property Damage Only Collision,Head On,2,2,0,0,0,6/15/12 22:13,Clear or Partly Cloudy,Dry,Unknown,Wedgwood-Wedgwood,-122.2939208,47.69029949
-122.2905441,47.69704501,35TH AVE NE BETWEEN NE 94TH ST AND NE 95TH ST,2,Injury Collision,Rear Ended,5,3,3,0,0,3/12/15 16:53,Clear or Partly Cloudy,Dry,Daylight,Wedgwood-Wedgwood,-122.2939208,47.69029949
-122.2974033,47.69750927,NE 95TH ST BETWEEN 27TH AVE NE AND 30TH AVE NE,2,Injury Collision,Rear Ended,2,2,1,0,0,11/5/04,Fog/Smog/Smoke,Wet,Daylight,Wedgwood-Wedgwood,-122.2939208,47.69029949
-122.3056935,47.69575099,LAKE CITY WAY NE AND NE 92ND ST,2,Injury Collision,Rear Ended,2,2,1,0,0,11/16/04 15:58,Raining,Wet,Dusk,Wedgwood-Wedgwood,-122.2939208,47.69029949
-122.3055202,47.69393093,LAKE CITY WAY NE AND NE 90TH ST,1,Property Damage Only Collision,Parked Car,2,2,0,0,0,7/19/19 1:54,Raining,Wet,Dark - Street Lights On,Wedgwood-Wedgwood,-122.2939208,47.69029949
-122.2905084,47.68395151,35TH AVE NE BETWEEN NE 75TH ST AND NE 77TH ST,1,Property Damage Only Collision,Rear Ended,2,2,0,0,0,8/6/04,Overcast,Wet,Daylight,Wedgwood-Wedgwood,-122.2939208,47.69029949
-122.290568,47.68576663,35TH AVE NE BETWEEN NE 77TH ST AND NE 80TH ST,2,Injury Collision,Rear Ended,6,2,1,0,0,12/28/04 14:30,Clear or Partly Cloudy,Dry,Daylight,Wedgwood-Wedgwood,-122.2939208,47.69029949
-122.2905312,47.6974588,35TH AVE NE AND NE 95TH ST,2,Injury Collision,Cycles,2,1,1,0,0,4/3/13 13:40,Clear or Partly Cloudy,Dry,Daylight,Wedgwood-Wedgwood,-122.2939208,47.69029949
-122.290568,47.68576663,35TH AVE NE BETWEEN NE 77TH ST AND NE 80TH ST,1,Property Damage Only Collision,Sideswipe,2,2,0,0,0,8/22/18 16:00,Fog/Smog/Smoke,Dry,Daylight,Wedgwood-Wedgwood,-122.2939208,47.69029949
-122.2814754,47.69233287,NE 88TH ST BETWEEN 42ND AVE NE AND DEAD END 2,1,Property Damage Only Collision,Parked Car,3,3,0,0,0,4/27/04 4:00,Clear or Partly Cloudy,Dry,Dark - Street Lights On,Wedgwood-Wedgwood,-122.2939208,47.69029949
-122.3068582,47.69076844,20TH AVE NE BETWEEN NE 85TH ST AND LAKE CITY WAY NE,2,Injury Collision,Sideswipe,3,2,1,0,0,6/16/04 6:45,Clear or Partly Cloudy,Dry,Daylight,Wedgwood-Wedgwood,-122.2939208,47.69029949
-122.3309036,47.55865039,3RD AVE S AND DENVER AVE S,1,Property Damage Only Collision,Other,1,1,0,0,0,3/28/13 14:55,Clear or Partly Cloudy,Dry,Daylight,Industrial District-Industrial District,-122.3506749,47.568367
-122.3290623,47.58617012,4TH AVE S AND S HOLGATE ST,1,Property Damage Only Collision,Rear Ended,2,2,0,0,0,4/2/13 13:25,Clear or Partly Cloudy,Dry,Daylight,Industrial District-Industrial District,-122.3506749,47.568367
-122.324416,47.59583433,S DEARBORN ST BETWEEN MAYNARD AVE S AND 7TH AVE S,1,Property Damage Only Collision,,2,0,0,0,0,5/9/19,,,,Industrial District-Industrial District,-122.3506749,47.568367
-122.3701937,47.57155935,WEST SEATTLE BR WB BETWEEN SW ADMIRAL WY OFF RP AND POINT A,2,Injury Collision,Other,2,1,2,0,0,1/14/05 3:26,Clear or Partly Cloudy,Dry,Dark - Street Lights Off,Industrial District-Industrial District,-122.3506749,47.568367
-122.3235006,47.58610117,S HOLGATE BR AND S HOLGATE ST,1,Property Damage Only Collision,Right Turn,2,2,0,0,0,2/3/10 13:40,Raining,Wet,Daylight,Industrial District-Industrial District,-122.3506749,47.568367
-122.3562726,47.57137519,SW SPOKANE ST BETWEEN SW SPOKANE W BR AND TERMINAL 5 ACCESS RP,1,Property Damage Only Collision,Rear Ended,0,2,0,0,0,5/17/06 12:51,Raining,Wet,Dark - Street Lights On,Industrial District-Industrial District,-122.3506749,47.568367
-122.3290568,47.58719993,4TH AVE S BETWEEN S MASSACHUSETTS ST AND S HOLGATE ST,0,Unknown,,0,0,0,0,0,10/29/09,,,,Industrial District-Industrial District,-122.3506749,47.568367
-122.334203,47.57557557,1ST AVE S AND S HANFORD ST,1,Property Damage Only Collision,Right Turn,2,2,0,0,0,5/9/19 7:00,Clear or Partly Cloudy,Dry,Daylight,Industrial District-Industrial District,-122.3506749,47.568367
-122.337486,47.58974639,ALASKAN WY VI SB BETWEEN ALASKAN WY VI SB EFR OFF RP AND S HOLGATE ST,1,Property Damage Only Collision,Other,1,1,0,0,0,9/12/04 6:20,Unknown,Unknown,Unknown,Industrial District-Industrial District,-122.3506749,47.568367