X,Y,LOCATION,SEVERITYCODE,SEVERITYDESC,COLLISIONTYPE,PERSONCOUNT,VEHCOUNT,INJURIES,SERIOUSINJURIES,FATALITIES,INCDTTM,WEATHER,ROADCOND,LIGHTCOND,NEIGHBORHOOD,NX,NY
-122.334197,47.57170661,1ST AVE S AND S SPOKANE NR ST,1,Property Damage Only Collision,Right Turn,2,2,0,0,0,5/1/07,Clear or Partly Cloudy,Dry,Daylight,Industrial District-Industrial District,-122.3506749,47.568367
-122.3227902,47.57237861,AIRPORT WAY S AND DIAGONAL AVE S,2,Injury Collision,Angles,4,2,1,0,0,5/8/19 12:15,Clear or Partly Cloudy,Dry,Daylight,Industrial District-Industrial District,-122.3506749,47.568367
-122.329058,47.5850737,4TH AVE S BETWEEN S HOLGATE ST AND S WALKER ST,1,Property Damage Only Collision,Other,2,1,0,0,0,11/30/04 23:53,Overcast,Wet,Dark - Street Lights On,Industrial District-Industrial District,-122.3506749,47.568367
-122.3341993,47.58293839,1ST AVE S BETWEEN S WALKER ST AND S STACY ST,1,Property Damage Only Collision,Parked Car,3,2,0,0,0,4/2/13 18:30,Clear or Partly Cloudy,Unknown,Daylight,Industrial District-Industrial District,-122.3506749,47.568367
-122.337486,47.58974639,ALASKAN WY VI SB BETWEEN ALASKAN WY VI SB EFR OFF RP AND S HOLGATE ST,1,Property Damage Only Collision,Rear Ended,2,2,0,0,0,12/12/18 23:47,Raining,Wet,Dark - Street Lights On,Industrial District-Industrial District,-122.3506749,47.568367
-122.337486,47.58974639,ALASKAN WY VI SB BETWEEN ALASKAN WY VI SB EFR OFF RP AND S HOLGATE ST,3,Fatality Collision,Other,5,1,3,0,2,4/10/05 21:51,Raining,Wet,Dark - Street Lights On,Industrial District-Industrial District,-122.3506749,47.568367
-122.3237636,47.5958333,7TH AVE S AND S DEARBORN ST,1,Property Damage Only Collision,Angles,3,2,0,0,0,9/29/05 12:33,Overcast,Dry,Daylight,Industrial District-Industrial District,-122.3506749,47.568367
-122.3798217,47.58829362,HARBOR AVE SW BETWEEN CALIFORNIA WAY SW AND FAIRMOUNT AVE SW,0,Unknown,,0,0,0,0,0,3/29/13,,,,Industrial District-Industrial District,-122.3506749,47.568367
-122.3609586,47.57159361,WEST SEATTLE BR WB BETWEEN W SEATTLE BR WB OFF RP AND HARBOR AV SW OFF RP,2b,Serious Injury Collision,Rear Ended,3,3,3,1,0,7/6/05,Clear or Partly Cloudy,Dry,Daylight,Industrial District-Industrial District,-122.3506749,47.568367
-122.3427167,47.57125623,SPOKANE ST - W SEA B RP BETWEEN S SPOKANE ST AND SPOKANE ST - ALASKAN RP,2,Injury Collision,Rear Ended,3,3,2,0,0,4/3/13 16:05,Clear or Partly Cloudy,Dry,Daylight,Industrial District-Industrial District,-122.3506749,47.568367
-122.3517133,47.55941522,SW EDMUNDS ST AND WEST MARGINAL WAY SW,2,Injury Collision,Angles,3,2,3,0,0,11/24/18 15:58,Clear or Partly Cloudy,Dry,Dusk,Industrial District-Industrial District,-122.3506749,47.568367
-122.3307222,47.57438133,S HORTON ST BETWEEN 2ND AVE S AND 3RD AVE S,2,Injury Collision,Rear Ended,4,2,1,0,0,3/19/05 12:42,Raining,Wet,Daylight,Industrial District-Industrial District,-122.3506749,47.568367
-122.3392813,47.58750589,ALASKAN WAY S BETWEEN S MASSACHUSETTS ST AND EAST MARGINAL WAY S,1,Property Damage Only Collision,Sideswipe,3,2,0,0,0,8/13/04 19:20,Clear or Partly Cloudy,Dry,Daylight,Industrial District-Industrial District,-122.3506749,47.568367
-122.3226837,47.56851372,AIRPORT WAY S BETWEEN S BRADFORD ST AND S ANDOVER ST,1,Property Damage Only Collision,Sideswipe,2,2,0,0,0,6/4/04,Clear or Partly Cloudy,Dry,Dawn,Industrial District-Industrial District,-122.3506749,47.568367
-122.334195,47.59135531,1ST AVE S BETWEEN S ROYAL BROUGHAM WAY AND S ATLANTIC ST,1,Property Damage Only Collision,Sideswipe,2,2,0,0,0,5/14/19 9:36,Raining,Wet,Daylight,Industrial District-Industrial District,-122.3506749,47.568367
-122.3250685,47.59583534,MAYNARD AVE S AND S DEARBORN ST,2,Injury Collision,Pedestrian,2,1,1,0,0,12/11/18 17:46,Raining,Wet,Dark - Street Lights On,Industrial District-Industrial District,-122.3506749,47.568367
-122.3382383,47.55576875,EAST MARGINAL WAY S AND S DAWSON ST,1,Property Damage Only Collision,Left Turn,2,2,0,0,0,5/8/19 15:40,Clear or Partly Cloudy,Dry,Daylight,Industrial District-Industrial District,-122.3506749,47.568367
-122.3226742,47.56807373,AIRPORT WAY S AND S ANDOVER ST,1,Property Damage Only Collision,Other,3,2,0,0,0,5/8/19 13:18,Clear or Partly Cloudy,Dry,Daylight,Industrial District-Industrial District,-122.3506749,47.568367
-122.3600457,47.57196512,DELRIDGE WAY SW BETWEEN SW SPOKANE ST AND CHELAN SR AVE SW,1,Property Damage Only Collision,Other,2,2,0,0,0,11/19/10 8:30,Overcast,Wet,Daylight,Industrial District-Industrial District,-122.3506749,47.568367
-122.3293951,47.56596423,4TH AVE S BETWEEN DIAGONAL AVE S AND COSTCO DR,1,Property Damage Only Collision,Head On,2,2,0,0,0,5/8/19 13:12,Clear or Partly Cloudy,Dry,Daylight,Industrial District-Industrial District,-122.3506749,47.568367
-122.3346595,47.59031228,S ATLANTIC ST BETWEEN UTAH AVE S AND 1ST AVE S,0,Unknown,,0,0,0,0,0,9/16/14,,,,Industrial District-Industrial District,-122.3506749,47.568367
-122.3290502,47.59040369,4TH AVE S BETWEEN 4TH AVE NB OFF RP AND 4TH AVE NB ON RP,2,Injury Collision,Other,1,1,1,0,0,4/29/09 11:55,Clear or Partly Cloudy,Dry,Daylight,Industrial District-Industrial District,-122.3506749,47.568367
-122.3213978,47.57980781,AIRPORT WAY S AND S LANDER N ST,1,Property Damage Only Collision,Pedestrian,3,1,0,0,0,3/26/13 9:00,Clear or Partly Cloudy,Dry,Daylight,Industrial District-Industrial District,-122.3506749,47.568367
-122.3375516,47.58937381,ALASKAN WY VI NB BETWEEN S HOLGATE ST AND SR99 REPUBLICAN OFF RP,1,Property Damage Only Collision,Rear Ended,2,2,0,0,0,11/17/18 12:30,Clear or Partly Cloudy,Dry,Daylight,Industrial District-Industrial District,-122.3506749,47.568367
-122.329056,47.58085271,4TH AVE S BETWEEN S STACY ST AND S LANDER ST,0,Unknown,,0,0,0,0,0,6/18/09,,,,Industrial District-Industrial District,-122.3506749,47.568367
-122.3408806,47.57175135,ALASKAN WY VI SB WSB WB OFF RP BETWEEN ALASKAN WY VI SB AND WEST SEATTLE BR WB,2,Injury Collision,Other,1,1,1,0,0,3/25/05 20:43,Clear or Partly Cloudy,Dry,Dark - Street Lights On,Industrial District-Industrial District,-122.3506749,47.568367
-122.3332657,47.58610328,OCCIDENTAL AVE S AND S HOLGATE ST,1,Property Damage Only Collision,Angles,3,2,0,0,0,5/10/19 11:14,Clear or Partly Cloudy,Dry,Daylight,Industrial District-Industrial District,-122.3506749,47.568367
-122.334195,47.59135531,1ST AVE S BETWEEN S ROYAL BROUGHAM WAY AND S ATLANTIC ST,1,Property Damage Only Collision,Other,1,1,0,0,0,7/19/04 1:48,Clear or Partly Cloudy,Dry,Dark - Street Lights On,Industrial District-Industrial District,-122.3506749,47.568367
-122.3421814,47.54035298,HIGHLAND PARK WAY SW AND WEST MARGINAL WAY SW,1,Property Damage Only Collision,Angles,4,2,0,0,0,10/18/06 11:24,Raining,Wet,Daylight,Industrial District-Industrial District,-122.3506749,47.568367
-122.3290565,47.57980945,4TH AVE S AND S LANDER ST,2,Injury Collision,Left Turn,4,2,2,0,0,10/17/06 11:55,Clear or Partly Cloudy,Dry,Daylight,Industrial District-Industrial District,-122.3506749,47.568367
-122.3250713,47.59499594,MAYNARD AVE S AND S CHARLES ST,1,Property Damage Only Collision,Sideswipe,2,2,0,0,0,12/7/18 14:47,Clear or Partly Cloudy,Dry,Daylight,Industrial District-Industrial District,-122.3506749,47.568367
-122.3259773,47.57876858,6TH AVE S BETWEEN S LANDER ST AND S FOREST ST,1,Property Damage Only Collision,Parked Car,2,2,0,0,0,4/2/13 8:05,Clear or Partly Cloudy,Dry,Daylight,Industrial District-Industrial District,-122.3506749,47.568367
-122.3394075,47.57642438,ALASKAN WY VI SB BETWEEN S LANDER ST AND ALASKAN WY VI SB WSB WB OFF RP,2b,Serious Injury Collision,Rear Ended,3,2,2,1,0,5/9/19 15:34,Clear or Partly Cloudy,Dry,Daylight,Industrial District-Industrial District,-122.3506749,47.568367
-122.3294543,47.57157764,WEST SEATTLE BR WB BETWEEN I5 NB - W SEATTLE BR RP AND 1ST AV S OFF RP,2,Injury Collision,Rear Ended,2,2,1,0,0,5/9/19 18:16,Clear or Partly Cloudy,Dry,Daylight,Industrial District-Industrial District,-122.3506749,47.568367
-122.3332709,47.57665118,OCCIDENTAL AVE S BETWEEN S FOREST ST AND S HANFORD ST,1,Property Damage Only Collision,Parked Car,2,2,0,0,0,3/18/05 10:09,Clear or Partly Cloudy,Dry,Daylight,Industrial District-Industrial District,-122.3506749,47.568367
-122.3342014,47.57877071,1ST AVE S BETWEEN S LANDER ST AND S FOREST ST,2,Injury Collision,Other,2,2,1,0,0,3/8/05,Clear or Partly Cloudy,Dry,Daylight,Industrial District-Industrial District,-122.3506749,47.568367
-122.328222,47.59239408,S ROYAL BROUGHAM WAY BETWEEN 4TH AVE S AND 5TH AVE S,2,Injury Collision,Rear Ended,2,2,1,0,0,8/17/09 12:20,Clear or Partly Cloudy,Dry,Daylight,Industrial District-Industrial District,-122.3506749,47.568367
-122.3240631,47.5693813,7TH AVE S BETWEEN S CHARLESTOWN ST AND S BRADFORD ST,0,Unknown,,0,0,0,0,0,3/28/13,,,,Industrial District-Industrial District,-122.3506749,47.568367
-122.3342037,47.57438558,1ST AVE S AND S HORTON ST,1,Property Damage Only Collision,Other,1,1,0,0,0,5/16/13 8:40,Clear or Partly Cloudy,Dry,Daylight,Industrial District-Industrial District,-122.3506749,47.568367
-122.321392,47.58730868,AIRPORT WAY S BETWEEN S MASSACHUSETTS ST AND S HOLGATE N ST,1,Property Damage Only Collision,Parked Car,2,2,0,0,0,12/3/08,Overcast,Dry,Daylight,Industrial District-Industrial District,-122.3506749,47.568367
-122.3293951,47.56596423,4TH AVE S BETWEEN DIAGONAL AVE S AND COSTCO DR,0,Unknown,,0,0,0,0,0,1/30/14,,,,Industrial District-Industrial District,-122.3506749,47.568367
-122.3290568,47.58719993,4TH AVE S BETWEEN S MASSACHUSETTS ST AND S HOLGATE ST,0,Unknown,,0,0,0,0,0,4/11/11,,,,Industrial District-Industrial District,-122.3506749,47.568367
-122.3342145,47.55566306,1ST AVE S AND S DAWSON ST,0,Unknown,,0,0,0,0,0,7/12/16,,,,Industrial District-Industrial District,-122.3506749,47.568367
-122.370655,47.57178858,HARBOR AVE SW AND SW SPOKANE NR ST,1,Property Damage Only Collision,Left Turn,2,2,0,0,0,12/29/15 11:10,Clear or Partly Cloudy,Dry,Daylight,Industrial District-Industrial District,-122.3506749,47.568367
-122.321398,47.57950261,AIRPORT WAY S AND S LANDER S ST,0,Unknown,,0,0,0,0,0,10/29/09,,,,Industrial District-Industrial District,-122.3506749,47.568367
-122.3344369,47.57151424,WEST SEATTLE BR EB BETWEEN W SEA BR EB 4 AV OFF RP AND 1ST AV S OFF RP,1,Property Damage Only Collision,Rear Ended,2,2,0,0,0,8/29/16 8:25,Overcast,Dry,Daylight,Industrial District-Industrial District,-122.3506749,47.568367
-122.3390723,47.57150647,WEST SEATTLE BR EB BETWEEN 1ST AV S OFF RP AND SPOKANE ST - W SEA B RP,1,Property Damage Only Collision,Rear Ended,3,2,0,0,0,4/26/14 11:38,Clear or Partly Cloudy,Dry,Daylight,Industrial District-Industrial District,-122.3506749,47.568367
-122.3299789,47.58617038,3RD AVE S AND S HOLGATE ST,2b,Serious Injury Collision,Other,2,2,1,1,0,9/20/16 16:15,Clear or Partly Cloudy,Dry,Daylight,Industrial District-Industrial District,-122.3506749,47.568367
-122.351724,47.56030603,WEST MARGINAL WAY SW BETWEEN SW ALASKA ST AND SW EDMUNDS ST,2,Injury Collision,Other,1,1,1,0,0,11/21/07 21:58,Clear or Partly Cloudy,Dry,Dark - Street Lights On,Industrial District-Industrial District,-122.3506749,47.568367
-122.3394165,47.55847119,EAST MARGINAL WAY S BETWEEN XW ALASKA AND S HUDSON ST,1,Property Damage Only Collision,Other,1,1,0,0,0,1/13/09 19:16,Clear or Partly Cloudy,Dry,Dark - Street Lights On,Industrial District-Industrial District,-122.3506749,47.568367
-122.3342019,47.57772754,1ST AVE S AND S FOREST ST,2,Injury Collision,Other,1,1,1,0,0,9/7/16 19:13,Overcast,Dry,Dusk,Industrial District-Industrial District,-122.3506749,47.568367
-122.3663302,47.57157607,WEST SEATTLE BR WB BETWEEN HARBOR AV SW OFF RP AND SW ADMIRAL WY OFF RP,2b,Serious Injury Collision,Other,2,2,1,1,0,9/28/10 18:43,Clear or Partly Cloudy,Dry,Dusk,Industrial District-Industrial District,-122.3506749,47.568367
-122.3392069,47.56909948,EAST MARGINAL NB WAY S BETWEEN EAST MARGINAL ER WAY S AND DUWAMISH AVE S,1,Property Damage Only Collision,Rear Ended,2,2,0,0,0,6/18/13 10:23,Clear or Partly Cloudy,Dry,Daylight,Industrial District-Industrial District,-122.3506749,47.568367
-122.3207363,47.57208959,WEST SEATTLE BR WB BETWEEN S COLUMBIAN WB WAY AND W SEA BR WB - 6TH AV S RP,2,Injury Collision,Other,2,1,1,0,0,10/26/10 19:36,Raining,Wet,Dark - Street Lights On,Industrial District-Industrial District,-122.3506749,47.568367
-122.3331002,47.57140022,S SPOKANE SR ST BETWEEN 1ST AVE S AND 2ND AVE S,1,Property Damage Only Collision,Sideswipe,4,2,0,0,0,3/20/15 14:44,Raining,Wet,Daylight,Industrial District-Industrial District,-122.3506749,47.568367
-122.3341972,47.58716755,1ST AVE S BETWEEN S MASSACHUSETTS ST AND S HOLGATE ST,1,Property Damage Only Collision,Other,1,1,0,0,0,4/7/12 4:24,Clear or Partly Cloudy,Dry,Dark - Street Lights On,Industrial District-Industrial District,-122.3506749,47.568367
-122.3237636,47.5958333,7TH AVE S AND S DEARBORN ST,2,Injury Collision,Angles,3,2,1,0,0,7/29/17 21:58,Clear or Partly Cloudy,Dry,Dark - Street Lights On,Industrial District-Industrial District,-122.3506749,47.568367
-122.3290565,47.57980945,4TH AVE S AND S LANDER ST,2,Injury Collision,Angles,3,2,1,0,0,11/11/17 8:37,Overcast,Wet,Daylight,Industrial District-Industrial District,-122.3506749,47.568367
-122.3375516,47.58937381,ALASKAN WY VI NB BETWEEN S HOLGATE ST AND SR99 REPUBLICAN OFF RP,1,Property Damage Only Collision,Other,1,1,0,0,0,12/4/14 23:40,Raining,Wet,Dark - Street Lights On,Industrial District-Industrial District,-122.3506749,47.568367
-122.3341972,47.58716755,1ST AVE S BETWEEN S MASSACHUSETTS ST AND S HOLGATE ST,1,Property Damage Only Collision,Rear Ended,2,2,0,0,0,9/10/14 8:41,Clear or Partly Cloudy,Dry,Daylight,Industrial District-Industrial District,-122.3506749,47.568367
-122.329058,47.5850737,4TH AVE S BETWEEN S HOLGATE ST AND S WALKER ST,1,Property Damage Only Collision,Rear Ended,3,2,0,0,0,2/29/16 8:28,Clear or Partly Cloudy,Wet,Daylight,Industrial District-Industrial District,-122.3506749,47.568367
-122.3394165,47.55847119,EAST MARGINAL WAY S BETWEEN XW ALASKA AND S HUDSON ST,0,Unknown,,0,0,0,0,0,3/31/12,,,,Industrial District-Industrial District,-122.3506749,47.568367
-122.329058,47.5850737,4TH AVE S BETWEEN S HOLGATE ST AND S WALKER ST,1,Property Damage Only Collision,Parked Car,2,2,0,0,0,9/4/14 20:00,Unknown,Unknown,Unknown,Industrial District-Industrial District,-122.3506749,47.568367
-122.3341972,47.58716755,1ST AVE S BETWEEN S MASSACHUSETTS ST AND S HOLGATE ST,1,Property Damage Only Collision,Sideswipe,2,2,0,0,0,7/20/16 11:50,Clear or Partly Cloudy,Dry,Daylight,Industrial District-Industrial District,-122.3506749,47.568367
-122.3408806,47.57175135,ALASKAN WY VI SB WSB WB OFF RP BETWEEN ALASKAN WY VI SB AND WEST SEATTLE BR WB,1,Property Damage Only Collision,Rear Ended,5,2,0,0,0,6/15/17 16:06,Raining,Wet,Daylight,Industrial District-Industrial District,-122.3506749,47.568367
-122.3337313,47.59031235,EDGAR MARTINEZ DR S BETWEEN 1ST AVE S AND OCCIDENTAL AVE S,0,Unknown,,0,0,0,0,0,7/29/16,,,,Industrial District-Industrial District,-122.3506749,47.568367
-122.3337363,47.57772731,S FOREST ST BETWEEN 1ST AVE S AND OCCIDENTAL AVE S,1,Property Damage Only Collision,Parked Car,0,2,0,0,0,6/19/15 23:00,Unknown,Unknown,Unknown,Industrial District-Industrial District,-122.3506749,47.568367
-122.3227968,47.56451883,AIRPORT WAY S AND S INDUSTRIAL EB WAY,1,Property Damage Only Collision,Other,1,1,0,0,0,5/4/13 1:59,Clear or Partly Cloudy,Dry,Dark - Street Lights On,Industrial District-Industrial District,-122.3506749,47.568367
-122.3237636,47.5958333,7TH AVE S AND S DEARBORN ST,1,Property Damage Only Collision,Rear Ended,0,2,0,0,0,9/28/17 16:30,Clear or Partly Cloudy,Dry,Daylight,Industrial District-Industrial District,-122.3506749,47.568367
-122.3332693,47.5798103,OCCIDENTAL AVE S AND S LANDER ST,1,Property Damage Only Collision,Angles,2,2,0,0,0,2/28/18 16:27,Raining,Wet,Daylight,Industrial District-Industrial District,-122.3506749,47.568367
-122.3421814,47.54035298,HIGHLAND PARK WAY SW AND WEST MARGINAL WAY SW,2,Injury Collision,Angles,3,3,1,0,0,4/10/13 9:03,Raining,Wet,Daylight,Industrial District-Industrial District,-122.3506749,47.568367
-122.3390723,47.57150647,WEST SEATTLE BR EB BETWEEN 1ST AV S OFF RP AND SPOKANE ST - W SEA B RP,2,Injury Collision,Sideswipe,6,2,4,0,0,6/16/04 21:00,Clear or Partly Cloudy,Dry,Daylight,Industrial District-Industrial District,-122.3506749,47.568367
-122.3391006,47.57527209,ALASKAN WY VI NB BETWEEN ALASKAN WY VI NB On RP AND S LANDER ST,1,Property Damage Only Collision,Other,1,1,0,0,0,7/3/04,Raining,Wet,Daylight,Industrial District-Industrial District,-122.3506749,47.568367
-122.3701937,47.57155935,WEST SEATTLE BR WB BETWEEN SW ADMIRAL WY OFF RP AND POINT A,1,Property Damage Only Collision,,1,0,0,0,0,12/21/19,,,,Industrial District-Industrial District,-122.3506749,47.568367
-122.3292794,47.59030786,4TH AVE SB OFF RP AND EDGAR MARTINEZ DR S,2,Injury Collision,Other,1,1,1,0,0,7/25/04 3:23,Clear or Partly Cloudy,Dry,Dark - Street Lights On,Industrial District-Industrial District,-122.3506749,47.568367
-122.3394392,47.5644998,EAST MARGINAL WAY S AND S IDAHO ST,1,Property Damage Only Collision,Angles,2,2,0,0,0,4/21/04 12:40,Clear or Partly Cloudy,Dry,Daylight,Industrial District-Industrial District,-122.3506749,47.568367
-122.3341988,47.58397886,1ST AVE S AND S WALKER ST,1,Property Damage Only Collision,Other,3,3,0,0,0,7/28/04 16:21,Clear or Partly Cloudy,Dry,Daylight,Industrial District-Industrial District,-122.3506749,47.568367
-122.329056,47.58085271,4TH AVE S BETWEEN S STACY ST AND S LANDER ST,0,Unknown,,0,0,0,0,0,12/16/04,,,,Industrial District-Industrial District,-122.3506749,47.568367
-122.3394391,47.56132285,EAST MARGINAL WAY S BETWEEN DIAGONAL AVE S AND S ALASKA ST,1,Property Damage Only Collision,Other,1,1,0,0,0,11/18/04 5:54,Raining,Wet,Dark - Street Lights On,Industrial District-Industrial District,-122.3506749,47.568367
-122.3247342,47.58822601,S MASSACHUSETTS ST BETWEEN 6TH AVE S AND 8TH AVE S,0,Unknown,,0,0,0,0,0,4/5/13,,,,Industrial District-Industrial District,-122.3506749,47.568367
-122.3396742,47.57151424,EAST MARGINAL WAY S BETWEEN S SPOKANE NR ST AND S SPOKANE SR ST,2,Injury Collision,,1,0,1,0,0,11/15/19,,,,Industrial District-Industrial District,-122.3506749,47.568367
-122.3294442,47.59239427,S ROYAL BROUGHAM WAY BETWEEN 3RD AVE S AND 4TH AVE S,1,Property Damage Only Collision,Head On,4,2,0,0,0,8/28/04 1:55,Clear or Partly Cloudy,Dry,Dark - Street Lights On,Industrial District-Industrial District,-122.3506749,47.568367
-122.3226101,47.57171304,I5 SB - W SEATTLE BR RP AND West SEATTLE BR WB,2,Injury Collision,Other,7,4,2,0,0,7/5/07,Clear or Partly Cloudy,Dry,Dark - Street Lights On,Industrial District-Industrial District,-122.3506749,47.568367
-122.3331002,47.57140022,S SPOKANE SR ST BETWEEN 1ST AVE S AND 2ND AVE S,1,Property Damage Only Collision,Left Turn,3,2,0,0,0,4/3/13 13:03,Clear or Partly Cloudy,Dry,Daylight,Industrial District-Industrial District,-122.3506749,47.568367
-122.3231297,47.56121206,AIRPORT WAY S AND S ALASKA ST,2b,Serious Injury Collision,Parked Car,4,2,4,1,0,5/8/19 17:10,Clear or Partly Cloudy,Dry,Daylight,Industrial District-Industrial District,-122.3506749,47.568367
-122.3391006,47.57527209,ALASKAN WY VI NB BETWEEN ALASKAN WY VI NB ON RP AND S LANDER ST,1,Property Damage Only Collision,Sideswipe,2,2,0,0,0,3/28/13 7:28,Overcast,Wet,Daylight,Industrial District-Industrial District,-122.3506749,47.568367
-122.3393929,47.56892782,DUWAMISH AVE S BETWEEN EAST MARGINAL SB WAY S AND EAST MARGINAL NB WAY S,2,Injury Collision,Other,1,1,1,0,0,9/18/04 17:48,Overcast,Wet,Daylight,Industrial District-Industrial District,-122.3506749,47.568367
-122.3378056,47.58950553,ALASKAN WAY S BETWEEN S ATLANTIC ST AND S MASSACHUSETTS ST,1,Property Damage Only Collision,Other,1,1,0,0,0,7/18/10 15:02,Clear or Partly Cloudy,Dry,Daylight,Industrial District-Industrial District,-122.3506749,47.568367
-122.3267255,47.57141411,S SPOKANE SR ST BETWEEN 5TH AVE S AND 6TH AVE S,1,Property Damage Only Collision,,2,0,0,0,0,12/7/18,,,,Industrial District-Industrial District,-122.3506749,47.568367
-122.329056,47.58085271,4TH AVE S BETWEEN S STACY ST AND S LANDER ST,2,Injury Collision,Other,5,2,1,0,0,7/31/05 16:50,Clear or Partly Cloudy,Dry,Daylight,Industrial District-Industrial District,-122.3506749,47.568367
-122.3375516,47.58937381,ALASKAN WY VI NB BETWEEN S HOLGATE ST AND SR99 REPUBLICAN OFF RP,2,Injury Collision,Other,1,1,1,0,0,10/18/09 2:35,Clear or Partly Cloudy,Wet,Dark - Street Lights On,Industrial District-Industrial District,-122.3506749,47.568367
-122.383398,47.5935043,HARBOR AVE SW BETWEEN SW CALIFORNIA PL AND SW MARYLAND PL,1,Property Damage Only Collision,,1,0,0,0,0,4/8/12,,,,Industrial District-Industrial District,-122.3506749,47.568367
-122.32391,47.59242872,AIRPORT WAY S AND S ROYAL BROUGHAM WAY,2,Injury Collision,Angles,2,2,2,0,0,8/2/11,Clear or Partly Cloudy,Dry,Daylight,Industrial District-Industrial District,-122.3506749,47.568367
-122.3342033,47.57498194,1ST AVE S BETWEEN S HANFORD ST AND S HORTON ST,1,Property Damage Only Collision,Parked Car,2,2,0,0,0,2/12/08 7:50,Clear or Partly Cloudy,Dry,Daylight,Industrial District-Industrial District,-122.3506749,47.568367
-122.3275405,47.58617548,5TH AVE S AND S HOLGATE ST,2,Injury Collision,Pedestrian,2,1,1,0,0,9/27/11 10:05,Clear or Partly Cloudy,Dry,Daylight,Industrial District-Industrial District,-122.3506749,47.568367
-122.3395111,47.57438696,EAST MARGINAL ER WAY S AND S HORTON ST,1,Property Damage Only Collision,Angles,2,2,0,0,0,3/1/17 8:41,Clear or Partly Cloudy,Dry,Daylight,Industrial District-Industrial District,-122.3506749,47.568367
-122.3391006,47.57527209,ALASKAN WY VI NB BETWEEN ALASKAN WY VI NB ON RP AND S LANDER ST,2,Injury Collision,Rear Ended,3,2,1,0,0,10/2/15 9:29,Clear or Partly Cloudy,Dry,Daylight,Industrial District-Industrial District,-122.3506749,47.568367
-122.3344369,47.57151424,WEST SEATTLE BR EB BETWEEN W SEA BR EB 4 AV OFF RP AND 1ST AV S OFF RP,0,Unknown,,0,0,0,0,0,5/2/07,,,,Industrial District-Industrial District,-122.3506749,47.568367
-122.3342002,47.58085454,1ST AVE S BETWEEN S STACY ST AND S LANDER ST,2,Injury Collision,Cycles,2,1,1,0,0,1/31/15 13:59,Overcast,Dry,Daylight,Industrial District-Industrial District,-122.3506749,47.568367
-122.3421814,47.54035298,HIGHLAND PARK WAY SW AND WEST MARGINAL WAY SW,2,Injury Collision,Other,1,1,1,0,0,12/22/13 6:54,Raining,Wet,Dark - Street Lights On,Industrial District-Industrial District,-122.3506749,47.568367
-122.3450961,47.54736919,WEST MARGINAL WAY SW BETWEEN SW BRANDON ST AND SW FRONT ST,1,Property Damage Only Collision,Other,1,1,0,0,0,12/26/16 7:29,Clear or Partly Cloudy,Dry,Dawn,Industrial District-Industrial District,-122.3506749,47.568367
-122.3609727,47.571459,WEST SEATTLE BR EB BETWEEN DELRIDGE-W SEATTLE BR EB ON RP AND 26TH AV SW ON RP,1,Property Damage Only Collision,Other,2,2,0,0,0,11/28/07 13:42,Raining,Wet,Daylight,Industrial District-Industrial District,-122.3506749,47.568367
-122.3193949,47.57835634,I5 SB BETWEEN I5 SB - W SEATTLE BR RP AND S FOREST ST OFF RP,0,Unknown,,0,0,0,0,0,9/28/13,,,,Industrial District-Industrial District,-122.3506749,47.568367
-122.3394393,47.56341172,EAST MARGINAL WAY S BETWEEN S IDAHO ST AND DIAGONAL AVE S,1,Property Damage Only Collision,Rear Ended,2,2,0,0,0,10/23/14 6:35,Unknown,Unknown,Unknown,Industrial District-Industrial District,-122.3506749,47.568367