X,Y,LOCATION,SEVERITYCODE,SEVERITYDESC,COLLISIONTYPE,PERSONCOUNT,VEHCOUNT,INJURIES,SERIOUSINJURIES,FATALITIES,INCDTTM,WEATHER,ROADCOND,LIGHTCOND,NEIGHBORHOOD,NX,NY
-122.339439,47.56577617,EAST MARGINAL WAY S AND S NEVADA ST,1,Property Damage Only Collision,Right Turn,3,2,0,0,0,12/5/11 14:30,Clear or Partly Cloudy,Dry,Daylight,Industrial District-Industrial District,-122.3506749,47.568367
-122.3419945,47.57143073,WEST SEATTLE BR EB BETWEEN SPOKANE ST - W SEA B RP AND ALASKAN WY VI NB ON RP,1,Property Damage Only Collision,Rear Ended,4,2,0,0,0,1/28/14 7:49,Overcast,Wet,Daylight,Industrial District-Industrial District,-122.3506749,47.568367
-122.3342033,47.57498194,1ST AVE S BETWEEN S HANFORD ST AND S HORTON ST,1,Property Damage Only Collision,Parked Car,2,2,0,0,0,6/19/17 6:55,Clear or Partly Cloudy,Dry,Daylight,Industrial District-Industrial District,-122.3506749,47.568367
-122.3237728,47.59347649,7TH AVE S BETWEEN S PLUMMER ST AND AIRPORT NB WAY S,1,Property Damage Only Collision,Sideswipe,2,2,0,0,0,11/20/17 15:43,Clear or Partly Cloudy,Dry,Daylight,Industrial District-Industrial District,-122.3506749,47.568367
-122.3394406,47.55993555,EAST MARGINAL WAY S BETWEEN S ALASKA ST AND XW ALASKA,1,Property Damage Only Collision,Other,1,1,0,0,0,4/19/10 17:30,Clear or Partly Cloudy,Dry,Daylight,Industrial District-Industrial District,-122.3506749,47.568367
-122.321392,47.58730868,AIRPORT WAY S BETWEEN S MASSACHUSETTS ST AND S HOLGATE N ST,1,Property Damage Only Collision,Sideswipe,2,2,0,0,0,6/20/07 16:02,Clear or Partly Cloudy,Dry,Daylight,Industrial District-Industrial District,-122.3506749,47.568367
-122.351724,47.56030603,WEST MARGINAL WAY SW BETWEEN SW ALASKA ST AND SW EDMUNDS ST,2,Injury Collision,Other,2,1,1,0,0,12/25/09 19:00,Clear or Partly Cloudy,Ice,Dark - Street Lights On,Industrial District-Industrial District,-122.3506749,47.568367
-122.3394165,47.55847119,EAST MARGINAL WAY S BETWEEN XW ALASKA AND S HUDSON ST,2,Injury Collision,Rear Ended,5,2,1,0,0,12/20/12 13:20,Raining,Wet,Daylight,Industrial District-Industrial District,-122.3506749,47.568367
-122.3342008,47.57981114,1ST AVE S AND S LANDER ST,1,Property Damage Only Collision,Left Turn,2,2,0,0,0,3/16/07 6:56,Clear or Partly Cloudy,Dry,Dawn,Industrial District-Industrial District,-122.3506749,47.568367
-122.3241919,47.57168636,WEST SEATTLE BR WB BETWEEN I5 SB - W SEATTLE BR RP AND I5 NB - W SEATTLE BR RP,1,Property Damage Only Collision,Rear Ended,2,2,0,0,0,6/15/17 19:29,Raining,Wet,Daylight,Industrial District-Industrial District,-122.3506749,47.568367
-122.3235006,47.58610117,S HOLGATE BR AND S HOLGATE ST,1,Property Damage Only Collision,Parked Car,4,2,0,0,0,2/10/09 14:35,Snowing,Wet,Daylight,Industrial District-Industrial District,-122.3506749,47.568367
-122.3213928,47.58620476,AIRPORT WAY S AND S HOLGATE S ST,2,Injury Collision,Left Turn,3,2,1,0,0,12/7/11 8:10,Raining,Wet,Daylight,Industrial District-Industrial District,-122.3506749,47.568367
-122.3341978,47.58610377,1ST AVE S AND S HOLGATE ST,1,Property Damage Only Collision,Sideswipe,2,2,0,0,0,12/2/13 8:45,Unknown,Unknown,Daylight,Industrial District-Industrial District,-122.3506749,47.568367
-122.3337305,47.59239547,S ROYAL BROUGHAM WAY BETWEEN 1ST AVE S AND OCCIDENTAL AVE S,2,Injury Collision,Left Turn,2,2,1,0,0,7/17/13 6:48,Clear or Partly Cloudy,Dry,Daylight,Industrial District-Industrial District,-122.3506749,47.568367
-122.3292794,47.59030786,4TH AVE SB OFF RP AND EDGAR MARTINEZ DR S,1,Property Damage Only Collision,Angles,2,2,0,0,0,12/5/14 4:58,Raining,Wet,Dark - No Street Lights,Industrial District-Industrial District,-122.3506749,47.568367
-122.3290775,47.57142087,4TH AVE S AND S SPOKANE SR ST,1,Property Damage Only Collision,Angles,2,2,0,0,0,7/19/17 11:12,Clear or Partly Cloudy,Dry,Daylight,Industrial District-Industrial District,-122.3506749,47.568367
-122.3296081,47.59030825,EDGAR MARTINEZ DR S BETWEEN S ATLANTIC ST OFF RP AND 4TH AVE SB OFF RP,2,Injury Collision,Other,1,1,1,0,0,1/5/15 5:23,Raining,Wet,Dark - Street Lights On,Industrial District-Industrial District,-122.3506749,47.568367
-122.329058,47.5850737,4TH AVE S BETWEEN S HOLGATE ST AND S WALKER ST,1,Property Damage Only Collision,Sideswipe,2,2,0,0,0,1/10/15 21:30,Unknown,Unknown,Unknown,Industrial District-Industrial District,-122.3506749,47.568367
-122.3394391,47.56132285,EAST MARGINAL WAY S BETWEEN DIAGONAL AVE S AND S ALASKA ST,2,Injury Collision,Rear Ended,2,2,1,0,0,3/10/12 17:45,Raining,Wet,Dusk,Industrial District-Industrial District,-122.3506749,47.568367
-122.3290568,47.58719993,4TH AVE S BETWEEN S MASSACHUSETTS ST AND S HOLGATE ST,2,Injury Collision,Other,2,2,1,0,0,3/14/07 17:40,Clear or Partly Cloudy,Dry,Dark - Street Lights On,Industrial District-Industrial District,-122.3506749,47.568367
-122.3443437,47.57156002,S SPOKANE ST BETWEEN SW SPOKANE ST AND S SPOKANE NR ST,2,Injury Collision,Right Turn,3,2,1,0,0,9/28/10 7:42,Clear or Partly Cloudy,Dry,Daylight,Industrial District-Industrial District,-122.3506749,47.568367
-122.3296081,47.59030825,EDGAR MARTINEZ DR S BETWEEN S ATLANTIC ST OFF RP AND 4TH AVE SB OFF RP,2,Injury Collision,Rear Ended,3,3,1,0,0,7/2/10 10:00,Clear or Partly Cloudy,Dry,Daylight,Industrial District-Industrial District,-122.3506749,47.568367
-122.3391006,47.57527209,ALASKAN WY VI NB BETWEEN ALASKAN WY VI NB ON RP AND S LANDER ST,2,Injury Collision,Other,3,2,2,0,0,2/18/11 21:21,Clear or Partly Cloudy,Unknown,Dark - Street Lights On,Industrial District-Industrial District,-122.3506749,47.568367
-122.3294442,47.59239427,S ROYAL BROUGHAM WAY BETWEEN 3RD AVE S AND 4TH AVE S,1,Property Damage Only Collision,Sideswipe,5,2,0,0,0,9/15/12 11:40,Clear or Partly Cloudy,Dry,Daylight,Industrial District-Industrial District,-122.3506749,47.568367
-122.3263738,47.59583727,6TH AVE S AND S DEARBORN ST,1,Property Damage Only Collision,Right Turn,3,2,0,0,0,6/29/17 12:35,Clear or Partly Cloudy,Dry,Daylight,Industrial District-Industrial District,-122.3506749,47.568367
-122.3394391,47.56132285,EAST MARGINAL WAY S BETWEEN DIAGONAL AVE S AND S ALASKA ST,1,Property Damage Only Collision,Rear Ended,4,4,0,0,0,1/26/12 6:25,Raining,Dry,Dark - Street Lights On,Industrial District-Industrial District,-122.3506749,47.568367
-122.3309113,47.55527559,3RD AVE S BETWEEN S DAWSON ST AND S BENNETT ST,1,Property Damage Only Collision,Parked Car,2,2,0,0,0,7/7/19,Unknown,Dry,Unknown,Industrial District-Industrial District,-122.3506749,47.568367
-122.3235006,47.58610117,S HOLGATE BR AND S HOLGATE ST,2,Injury Collision,Right Turn,4,2,2,0,0,5/24/04 13:35,Clear or Partly Cloudy,Dry,Daylight,Industrial District-Industrial District,-122.3506749,47.568367
-122.3341978,47.58610377,1ST AVE S AND S HOLGATE ST,0,Unknown,,0,0,0,0,0,4/11/13,,,,Industrial District-Industrial District,-122.3506749,47.568367
-122.3394375,47.56606066,EAST MARGINAL WAY S BETWEEN ALASKAN WY VI NB AND S NEVADA ST,1,Property Damage Only Collision,Rear Ended,4,2,0,0,0,12/19/17 12:01,Raining,Wet,Daylight,Industrial District-Industrial District,-122.3506749,47.568367
-122.3294442,47.59239427,S ROYAL BROUGHAM WAY BETWEEN 3RD AVE S AND 4TH AVE S,1,Property Damage Only Collision,Other,2,2,0,0,0,1/29/04 14:59,Raining,Wet,Daylight,Industrial District-Industrial District,-122.3506749,47.568367
-122.323869,47.5931178,AIRPORT NB WAY S BETWEEN AIRPORT WAY S AND 7TH AVE S,1,Property Damage Only Collision,Rear Ended,2,2,0,0,0,2/26/18 9:18,Clear or Partly Cloudy,Dry,Daylight,Industrial District-Industrial District,-122.3506749,47.568367
-122.3290618,47.5705371,4TH AVE S BETWEEN S SPOKANE SR ST AND W SEA BR EB 4 AV OFF RP,0,Unknown,,0,0,0,0,0,7/23/04,,,,Industrial District-Industrial District,-122.3506749,47.568367
-122.3597678,47.57180126,SW SPOKANE ST BETWEEN WEST MARGINAL TURN RD AND WEST MARGINAL WAY SW,0,Unknown,,0,0,0,0,0,10/5/04,,,,Industrial District-Industrial District,-122.3506749,47.568367
-122.3382383,47.55576875,EAST MARGINAL WAY S AND S DAWSON ST,2b,Serious Injury Collision,Left Turn,3,2,2,1,0,3/28/13 14:34,Clear or Partly Cloudy,Dry,Daylight,Industrial District-Industrial District,-122.3506749,47.568367
-122.3399827,47.57871215,EAST MARGINAL WAY S BETWEEN S STACY ST AND S HANFORD ST,1,Property Damage Only Collision,Rear Ended,7,4,0,0,0,4/4/13 9:56,Raining,Wet,Daylight,Industrial District-Industrial District,-122.3506749,47.568367
-122.3394397,47.56031932,EAST MARGINAL WAY S AND S ALASKA ST,2,Injury Collision,,3,0,2,0,0,4/6/13,,,,Industrial District-Industrial District,-122.3506749,47.568367
-122.329056,47.58085271,4TH AVE S BETWEEN S STACY ST AND S LANDER ST,0,Unknown,,0,0,0,0,0,5/8/04,,,,Industrial District-Industrial District,-122.3506749,47.568367
-122.3390723,47.57150647,WEST SEATTLE BR EB BETWEEN 1ST AV S OFF RP AND SPOKANE ST - W SEA B RP,1,Property Damage Only Collision,Rear Ended,5,3,0,0,0,2/25/04 7:26,Overcast,Dry,Daylight,Industrial District-Industrial District,-122.3506749,47.568367
-122.3259732,47.58507559,6TH AVE S BETWEEN S HOLGATE ST AND S WALKER ST,1,Property Damage Only Collision,,2,0,0,0,0,5/18/18,,,,Industrial District-Industrial District,-122.3506749,47.568367
-122.3390723,47.57150647,WEST SEATTLE BR EB BETWEEN 1ST AV S OFF RP AND SPOKANE ST - W SEA B RP,1,Property Damage Only Collision,Rear Ended,2,2,0,0,0,11/19/04 6:06,Clear or Partly Cloudy,Dry,Dark - Street Lights On,Industrial District-Industrial District,-122.3506749,47.568367
-122.3292794,47.59030786,4TH AVE SB OFF RP AND EDGAR MARTINEZ DR S,2,Injury Collision,Sideswipe,4,2,2,0,0,7/25/04 2:32,Clear or Partly Cloudy,Dry,Dark - Street Lights On,Industrial District-Industrial District,-122.3506749,47.568367
-122.3290487,47.59239438,4TH AVE S AND S ROYAL BROUGHAM WAY,2,Injury Collision,Rear Ended,5,2,1,0,0,4/2/13 17:55,Clear or Partly Cloudy,Dry,Dusk,Industrial District-Industrial District,-122.3506749,47.568367
-122.3547752,47.56872401,WEST MARGINAL WAY SW BETWEEN MARGINAL SB PL SW AND SW ANDOVER ST,2,Injury Collision,Other,2,2,1,0,0,8/24/04 9:35,Raining,Wet,Daylight,Industrial District-Industrial District,-122.3506749,47.568367
-122.3237728,47.59347649,7TH AVE S BETWEEN S PLUMMER ST AND AIRPORT NB WAY S,0,Unknown,,0,0,0,0,0,12/27/18,,,,Industrial District-Industrial District,-122.3506749,47.568367
-122.3342131,47.55886543,1ST AVE S BETWEEN 1ST AV S VI AND S HUDSON ST,3,Fatality Collision,Parked Car,3,2,1,0,1,2/25/04 2:35,Clear or Partly Cloudy,Dry,Dark - Street Lights On,Industrial District-Industrial District,-122.3506749,47.568367
-122.3386774,47.55659137,EAST MARGINAL WAY S BETWEEN S HUDSON ST AND S DAWSON ST,2,Injury Collision,Rear Ended,7,4,3,0,0,1/22/18 8:43,Clear or Partly Cloudy,Wet,Daylight,Industrial District-Industrial District,-122.3506749,47.568367
-122.3292794,47.59030786,4TH AVE SB OFF RP AND EDGAR MARTINEZ DR S,0,Unknown,,0,0,0,0,0,8/16/04,,,,Industrial District-Industrial District,-122.3506749,47.568367
-122.3341983,47.58504268,1ST AVE S BETWEEN S HOLGATE ST AND S WALKER ST,0,Unknown,,0,0,0,0,0,3/27/13,,,,Industrial District-Industrial District,-122.3506749,47.568367
-122.3263738,47.59583727,6TH AVE S AND S DEARBORN ST,2,Injury Collision,Cycles,1,0,1,0,0,6/17/04 11:12,Clear or Partly Cloudy,Dry,Daylight,Industrial District-Industrial District,-122.3506749,47.568367
-122.3394393,47.56341172,EAST MARGINAL WAY S BETWEEN S IDAHO ST AND DIAGONAL AVE S,0,Unknown,,0,0,0,0,0,12/14/04,,,,Industrial District-Industrial District,-122.3506749,47.568367
-122.3394391,47.56132285,East MARGINAL WAY S BETWEEN DIAGONAL AVE S AND S ALASKA ST,1,Property Damage Only Collision,Rear Ended,6,2,0,0,0,1/8/04,Overcast,Wet,Daylight,Industrial District-Industrial District,-122.3506749,47.568367
-122.3337354,47.58189598,S STACY ST BETWEEN 1ST AVE S AND OCCIDENTAL AVE S,0,Unknown,,0,0,0,0,0,6/29/04,,,,Industrial District-Industrial District,-122.3506749,47.568367
-122.3382383,47.55576875,EAST MARGINAL WAY S AND S DAWSON ST,2,Injury Collision,Left Turn,2,2,1,0,0,5/31/18 9:23,Clear or Partly Cloudy,Dry,Daylight,Industrial District-Industrial District,-122.3506749,47.568367
-122.3392813,47.58750589,ALASKAN WAY S BETWEEN S MASSACHUSETTS ST AND EAST MARGINAL WAY S,0,Unknown,,0,0,0,0,0,11/24/04,,,,Industrial District-Industrial District,-122.3506749,47.568367
-122.3396843,47.57055499,EAST MARGINAL WAY S BETWEEN S SPOKANE SR ST AND EAST MARGINAL NB WAY S,2,Injury Collision,Pedestrian,2,1,1,0,0,3/24/18 3:20,,,,Industrial District-Industrial District,-122.3506749,47.568367
-122.3604903,47.5723822,WEST MARGINAL WAY SW BETWEEN CHELAN N AVE SW AND SW SPOKANE ST,1,Property Damage Only Collision,Right Turn,2,2,0,0,0,3/6/18 6:56,Clear or Partly Cloudy,Dry,Daylight,Industrial District-Industrial District,-122.3506749,47.568367
-122.3442059,47.5715629,S SPOKANE ST AND S SPOKANE NR ST,1,Property Damage Only Collision,Sideswipe,2,2,0,0,0,3/14/04 11:30,Overcast,Dry,Daylight,Industrial District-Industrial District,-122.3506749,47.568367
-122.3275165,47.5798094,5TH AVE S AND S LANDER ST,2,Injury Collision,Angles,4,2,2,0,0,1/25/04 9:49,Clear or Partly Cloudy,Dry,Daylight,Industrial District-Industrial District,-122.3506749,47.568367
-122.3342019,47.57772754,1ST AVE S AND S FOREST ST,1,Property Damage Only Collision,Right Turn,2,2,0,0,0,1/23/04 13:40,Raining,Wet,Daylight,Industrial District-Industrial District,-122.3506749,47.568367
-122.3274614,47.57142017,5TH AVE S AND S SPOKANE SR ST,2,Injury Collision,Angles,3,2,1,0,0,4/3/13 10:10,Clear or Partly Cloudy,Dry,Daylight,Industrial District-Industrial District,-122.3506749,47.568367
-122.3241865,47.5620098,7TH AVE S AND S SNOQUALMIE ST,1,Property Damage Only Collision,Angles,2,2,0,0,0,9/20/04 22:07,Clear or Partly Cloudy,Dry,Dark - Street Lights On,Industrial District-Industrial District,-122.3506749,47.568367
-122.3342033,47.57498194,1ST AVE S BETWEEN S HANFORD ST AND S HORTON ST,2,Injury Collision,Rear Ended,3,2,1,0,0,6/14/18 22:46,Clear or Partly Cloudy,Dry,Dark - Street Lights On,Industrial District-Industrial District,-122.3506749,47.568367
-122.3315979,47.5903106,EDGAR MARTINEZ DR S BETWEEN OCCIDENTAL AVE S AND S ATLANTIC ST OFF RP,2,Injury Collision,Rear Ended,4,3,2,0,0,4/6/13 23:37,Raining,Wet,Dark - Street Lights On,Industrial District-Industrial District,-122.3506749,47.568367
-122.351724,47.56030603,WEST MARGINAL WAY SW BETWEEN SW ALASKA ST AND SW EDMUNDS ST,1,Property Damage Only Collision,Other,2,2,0,0,0,6/10/04 6:59,Overcast,Wet,Daylight,Industrial District-Industrial District,-122.3506749,47.568367
-122.334196,47.58927175,1ST AVE S BETWEEN S ATLANTIC ST AND S MASSACHUSETTS ST,2,Injury Collision,Other,2,2,2,0,0,10/15/18 18:04,Clear or Partly Cloudy,Dry,Dusk,Industrial District-Industrial District,-122.3506749,47.568367
-122.3292812,47.56748037,4TH AVE S BETWEEN S INDUSTRIAL EB WAY AND DIAGONAL AVE S,1,Property Damage Only Collision,Sideswipe,2,2,0,0,0,9/28/18 7:47,Clear or Partly Cloudy,Dry,Daylight,Industrial District-Industrial District,-122.3506749,47.568367
-122.3332657,47.58610328,OCCIDENTAL AVE S AND S HOLGATE ST,1,Property Damage Only Collision,Angles,2,2,0,0,0,4/10/13 14:48,Clear or Partly Cloudy,Dry,Daylight,Industrial District-Industrial District,-122.3506749,47.568367
-122.3290565,47.57980945,4TH AVE S AND S LANDER ST,1,Property Damage Only Collision,Rear Ended,2,2,0,0,0,4/11/13 8:10,Unknown,Unknown,Daylight,Industrial District-Industrial District,-122.3506749,47.568367
-122.3394385,47.56232364,DIAGONAL AVE S AND EAST MARGINAL WAY S,1,Property Damage Only Collision,Sideswipe,2,2,0,0,0,7/10/04 7:54,Clear or Partly Cloudy,Dry,Daylight,Industrial District-Industrial District,-122.3506749,47.568367
-122.3698547,47.57167738,SW ADMIRAL WY OFF RP BETWEEN WEST SEATTLE BR WB AND SW ADMIRAL WAY,0,Unknown,,0,0,0,0,0,9/9/04,,,,Industrial District-Industrial District,-122.3506749,47.568367
-122.3290568,47.58719993,4TH AVE S BETWEEN S MASSACHUSETTS ST AND S HOLGATE ST,1,Property Damage Only Collision,Rear Ended,2,2,0,0,0,7/23/04 13:20,Clear or Partly Cloudy,Dry,Daylight,Industrial District-Industrial District,-122.3506749,47.568367
-122.3233029,47.59254993,S ROYAL BROUGHAM WAY BETWEEN AIRPORT WAY S AND AIRPORT NB WAY S,1,Property Damage Only Collision,Rear Ended,5,2,0,0,0,3/25/04 2:10,Overcast,Wet,Dark - Street Lights On,Industrial District-Industrial District,-122.3506749,47.568367
-122.3373358,47.59073208,ALASKAN WAY S AND S ATLANTIC ST,1,Property Damage Only Collision,Sideswipe,2,2,0,0,0,4/11/13 13:36,Overcast,Dry,Daylight,Industrial District-Industrial District,-122.3506749,47.568367
-122.3235006,47.58610117,S HOLGATE BR AND S HOLGATE ST,2,Injury Collision,Other,2,2,2,0,0,7/10/18 9:49,Overcast,Dry,Daylight,Industrial District-Industrial District,-122.3506749,47.568367
-122.3258372,47.57155151,S SPOKANE CR ST BETWEEN 6TH AVE S AND W SEA BR WB - 6TH AV S RP,1,Property Damage Only Collision,Left Turn,2,2,0,0,0,5/21/04 6:43,Overcast,Dry,Daylight,Industrial District-Industrial District,-122.3506749,47.568367
-122.3386774,47.55659137,EAST MARGINAL WAY S BETWEEN S HUDSON ST AND S DAWSON ST,2,Injury Collision,Other,1,1,1,0,0,11/28/04 4:49,Clear or Partly Cloudy,Dry,Dark - Street Lights On,Industrial District-Industrial District,-122.3506749,47.568367
-122.3259767,47.57980933,6TH AVE S AND S LANDER ST,0,Unknown,,0,0,0,0,0,1/16/04,,,,Industrial District-Industrial District,-122.3506749,47.568367
-122.32391,47.59242872,AIRPORT WAY S AND S ROYAL BROUGHAM WAY,2,Injury Collision,Angles,2,2,2,0,0,5/14/04 16:15,Clear or Partly Cloudy,Dry,Daylight,Industrial District-Industrial District,-122.3506749,47.568367
-122.3302194,47.55563983,S DAWSON ST BETWEEN 3RD AVE S AND 4TH AVE S,1,Property Damage Only Collision,Other,1,1,0,0,0,11/30/04 13:30,Raining,Wet,Daylight,Industrial District-Industrial District,-122.3506749,47.568367
-122.3337313,47.59031235,EDGAR MARTINEZ DR S BETWEEN 1ST AVE S AND OCCIDENTAL AVE S,1,Property Damage Only Collision,Right Turn,4,2,0,0,0,8/12/04 15:53,Clear or Partly Cloudy,Dry,Daylight,Industrial District-Industrial District,-122.3506749,47.568367
-122.3375516,47.58937381,ALASKAN WY VI NB BETWEEN S HOLGATE ST AND SR99 REPUBLICAN OFF RP,2,Injury Collision,Rear Ended,5,4,4,0,0,10/5/04,Overcast,Wet,Daylight,Industrial District-Industrial District,-122.3506749,47.568367
-122.3394075,47.57642438,ALASKAN WY VI SB BETWEEN S LANDER ST AND ALASKAN WY VI SB WSB WB OFF RP,0,Unknown,,0,0,0,0,0,11/16/04,,,,Industrial District-Industrial District,-122.3506749,47.568367
-122.3292622,47.59089977,4TH AVE SB ON RP BETWEEN 4TH AVE S AND EDGAR MARTINEZ DR S,2,Injury Collision,Rear Ended,3,2,1,0,0,8/4/04,Clear or Partly Cloudy,Dry,Dark - Street Lights On,Industrial District-Industrial District,-122.3506749,47.568367
-122.3348454,47.59239745,S ROYAL BROUGHAM WAY BETWEEN EAST FRONTAGE RD S AND 1ST AVE S,1,Property Damage Only Collision,Other,2,2,0,0,0,12/7/04,Clear or Partly Cloudy,Dry,Dark - Street Lights On,Industrial District-Industrial District,-122.3506749,47.568367
-122.3396675,47.57132832,East MARGINAL WAY S AND S SPOKANE SR ST,1,Property Damage Only Collision,Right Turn,2,2,0,0,0,12/8/04,Raining,Wet,Daylight,Industrial District-Industrial District,-122.3506749,47.568367
-122.32391,47.59242872,AIRPORT WAY S AND S ROYAL BROUGHAM WAY,2,Injury Collision,Angles,2,2,1,0,0,6/1/04,Clear or Partly Cloudy,Dry,Daylight,Industrial District-Industrial District,-122.3506749,47.568367
-122.359557,47.57209967,WEST MARGINAL WAY SW BETWEEN SW SPOKANE ST AND WEST MARGINAL TURN RD,1,Property Damage Only Collision,Sideswipe,4,2,0,0,0,7/15/04 13:00,Clear or Partly Cloudy,Dry,Daylight,Industrial District-Industrial District,-122.3506749,47.568367
-122.3394393,47.56341172,EAST MARGINAL WAY S BETWEEN S IDAHO ST AND DIAGONAL AVE S,2,Injury Collision,Rear Ended,2,2,1,0,0,1/14/04 18:30,Raining,Wet,Dark - Street Lights On,Industrial District-Industrial District,-122.3506749,47.568367
-122.358959,47.571718,W SEATTLE BR WB OFF RP BETWEEN West SEATTLE BR WB AND W SEATTLE BR WB-CHELAN OFF RP,1,Property Damage Only Collision,Other,1,1,0,0,0,9/3/04,Clear or Partly Cloudy,Dry,Daylight,Industrial District-Industrial District,-122.3506749,47.568367
-122.3213966,47.58188481,AIRPORT WAY S AND S STACY ST,1,Property Damage Only Collision,Angles,3,2,0,0,0,2/16/04 10:50,Raining,Wet,Daylight,Industrial District-Industrial District,-122.3506749,47.568367
-122.3280318,47.57151955,WEST SEATTLE BR EB BETWEEN W SEATTLE BR - I5 SB RP AND W SEA BR EB 4 AV OFF RP,1,Property Damage Only Collision,Rear Ended,2,2,0,0,0,7/10/04 15:14,Raining,Wet,Daylight,Industrial District-Industrial District,-122.3506749,47.568367
-122.32327,47.55980818,AIRPORT WAY S AND S EDMUNDS ST,2,Injury Collision,Left Turn,2,2,1,0,0,2/5/04,Overcast,Wet,Dark - Street Lights On,Industrial District-Industrial District,-122.3506749,47.568367
-122.3295413,47.55452043,4TH AVE S BETWEEN S BENNETT ST AND S BRANDON ST,2,Injury Collision,Rear Ended,3,2,1,0,0,1/9/04,Overcast,Wet,Daylight,Industrial District-Industrial District,-122.3506749,47.568367
-122.3337313,47.59031235,EDGAR MARTINEZ DR S BETWEEN 1ST AVE S AND OCCIDENTAL AVE S,1,Property Damage Only Collision,Other,1,1,0,0,0,2/26/04 11:20,Overcast,Dry,Daylight,Industrial District-Industrial District,-122.3506749,47.568367
-122.3244612,47.55980608,S EDMUNDS ST BETWEEN DEAD END 1 AND AIRPORT WAY S,1,Property Damage Only Collision,Parked Car,2,2,0,0,0,4/24/04 14:52,Clear or Partly Cloudy,Dry,Daylight,Industrial District-Industrial District,-122.3506749,47.568367
-122.3305441,47.57141363,S SPOKANE SR ST BETWEEN 2ND AVE S AND 4TH AVE S,0,Unknown,,0,0,0,0,0,12/28/04,,,,Industrial District-Industrial District,-122.3506749,47.568367
-122.3250713,47.59499594,MAYNARD AVE S AND S CHARLES ST,1,Property Damage Only Collision,Left Turn,3,2,0,0,0,11/15/04 17:13,Raining,Wet,Dark - Street Lights On,Industrial District-Industrial District,-122.3506749,47.568367
-122.3279435,47.56739037,S INDUSTRIAL WB WAY BETWEEN 4TH AVE S AND 6TH AVE S,1,Property Damage Only Collision,Other,2,2,0,0,0,11/22/04 14:51,Overcast,Dry,Daylight,Industrial District-Industrial District,-122.3506749,47.568367
-122.3290571,47.57876776,4TH AVE S BETWEEN S LANDER ST AND S FOREST ST,1,Property Damage Only Collision,Other,2,2,0,0,0,5/11/04 15:43,Clear or Partly Cloudy,Dry,Daylight,Industrial District-Industrial District,-122.3506749,47.568367
-122.3296081,47.59030825,EDGAR MARTINEZ DR S BETWEEN S ATLANTIC ST OFF RP AND 4TH AVE SB OFF RP,1,Property Damage Only Collision,Sideswipe,2,2,0,0,0,3/10/04 13:16,Clear or Partly Cloudy,Dry,Daylight,Industrial District-Industrial District,-122.3506749,47.568367
-122.3609466,47.72507634,3RD AVE NW AND NW 132ND ST,1,Property Damage Only Collision,Angles,3,2,0,0,0,4/3/13 14:57,Clear or Partly Cloudy,Dry,Daylight,Broadview-Broadview,-122.3678784,47.71962313
-122.3555513,47.72527507,GREENWOOD AVE N BETWEEN N 132ND ST AND N 133RD ST,2,Injury Collision,Rear Ended,2,2,1,0,0,4/26/04 21:45,Clear or Partly Cloudy,Dry,Dark - Street Lights On,Broadview-Broadview,-122.3678784,47.71962313
-122.3555559,47.72731779,GREENWOOD AVE N BETWEEN N 134TH ST AND N 136TH ST,0,Unknown,,0,0,0,0,0,5/14/19,,,,Broadview-Broadview,-122.3678784,47.71962313