X,Y,LOCATION,SEVERITYCODE,SEVERITYDESC,COLLISIONTYPE,PERSONCOUNT,VEHCOUNT,INJURIES,SERIOUSINJURIES,FATALITIES,INCDTTM,WEATHER,ROADCOND,LIGHTCOND,NEIGHBORHOOD,NX,NY
-122.3555559,47.72731779,GREENWOOD AVE N BETWEEN N 134TH ST AND N 136TH ST,1,Property Damage Only Collision,Left Turn,2,2,0,0,0,4/2/13 15:10,Overcast,Dry,Daylight,Broadview-Broadview,-122.3678784,47.71962313
-122.3554527,47.70508354,GREENWOOD AVE N AND HOLMAN RD N,0,Unknown,,1,0,0,0,0,4/1/13,,,,Broadview-Broadview,-122.3678784,47.71962313
-122.3555377,47.71938919,GREENWOOD AVE N BETWEEN RIDGEMONT WAY N AND N 125TH ST,1,Property Damage Only Collision,Other,1,1,0,0,0,1/6/07,Clear or Partly Cloudy,Ice,Daylight,Broadview-Broadview,-122.3678784,47.71962313
-122.3582503,47.7323212,1ST AVE NW AND NW 143RD ST,2,Injury Collision,Cycles,2,1,1,0,0,5/16/06 6:30,Clear or Partly Cloudy,Dry,Daylight,Broadview-Broadview,-122.3678784,47.71962313
-122.3568144,47.70872123,PALATINE AVE N AND N 110TH ST,2,Injury Collision,Angles,1,1,1,0,0,4/1/16 9:40,Clear or Partly Cloudy,Dry,Daylight,Broadview-Broadview,-122.3678784,47.71962313
-122.3668047,47.71124613,NW CARKEEK PARK RD BETWEEN 8TH AVE NW AND 9TH AVE NW,1,Property Damage Only Collision,Other,1,1,0,0,0,4/10/04 1:10,Clear or Partly Cloudy,Dry,Dark - No Street Lights,Broadview-Broadview,-122.3678784,47.71962313
-122.3568228,47.70962819,PALATINE AVE N BETWEEN N 110TH ST AND N 112TH ST,1,Property Damage Only Collision,Parked Car,2,2,0,0,0,1/27/04 10:44,Clear or Partly Cloudy,Dry,Daylight,Broadview-Broadview,-122.3678784,47.71962313
-122.3620439,47.71156079,NW 113TH PL BETWEEN 3RD AVE NW AND DEAD END,1,Property Damage Only Collision,Parked Car,2,2,0,0,0,10/25/14 22:00,Overcast,Wet,,Broadview-Broadview,-122.3678784,47.71962313
-122.3609466,47.72507634,3RD AVE NW AND NW 132ND ST,2b,Serious Injury Collision,Pedestrian,3,2,1,1,0,11/4/12 17:24,Overcast,Wet,Dark - Street Lights On,Broadview-Broadview,-122.3678784,47.71962313
-122.3609499,47.72326365,3RD AVE NW AND NW 130TH ST,2,Injury Collision,Angles,4,2,1,0,0,7/17/14 17:30,Clear or Partly Cloudy,Dry,Daylight,Broadview-Broadview,-122.3678784,47.71962313
-122.3554527,47.70508354,GREENWOOD AVE N AND HOLMAN RD N,0,Unknown,,0,0,0,0,0,11/12/04,,,,Broadview-Broadview,-122.3678784,47.71962313
-122.3555447,47.72232421,GREENWOOD AVE N BETWEEN N 127TH ST AND N 130TH ST,1,Property Damage Only Collision,Rear Ended,2,2,0,0,0,1/10/19 16:22,Clear or Partly Cloudy,Wet,Daylight,Broadview-Broadview,-122.3678784,47.71962313
-122.3609466,47.72507634,3RD AVE NW AND NW 132ND ST,2,Injury Collision,Angles,3,2,1,0,0,12/4/04,Raining,Wet,Dark - Street Lights On,Broadview-Broadview,-122.3678784,47.71962313
-122.3555703,47.73366663,GREENWOOD AVE N BETWEEN N 144TH ST AND N 145TH ST,0,Unknown,,0,0,0,0,0,1/12/18,,,,Broadview-Broadview,-122.3678784,47.71962313
-122.3555518,47.72550284,GREENWOOD AVE N AND N 133RD ST,1,Property Damage Only Collision,Right Turn,2,2,0,0,0,10/13/04 15:41,Clear or Partly Cloudy,Dry,Daylight,Broadview-Broadview,-122.3678784,47.71962313
-122.3555467,47.72323367,GREENWOOD AVE N AND N 130TH ST,2,Injury Collision,Angles,6,2,6,0,0,3/17/04 21:00,Clear or Partly Cloudy,Dry,Dark - Street Lights On,Broadview-Broadview,-122.3678784,47.71962313
-122.3555447,47.72232421,GREENWOOD AVE N BETWEEN N 127TH ST AND N 130TH ST,2,Injury Collision,Rear Ended,3,3,3,0,0,2/13/04 13:20,Clear or Partly Cloudy,Dry,Daylight,Broadview-Broadview,-122.3678784,47.71962313
-122.3555529,47.72595395,GREENWOOD AVE N BETWEEN N 133RD ST AND N 134TH ST,1,Property Damage Only Collision,Rear Ended,2,2,0,0,0,5/12/04 11:50,Clear or Partly Cloudy,Dry,Daylight,Broadview-Broadview,-122.3678784,47.71962313
-122.3555703,47.73366663,GREENWOOD AVE N BETWEEN N 144TH ST AND N 145TH ST,1,Property Damage Only Collision,Parked Car,2,2,0,0,0,12/1/04,Overcast,Wet,Dark - Street Lights On,Broadview-Broadview,-122.3678784,47.71962313
-122.3555406,47.72050806,GREENWOOD AVE N BETWEEN N 125TH ST AND N 127TH ST,2,Injury Collision,Rear Ended,5,3,1,0,0,6/12/04 21:18,Raining,Wet,Dark - Street Lights On,Broadview-Broadview,-122.3678784,47.71962313
-122.3555583,47.72874098,GREENWOOD AVE N AND N 137TH ST,0,Unknown,,0,0,0,0,0,4/8/04,,,,Broadview-Broadview,-122.3678784,47.71962313
-122.3609235,47.71690667,3RD AVE NW BETWEEN NW 120TH ST AND NW 122ND ST,1,Property Damage Only Collision,Other,1,1,0,0,0,9/11/04 2:10,Unknown,Unknown,Unknown,Broadview-Broadview,-122.3678784,47.71962313
-122.3466465,47.72230561,N 128TH ST BETWEEN LINDEN AVE N AND AURORA AVE N,1,Property Damage Only Collision,Parked Car,2,2,0,0,0,12/7/18 16:59,Clear or Partly Cloudy,Dry,Dark - No Street Lights,Bitter Lake-Bitter Lake,-122.3501428,47.71959321
-122.3448961,47.7171731,AURORA AVE N BETWEEN N 117TH PL AND N 125TH ST,2,Injury Collision,Cycles,2,1,1,0,0,3/14/13 17:30,Clear or Partly Cloudy,Dry,Daylight,Bitter Lake-Bitter Lake,-122.3501428,47.71959321
-122.3554736,47.70780506,GREENWOOD AVE N BETWEEN N 107TH ST AND N 110TH ST,1,Property Damage Only Collision,Parked Car,2,2,0,0,0,3/12/09 8:10,Clear or Partly Cloudy,Dry,Daylight,Bitter Lake-Bitter Lake,-122.3501428,47.71959321
-122.3448961,47.7171731,AURORA AVE N BETWEEN N 117TH PL AND N 125TH ST,2,Injury Collision,Sideswipe,2,2,1,0,0,4/1/13 10:45,Overcast,Dry,Daylight,Bitter Lake-Bitter Lake,-122.3501428,47.71959321
-122.3448961,47.7171731,AURORA AVE N BETWEEN N 117TH PL AND N 125TH ST,1,Property Damage Only Collision,Left Turn,2,2,0,0,0,3/26/13 16:41,Clear or Partly Cloudy,Dry,Daylight,Bitter Lake-Bitter Lake,-122.3501428,47.71959321
-122.3481953,47.72321838,LINDEN AVE N AND N 130TH ST,1,Property Damage Only Collision,Left Turn,2,2,0,0,0,8/30/04 13:33,Clear or Partly Cloudy,Dry,Daylight,Bitter Lake-Bitter Lake,-122.3501428,47.71959321
-122.3477905,47.73322022,LINDEN AVE N BETWEEN N 143RD ST AND N 145TH ST,1,Property Damage Only Collision,Angles,2,2,0,0,0,5/17/19 20:33,Clear or Partly Cloudy,Dry,Dusk,Bitter Lake-Bitter Lake,-122.3501428,47.71959321
-122.3448961,47.7171731,AURORA AVE N BETWEEN N 117TH PL AND N 125TH ST,1,Property Damage Only Collision,Other,4,2,0,0,0,10/4/04,Clear or Partly Cloudy,Dry,Daylight,Bitter Lake-Bitter Lake,-122.3501428,47.71959321
-122.3554875,47.70962032,GREENWOOD AVE N BETWEEN N 110TH ST AND N 112TH ST,1,Property Damage Only Collision,Other,1,1,0,0,0,5/11/15 13:13,Clear or Partly Cloudy,Dry,Daylight,Bitter Lake-Bitter Lake,-122.3501428,47.71959321
-122.3447064,47.7057972,AURORA AVE N BETWEEN N NORTHGATE WAY AND N 107TH S ST,1,Property Damage Only Collision,Parked Car,3,3,0,0,0,10/23/17 9:35,Clear or Partly Cloudy,Dry,Daylight,Bitter Lake-Bitter Lake,-122.3501428,47.71959321
-122.3465881,47.72321498,N 130TH ST BETWEEN LINDEN AVE N AND AURORA AVE N,1,Property Damage Only Collision,Rear Ended,2,2,0,0,0,4/15/07 21:58,Clear or Partly Cloudy,Dry,Dark - Street Lights On,Bitter Lake-Bitter Lake,-122.3501428,47.71959321
-122.3463653,47.72686059,N 135TH ST BETWEEN LINDEN AVE N AND AURORA AVE N,2,Injury Collision,Other,4,3,1,0,0,5/13/12 14:20,Clear or Partly Cloudy,Dry,Daylight,Bitter Lake-Bitter Lake,-122.3501428,47.71959321
-122.3447064,47.7057972,AURORA AVE N BETWEEN N NORTHGATE WAY AND N 107TH S ST,1,Property Damage Only Collision,Rear Ended,3,3,0,0,0,8/15/16 7:26,Clear or Partly Cloudy,Dry,Dawn,Bitter Lake-Bitter Lake,-122.3501428,47.71959321
-122.345027,47.72776725,AURORA AVE N BETWEEN N 135TH ST AND N 137TH ST,2,Injury Collision,Rear Ended,3,2,2,0,0,4/6/13 10:53,Raining,Wet,Daylight,Bitter Lake-Bitter Lake,-122.3501428,47.71959321
-122.3516219,47.72140813,EVANSTON AVE N AND N 127TH ST,1,Property Damage Only Collision,Angles,2,2,0,0,0,4/13/13 21:08,Overcast,Wet,Dark - Street Lights On,Bitter Lake-Bitter Lake,-122.3501428,47.71959321
-122.3515528,47.71414938,EVANSTON AVE N AND N 117TH ST,1,Property Damage Only Collision,,2,0,0,0,0,6/24/18,,,,Bitter Lake-Bitter Lake,-122.3501428,47.71959321
-122.345027,47.72776725,AURORA AVE N BETWEEN N 135TH ST AND N 137TH ST,2,Injury Collision,Rear Ended,4,2,2,0,0,12/15/04 20:34,Clear or Partly Cloudy,Dry,Dark - Street Lights On,Bitter Lake-Bitter Lake,-122.3501428,47.71959321
-122.3497664,47.73231424,N 143RD ST BETWEEN EVANSTON AVE N AND LINDEN AVE N,1,Property Damage Only Collision,Parked Car,2,2,0,0,0,2/20/04 21:12,Clear or Partly Cloudy,Dry,Dark - Street Lights On,Bitter Lake-Bitter Lake,-122.3501428,47.71959321
-122.3494529,47.71777058,NORTH PARK AVE N AND N 122ND ST,2,Injury Collision,Angles,3,2,1,0,0,6/14/04 13:54,Clear or Partly Cloudy,Dry,Daylight,Bitter Lake-Bitter Lake,-122.3501428,47.71959321
-122.3477905,47.73322022,LINDEN AVE N BETWEEN N 143RD ST AND N 145TH ST,1,Property Damage Only Collision,Other,1,1,0,0,0,1/14/04 8:20,Raining,Wet,Daylight,Bitter Lake-Bitter Lake,-122.3501428,47.71959321
-122.3479333,47.72503748,LINDEN AVE N BETWEEN N 130TH ST AND N 135TH ST,1,Property Damage Only Collision,Parked Car,2,2,0,0,0,3/31/13 17:00,Clear or Partly Cloudy,Dry,Daylight,Bitter Lake-Bitter Lake,-122.3501428,47.71959321
-122.3447064,47.7057972,AURORA AVE N BETWEEN N NORTHGATE WAY AND N 107TH S ST,2,Injury Collision,Rear Ended,4,3,1,0,0,4/7/14 12:04,Clear or Partly Cloudy,Dry,Daylight,Bitter Lake-Bitter Lake,-122.3501428,47.71959321
-122.3448137,47.71231922,AURORA AVE N AND N 115TH ST,1,Property Damage Only Collision,Left Turn,2,2,0,0,0,3/13/17 15:07,Raining,Wet,Daylight,Bitter Lake-Bitter Lake,-122.3501428,47.71959321
-122.3491258,47.71958391,N 125TH ST BETWEEN NORTH PARK AVE N AND INTERURBAN TRL,2,Injury Collision,Rear Ended,3,2,1,0,0,7/17/10 12:56,Clear or Partly Cloudy,Dry,Daylight,Bitter Lake-Bitter Lake,-122.3501428,47.71959321
-122.3448961,47.7171731,AURORA AVE N BETWEEN N 117TH PL AND N 125TH ST,1,Property Damage Only Collision,,2,0,0,0,0,6/9/16,,,,Bitter Lake-Bitter Lake,-122.3501428,47.71959321
-122.345037,47.72867768,AURORA AVE N AND N 137TH ST,1,Property Damage Only Collision,Angles,2,2,0,0,0,3/26/17 19:49,Raining,Wet,Dark - Street Lights On,Bitter Lake-Bitter Lake,-122.3501428,47.71959321
-122.3448137,47.71231922,AURORA AVE N AND N 115TH ST,2,Injury Collision,Pedestrian,2,1,1,0,0,3/5/08,Clear or Partly Cloudy,Dry,Daylight,Bitter Lake-Bitter Lake,-122.3501428,47.71959321
-122.3542133,47.71687667,PHINNEY AVE N BETWEEN N 120TH ST AND N 122ND ST,2,Injury Collision,Left Turn,2,2,1,0,0,8/12/07 17:55,Clear or Partly Cloudy,Dry,Daylight,Bitter Lake-Bitter Lake,-122.3501428,47.71959321
-122.3447064,47.7057972,AURORA AVE N BETWEEN N NORTHGATE WAY AND N 107TH S ST,1,Property Damage Only Collision,Other,1,1,0,0,0,6/13/13 14:25,Clear or Partly Cloudy,Dry,Daylight,Bitter Lake-Bitter Lake,-122.3501428,47.71959321
-122.3554597,47.7059898,GREENWOOD AVE N BETWEEN HOLMAN RD N AND N 107TH ST,2,Injury Collision,Rear Ended,3,3,1,0,0,5/6/15 9:38,Overcast,Dry,Daylight,Bitter Lake-Bitter Lake,-122.3501428,47.71959321
-122.3448961,47.7171731,AURORA AVE N BETWEEN N 117TH PL AND N 125TH ST,2,Injury Collision,Other,3,2,1,0,0,6/7/04,Overcast,Dry,Daylight,Bitter Lake-Bitter Lake,-122.3501428,47.71959321
-122.3448137,47.71231922,AURORA AVE N AND N 115TH ST,2,Injury Collision,Pedestrian,3,1,1,0,0,2/15/19 13:00,Overcast,Wet,Daylight,Bitter Lake-Bitter Lake,-122.3501428,47.71959321
-122.3501448,47.70870003,FREMONT AVE N AND N 110TH ST,0,Unknown,,0,0,0,0,0,4/1/04,,,,Bitter Lake-Bitter Lake,-122.3501428,47.71959321
-122.3492804,47.72322066,N 130TH ST BETWEEN FREMONT AVE N AND LINDEN AVE N,2b,Serious Injury Collision,Parked Car,3,2,1,1,0,2/20/04 10:54,Clear or Partly Cloudy,Dry,Daylight,Bitter Lake-Bitter Lake,-122.3501428,47.71959321
-122.345027,47.72776725,AURORA AVE N BETWEEN N 135TH ST AND N 137TH ST,1,Property Damage Only Collision,Rear Ended,4,3,0,0,0,4/13/13 11:05,Clear or Partly Cloudy,Dry,Daylight,Bitter Lake-Bitter Lake,-122.3501428,47.71959321
-122.345017,47.72685956,AURORA AVE N AND N 135TH ST,1,Property Damage Only Collision,Rear Ended,2,2,0,0,0,3/28/13 7:25,Unknown,Unknown,Daylight,Bitter Lake-Bitter Lake,-122.3501428,47.71959321
-122.3522684,47.72322487,N 130TH ST BETWEEN DAYTON AVE N AND EVANSTON AVE N,0,Unknown,,0,0,0,0,0,11/29/04,,,,Bitter Lake-Bitter Lake,-122.3501428,47.71959321
-122.345047,47.7295848,AURORA AVE N BETWEEN N 137TH ST AND N 140TH ST,0,Unknown,,0,0,0,0,0,4/9/19,,,,Bitter Lake-Bitter Lake,-122.3501428,47.71959321
-122.345047,47.7295848,AURORA AVE N BETWEEN N 137TH ST AND N 140TH ST,2,Injury Collision,Rear Ended,3,2,2,0,0,3/23/18 16:55,Overcast,Wet,Daylight,Bitter Lake-Bitter Lake,-122.3501428,47.71959321
-122.3515528,47.71414938,EVANSTON AVE N AND N 117TH ST,0,Unknown,,0,0,0,0,0,10/25/04,,,,Bitter Lake-Bitter Lake,-122.3501428,47.71959321
-122.3495322,47.72738769,NORTH PARK AVE N BETWEEN DEAD END 2 AND N 137TH ST,1,Property Damage Only Collision,Parked Car,2,2,0,0,0,9/20/04 13:00,Other,Unknown,Other,Bitter Lake-Bitter Lake,-122.3501428,47.71959321
-122.3548108,47.72640683,N 134TH ST BETWEEN GREENWOOD AVE N AND BITTER PL N,1,Property Damage Only Collision,Parked Car,2,2,0,0,0,11/4/04,Clear or Partly Cloudy,Dry,Dark - Street Lights On,Bitter Lake-Bitter Lake,-122.3501428,47.71959321
-122.3447952,47.71119659,AURORA AVE N BETWEEN N 112TH ST AND N 115TH ST,1,Property Damage Only Collision,Rear Ended,4,2,0,0,0,11/16/04 18:29,Overcast,Wet,Dark - Street Lights On,Bitter Lake-Bitter Lake,-122.3501428,47.71959321
-122.3515736,47.71596294,EVANSTON AVE N AND N 120TH ST,2,Injury Collision,Angles,3,2,2,0,0,9/23/04 17:33,Clear or Partly Cloudy,Dry,Daylight,Bitter Lake-Bitter Lake,-122.3501428,47.71959321
-122.354873,47.71959953,N 125TH ST BETWEEN GREENWOOD AVE N AND PHINNEY AVE N,2,Injury Collision,Other,2,2,2,0,0,7/22/04 13:40,Clear or Partly Cloudy,Dry,Daylight,Bitter Lake-Bitter Lake,-122.3501428,47.71959321
-122.3830357,47.69898148,21ST AVE NW AND NW 96TH ST,1,Property Damage Only Collision,Angles,3,2,0,0,0,12/15/18 19:38,Raining,Wet,Dark - Street Lights On,North Beach - Blue Ridge-North Beach - Blue Ridge,-122.3817122,47.70086199
-122.3844798,47.69434544,NW 90TH ST BETWEEN 22ND AVE NW AND 23RD AVE NW,0,Unknown,,0,0,0,0,0,1/6/05,,,,North Beach - Blue Ridge-North Beach - Blue Ridge,-122.3817122,47.70086199
-122.3653634,47.71017455,NW CARKEEK PARK RD BETWEEN POINT B AND POINT C,2,Injury Collision,Other,1,1,1,0,0,8/30/07 16:20,Clear or Partly Cloudy,Dry,Daylight,North Beach - Blue Ridge-North Beach - Blue Ridge,-122.3817122,47.70086199
-122.3613163,47.70693549,NW 107TH ST BETWEEN 3RD AVE NW AND 4TH AVE NW,1,Property Damage Only Collision,Parked Car,2,2,0,0,0,1/26/18 7:57,Raining,Wet,Dark - Street Lights On,North Beach - Blue Ridge-North Beach - Blue Ridge,-122.3817122,47.70086199
-122.3800234,47.69242082,18TH AVE NW AND NW 87TH ST,1,Property Damage Only Collision,Other,2,1,0,0,0,3/31/13 23:23,Clear or Partly Cloudy,Dry,Dark - Street Lights On,Crown Hill-Crown Hill,-122.3746771,47.6978997
-122.3773428,47.69060745,NW 85TH ST BETWEEN 15TH AVE NW AND 16TH AVE NW,1,Property Damage Only Collision,Sideswipe,3,2,0,0,0,1/26/06 8:15,Overcast,Wet,Daylight,Crown Hill-Crown Hill,-122.3746771,47.6978997
-122.3754466,47.69788717,MARY AVE NW AND NW 95TH ST,1,Property Damage Only Collision,Other,1,1,0,0,0,12/14/05 15:15,Clear or Partly Cloudy,Dry,Daylight,Crown Hill-Crown Hill,-122.3746771,47.6978997
-122.37482,47.69519728,HOLMAN RD NW BETWEEN MARY AVE NW AND 14TH AVE NW,1,Property Damage Only Collision,Rear Ended,2,2,0,0,0,7/5/06,Overcast,Dry,Daylight,Crown Hill-Crown Hill,-122.3746771,47.6978997
-122.3768044,47.69151793,15TH AVE NW BETWEEN NW 85TH ST AND NW 87TH ST,1,Property Damage Only Collision,Other,1,1,0,0,0,5/10/19 22:00,Clear or Partly Cloudy,Dry,Dark - Street Lights On,Crown Hill-Crown Hill,-122.3746771,47.6978997
-122.3767854,47.698985,15TH AVE NW AND NW 96TH ST,1,Property Damage Only Collision,Other,1,1,0,0,0,7/14/05 2:00,Overcast,Dry,Dark - Street Lights On,Crown Hill-Crown Hill,-122.3746771,47.6978997
-122.3768044,47.69151793,15TH AVE NW BETWEEN NW 85TH ST AND NW 87TH ST,1,Property Damage Only Collision,Other,2,2,0,0,0,12/10/05 13:06,Clear or Partly Cloudy,Dry,Daylight,Crown Hill-Crown Hill,-122.3746771,47.6978997
-122.3754503,47.69472109,HOLMAN RD NW AND MARY AVE NW,1,Property Damage Only Collision,Left Turn,2,2,0,0,0,10/31/06 7:18,Clear or Partly Cloudy,Dry,Daylight,Crown Hill-Crown Hill,-122.3746771,47.6978997
-122.3768061,47.69060911,15TH AVE NW AND NW 85TH ST,1,Property Damage Only Collision,Sideswipe,2,2,0,0,0,3/20/13 16:08,Clear or Partly Cloudy,Dry,Daylight,Crown Hill-Crown Hill,-122.3746771,47.6978997
-122.378418,47.69060413,NW 85TH ST BETWEEN 16TH AVE NW AND 17TH AVE NW,2,Injury Collision,Pedestrian,2,1,1,0,0,1/25/05 17:35,Clear or Partly Cloudy,Dry,Dark - Street Lights On,Crown Hill-Crown Hill,-122.3746771,47.6978997
-122.3727628,47.69062654,13TH AVE NW AND NW 85TH ST,2,Injury Collision,Cycles,2,1,1,0,0,6/7/11,Clear or Partly Cloudy,Dry,Daylight,Crown Hill-Crown Hill,-122.3746771,47.6978997
-122.3768061,47.69060911,15TH AVE NW AND NW 85TH ST,2,Injury Collision,Pedestrian,2,1,1,0,0,2/24/04 11:00,Clear or Partly Cloudy,Dry,Daylight,Crown Hill-Crown Hill,-122.3746771,47.6978997
-122.3767773,47.70026373,15TH AVE NW BETWEEN NW 96TH ST AND NW 100TH ST,1,Property Damage Only Collision,Other,1,1,0,0,0,7/28/04 1:51,Clear or Partly Cloudy,Dry,Dark - Street Lights Off,Crown Hill-Crown Hill,-122.3746771,47.6978997
-122.366721,47.69936571,HOLMAN RD NW BETWEEN 9TH AVE NW AND 7TH AVE NW,1,Property Damage Only Collision,Sideswipe,2,2,0,0,0,6/22/16 15:40,Clear or Partly Cloudy,Dry,Daylight,Crown Hill-Crown Hill,-122.3746771,47.6978997
-122.3768044,47.69151793,15TH AVE NW BETWEEN NW 85TH ST AND NW 87TH ST,2,Injury Collision,Sideswipe,2,2,1,0,0,2/13/11 14:45,Clear or Partly Cloudy,Dry,Daylight,Crown Hill-Crown Hill,-122.3746771,47.6978997
-122.3756891,47.69448839,HOLMAN RD NW BETWEEN NW 90TH ST AND MARY AVE NW,1,Property Damage Only Collision,Rear Ended,2,2,0,0,0,10/13/04 19:23,Clear or Partly Cloudy,Dry,Dark - Street Lights On,Crown Hill-Crown Hill,-122.3746771,47.6978997
-122.373431,47.69062367,NW 85TH ST BETWEEN 13TH AVE NW AND 14TH AVE NW,1,Property Damage Only Collision,Angles,2,2,0,0,0,4/5/04,Clear or Partly Cloudy,Dry,Daylight,Crown Hill-Crown Hill,-122.3746771,47.6978997
-122.373431,47.69062367,NW 85TH ST BETWEEN 13TH AVE NW AND 14TH AVE NW,1,Property Damage Only Collision,Sideswipe,4,2,0,0,0,4/5/13 16:56,Raining,Wet,Daylight,Crown Hill-Crown Hill,-122.3746771,47.6978997
-122.3768061,47.69060911,15TH AVE NW AND NW 85TH ST,1,Property Damage Only Collision,Angles,2,2,0,0,0,6/11/04 15:45,Clear or Partly Cloudy,Dry,Daylight,Crown Hill-Crown Hill,-122.3746771,47.6978997
-122.3727552,47.6951583,13TH AVE NW BETWEEN NW 90TH ST AND NW 92ND ST,1,Property Damage Only Collision,Parked Car,2,2,0,0,0,8/17/04 19:54,Clear or Partly Cloudy,Dry,Daylight,Crown Hill-Crown Hill,-122.3746771,47.6978997
-122.3607427,47.70239956,3RD AVE NW AND HOLMAN RD NW,2,Injury Collision,Angles,5,2,1,0,0,4/1/13 19:41,Clear or Partly Cloudy,Dry,Dusk,Greenwood-Greenwood,-122.3552861,47.69421928
-122.360753,47.70366816,3RD AVE NW AND NW 103RD N ST,1,Property Damage Only Collision,Other,1,1,0,0,0,3/27/13 2:41,Overcast,Dry,Dark - Street Lights On,Greenwood-Greenwood,-122.3552861,47.69421928
-122.3472071,47.69057079,LINDEN AVE N AND N 85TH ST,1,Property Damage Only Collision,Angles,2,2,0,0,0,5/17/19 16:04,Clear or Partly Cloudy,Dry,Daylight,Greenwood-Greenwood,-122.3552861,47.69421928
-122.357349,47.70412128,HOLMAN RD N BETWEEN NW 103RD ST AND N 104TH ST,1,Property Damage Only Collision,Other,2,2,0,0,0,8/25/05 11:35,Clear or Partly Cloudy,Dry,Daylight,Greenwood-Greenwood,-122.3552861,47.69421928
-122.3473466,47.70179864,LINDEN AVE N BETWEEN N 100TH ST AND N 101ST ST,1,Property Damage Only Collision,Other,1,1,0,0,0,12/15/05 9:44,Overcast,Wet,Daylight,Greenwood-Greenwood,-122.3552861,47.69421928
-122.3446898,47.70468772,AURORA AVE N BETWEEN N 104TH ST AND N NORTHGATE WAY,2,Injury Collision,Rear Ended,2,2,1,0,0,3/22/13 19:26,Clear or Partly Cloudy,Dry,Daylight,Greenwood-Greenwood,-122.3552861,47.69421928
-122.3445391,47.69201179,AURORA AVE N AND N 87TH ST,2,Injury Collision,Left Turn,3,2,1,0,0,7/1/05,Overcast,Dry,Daylight,Greenwood-Greenwood,-122.3552861,47.69421928
-122.3553063,47.69150544,GREENWOOD AVE N BETWEEN N 85TH ST AND N 87TH ST,1,Property Damage Only Collision,Rear Ended,2,2,0,0,0,4/3/13 21:29,Clear or Partly Cloudy,Dry,Dark - Street Lights On,Greenwood-Greenwood,-122.3552861,47.69421928
-122.3472973,47.69734203,LINDEN AVE N BETWEEN N 94TH ST AND N 95TH ST,1,Property Damage Only Collision,Parked Car,2,2,0,0,0,2/12/06 11:39,Unknown,Unknown,Unknown,Greenwood-Greenwood,-122.3552861,47.69421928
-122.3499119,47.69057898,FREMONT AVE N AND N 85TH ST,1,Property Damage Only Collision,Left Turn,3,2,0,0,0,5/11/19 15:18,Clear or Partly Cloudy,Dry,Daylight,Greenwood-Greenwood,-122.3552861,47.69421928
-122.3660347,47.69786483,8TH AVE NW AND NW 95TH ST,1,Property Damage Only Collision,Angles,2,2,0,0,0,3/25/13 16:33,Clear or Partly Cloudy,Dry,Daylight,Greenwood-Greenwood,-122.3552861,47.69421928
-122.3633259,47.68693779,6TH AVE NW AND NW 80TH ST,2,Injury Collision,Angles,2,2,1,0,0,12/13/18 20:26,Clear or Partly Cloudy,Wet,Dark - Street Lights On,Greenwood-Greenwood,-122.3552861,47.69421928
-122.3445478,47.69273738,AURORA AVE N AND N 88TH N ST,1,Property Damage Only Collision,Left Turn,3,3,0,0,0,10/26/05 7:24,Clear or Partly Cloudy,Dry,Daylight,Greenwood-Greenwood,-122.3552861,47.69421928
-122.3446511,47.70142998,AURORA AVE N AND N 100TH ST,1,Property Damage Only Collision,Right Turn,2,2,0,0,0,1/20/06 22:40,Clear or Partly Cloudy,Wet,Dark - Street Lights On,Greenwood-Greenwood,-122.3552861,47.69421928
-122.3614049,47.70206353,HOLMAN RD NW BETWEEN 4TH AVE NW AND 3RD AVE NW,1,Property Damage Only Collision,Rear Ended,2,2,0,0,0,4/11/05 18:31,Raining,Wet,Dusk,Greenwood-Greenwood,-122.3552861,47.69421928
-122.3593116,47.68474141,NW 77TH ST BETWEEN 1ST AVE NW AND 3RD AVE NW,0,Unknown,,0,0,0,0,0,3/23/13,,,,Greenwood-Greenwood,-122.3552861,47.69421928
-122.3619871,47.68766278,NW 81ST ST BETWEEN 3RD AVE NW AND 6TH AVE NW,1,Property Damage Only Collision,Parked Car,2,2,0,0,0,11/3/08,Raining,Wet,Dusk,Greenwood-Greenwood,-122.3552861,47.69421928
-122.3512527,47.68693981,N 80TH ST BETWEEN DAYTON AVE N AND FREMONT AVE N,2,Injury Collision,Parked Car,2,2,1,0,0,3/12/11 2:30,Raining,Wet,Dark - Street Lights On,Greenwood-Greenwood,-122.3552861,47.69421928
-122.3538553,47.68402065,N 76TH ST BETWEEN GREENWOOD AVE N AND DAYTON AVE N,0,Unknown,,0,0,0,0,0,4/30/04,,,,Greenwood-Greenwood,-122.3552861,47.69421928
-122.3472071,47.69057079,LINDEN AVE N AND N 85TH ST,1,Property Damage Only Collision,Left Turn,4,2,0,0,0,12/7/18 16:47,Clear or Partly Cloudy,Dry,Dark - Street Lights On,Greenwood-Greenwood,-122.3552861,47.69421928
-122.3553583,47.69602772,GREENWOOD AVE N AND N 92ND ST,2,Injury Collision,Left Turn,3,2,1,0,0,5/12/19 19:14,Clear or Partly Cloudy,Dry,Daylight,Greenwood-Greenwood,-122.3552861,47.69421928
-122.3607382,47.70184925,3RD AVE NW BETWEEN NW 100TH ST AND NW 101ST ST,0,Unknown,,0,0,0,0,0,5/11/19,,,,Greenwood-Greenwood,-122.3552861,47.69421928
-122.3458653,47.68838891,N 82ND ST BETWEEN LINDEN AVE N AND AURORA AVE N,0,Unknown,,0,0,0,0,0,3/28/13,,,,Greenwood-Greenwood,-122.3552861,47.69421928