X,Y,LOCATION,SEVERITYCODE,SEVERITYDESC,COLLISIONTYPE,PERSONCOUNT,VEHCOUNT,INJURIES,SERIOUSINJURIES,FATALITIES,INCDTTM,WEATHER,ROADCOND,LIGHTCOND,NEIGHBORHOOD,NX,NY
-122.3500616,47.70397958,FREMONT AVE N BETWEEN N 103RD ST AND N 104TH ST,1,Property Damage Only Collision,Other,1,1,0,0,0,8/5/05,Clear or Partly Cloudy,Dry,Dusk,Greenwood-Greenwood,-122.3552861,47.69421928
-122.3553972,47.69978542,GREENWOOD AVE N BETWEEN N 97TH ST AND N GREENWOOD CIR,0,Unknown,,0,0,0,0,0,8/23/04,,,,Greenwood-Greenwood,-122.3552861,47.69421928
-122.344565,47.69418567,AURORA AVE N AND N 90TH ST,2,Injury Collision,Angles,2,2,1,0,0,12/12/18 19:29,Raining,Wet,Dark - Street Lights On,Greenwood-Greenwood,-122.3552861,47.69421928
-122.3553063,47.69150544,GREENWOOD AVE N BETWEEN N 85TH ST AND N 87TH ST,1,Property Damage Only Collision,Parked Car,2,2,0,0,0,7/6/05,Clear or Partly Cloudy,Dry,Dark - Street Lights On,Greenwood-Greenwood,-122.3552861,47.69421928
-122.3660043,47.68583035,8TH AVE NW BETWEEN NW 78TH ST AND NW 79TH ST,1,Property Damage Only Collision,Parked Car,3,3,0,0,0,2/24/06 6:29,Sleet/Hail/Freezing Rain,Ice,Dark - Street Lights On,Greenwood-Greenwood,-122.3552861,47.69421928
-122.3553005,47.68838959,GREENWOOD AVE N AND N 82ND ST,1,Property Damage Only Collision,Angles,5,3,0,0,0,4/27/13 19:13,Overcast,Dry,Daylight,Greenwood-Greenwood,-122.3552861,47.69421928
-122.3619828,47.68983403,NW 84TH ST BETWEEN 3RD AVE NW AND 6TH AVE NW,1,Property Damage Only Collision,Parked Car,2,2,0,0,0,1/5/13 14:30,Overcast,Wet,Daylight,Greenwood-Greenwood,-122.3552861,47.69421928
-122.3499054,47.68693908,FREMONT AVE N AND N 80TH ST,1,Property Damage Only Collision,Left Turn,2,2,0,0,0,11/18/09 18:45,Raining,Wet,Dark - Street Lights On,Greenwood-Greenwood,-122.3552861,47.69421928
-122.3660017,47.68693636,8TH AVE NW AND NW 80TH ST,2,Injury Collision,Angles,3,2,2,0,0,5/5/08,Clear or Partly Cloudy,Dry,Dark - Street Lights Off,Greenwood-Greenwood,-122.3552861,47.69421928
-122.3446941,47.70505121,AURORA AVE N AND N NORTHGATE WAY,1,Property Damage Only Collision,Left Turn,2,2,0,0,0,4/1/16 22:30,Clear or Partly Cloudy,Dry,Dark - Street Lights On,Greenwood-Greenwood,-122.3552861,47.69421928
-122.3607419,47.70230683,3RD AVE NW BETWEEN NW 101ST ST AND HOLMAN RD NW,2,Injury Collision,Rear Ended,3,2,1,0,0,2/9/14 19:02,Raining,Wet,Dark - Street Lights On,Greenwood-Greenwood,-122.3552861,47.69421928
-122.3499054,47.68693908,FREMONT AVE N AND N 80TH ST,1,Property Damage Only Collision,Left Turn,3,2,0,0,0,12/4/10 15:24,Clear or Partly Cloudy,Dry,Daylight,Greenwood-Greenwood,-122.3552861,47.69421928
-122.3453665,47.70505326,N 105TH ST BETWEEN WHITMAN AVE N AND AURORA AVE N,1,Property Damage Only Collision,Angles,2,2,0,0,0,3/18/13 11:00,Clear or Partly Cloudy,Dry,Daylight,Greenwood-Greenwood,-122.3552861,47.69421928
-122.357975,47.68620434,1ST AVE NW AND NW 79TH ST,1,Property Damage Only Collision,Angles,3,3,0,0,0,1/23/17 20:55,Clear or Partly Cloudy,Dry,Dark - Street Lights On,Greenwood-Greenwood,-122.3552861,47.69421928
-122.3660103,47.68326298,8TH AVE NW AND NW 75TH ST,1,Property Damage Only Collision,Angles,3,2,0,0,0,12/30/08 10:32,Overcast,Dry,Daylight,Greenwood-Greenwood,-122.3552861,47.69421928
-122.3527631,47.70507555,DAYTON AVE N AND N 105TH ST,2,Injury Collision,Left Turn,2,2,1,0,0,3/21/17 16:59,Clear or Partly Cloudy,Dry,Daylight,Greenwood-Greenwood,-122.3552861,47.69421928
-122.3593147,47.69061787,NW 85TH ST BETWEEN 1ST AVE NW AND 3RD AVE NW,2,Injury Collision,Left Turn,4,2,1,0,0,4/4/13 14:07,Raining,Wet,Daylight,Greenwood-Greenwood,-122.3552861,47.69421928
-122.3607427,47.70239956,3RD AVE NW AND HOLMAN RD NW,1,Property Damage Only Collision,Left Turn,2,2,0,0,0,4/9/13 17:04,Clear or Partly Cloudy,Dry,Daylight,Greenwood-Greenwood,-122.3552861,47.69421928
-122.3619874,47.69135671,NW 86TH ST BETWEEN 3RD AVE NW AND 6TH AVE NW,1,Property Damage Only Collision,Sideswipe,2,2,0,0,0,4/7/13 0:39,Raining,Wet,Dark - Street Lights On,Greenwood-Greenwood,-122.3552861,47.69421928
-122.3606534,47.68364075,3RD AVE NW BETWEEN NW 75TH ST AND NW 76TH ST,2,Injury Collision,Parked Car,4,2,3,0,0,2/5/04,Overcast,Dry,Daylight,Greenwood-Greenwood,-122.3552861,47.69421928
-122.3546542,47.69421491,N 90TH ST BETWEEN GREENWOOD AVE N AND PHINNEY AVE N,1,Property Damage Only Collision,Parked Car,3,3,0,0,0,11/9/04,Overcast,Dry,Daylight,Greenwood-Greenwood,-122.3552861,47.69421928
-122.3532855,47.69241234,N 87TH ST BETWEEN PHINNEY AVE N AND DAYTON AVE N,1,Property Damage Only Collision,Parked Car,2,2,0,0,0,3/1/04,Clear or Partly Cloudy,Dry,Dark - Street Lights On,Greenwood-Greenwood,-122.3552861,47.69421928
-122.3660347,47.69786483,8TH AVE NW AND NW 95TH ST,1,Property Damage Only Collision,Angles,4,2,0,0,0,4/10/13 8:04,Overcast,Wet,Daylight,Greenwood-Greenwood,-122.3552861,47.69421928
-122.3532855,47.69241234,N 87TH ST BETWEEN PHINNEY AVE N AND DAYTON AVE N,1,Property Damage Only Collision,Parked Car,2,2,0,0,0,6/6/04,Clear or Partly Cloudy,Dry,Daylight,Greenwood-Greenwood,-122.3552861,47.69421928
-122.3472164,47.68911248,LINDEN AVE N AND N 83RD ST,2,Injury Collision,Angles,2,2,2,0,0,4/12/13 14:05,Raining,Wet,Daylight,Greenwood-Greenwood,-122.3552861,47.69421928
-122.3553489,47.69512229,GREENWOOD AVE N BETWEEN N 90TH ST AND N 92ND ST,2,Injury Collision,Other,2,2,2,0,0,7/22/04 19:45,Clear or Partly Cloudy,Dry,Daylight,Greenwood-Greenwood,-122.3552861,47.69421928
-122.3493968,47.70506547,N 105TH ST BETWEEN FREMONT AVE N AND NORTH PARK AVE N,1,Property Damage Only Collision,Rear Ended,5,3,0,0,0,4/16/04 9:49,Raining,Wet,Daylight,Greenwood-Greenwood,-122.3552861,47.69421928
-122.3561572,47.70472613,HOLMAN RD N BETWEEN N 104TH ST AND GREENWOOD AVE N,0,Unknown,,0,0,0,0,0,9/11/04,,,,Greenwood-Greenwood,-122.3552861,47.69421928
-122.3445693,47.6945466,AURORA AVE N BETWEEN N 90TH ST AND N 91ST ST,2,Injury Collision,Rear Ended,5,3,1,0,0,3/29/13 14:47,Clear or Partly Cloudy,Dry,Daylight,Greenwood-Greenwood,-122.3552861,47.69421928
-122.3553017,47.69021483,GREENWOOD AVE N BETWEEN N 84TH ST AND N 85TH ST,1,Property Damage Only Collision,Sideswipe,3,2,0,0,0,5/23/06 10:16,Raining,Wet,Daylight,Greenwood-Greenwood,-122.3552861,47.69421928
-122.3539519,47.68983661,N 84TH ST BETWEEN GREENWOOD AVE N AND DAYTON AVE N,1,Property Damage Only Collision,Rear Ended,3,2,0,0,0,3/25/13 18:46,Clear or Partly Cloudy,Dry,Daylight,Greenwood-Greenwood,-122.3552861,47.69421928
-122.3566369,47.68694119,N 80TH ST BETWEEN 1ST AVE NW AND GREENWOOD AVE N,2,Injury Collision,Rear Ended,3,2,2,0,0,8/14/05 12:07,Clear or Partly Cloudy,Dry,Daylight,Greenwood-Greenwood,-122.3552861,47.69421928
-122.3499119,47.69057898,FREMONT AVE N AND N 85TH ST,2,Injury Collision,Angles,2,2,1,0,0,11/18/13 21:25,Raining,Wet,Dark - Street Lights On,Greenwood-Greenwood,-122.3552861,47.69421928
-122.3453665,47.70505326,N 105TH ST BETWEEN WHITMAN AVE N AND AURORA AVE N,1,Property Damage Only Collision,,1,0,0,0,0,12/10/15,,,,Greenwood-Greenwood,-122.3552861,47.69421928
-122.3578695,47.70328714,1ST AVE NW BETWEEN DEAD END 2 AND NW 103RD ST,1,Property Damage Only Collision,Parked Car,2,2,0,0,0,5/25/12 7:20,Unknown,Unknown,Unknown,Greenwood-Greenwood,-122.3552861,47.69421928
-122.3553208,47.69241844,GREENWOOD AVE N AND N 87TH ST,2,Injury Collision,Rear Ended,2,2,1,0,0,2/10/10 1:07,Fog/Smog/Smoke,Dry,Dark - Street Lights On,Greenwood-Greenwood,-122.3552861,47.69421928
-122.3526027,47.68911218,DAYTON AVE N AND N 83RD ST,0,Unknown,,0,0,0,0,0,5/24/17,,,,Greenwood-Greenwood,-122.3552861,47.69421928
-122.3526673,47.69602018,DAYTON AVE N AND N 92ND ST,2,Injury Collision,Angles,2,2,2,0,0,10/3/08,Overcast,Dry,Daylight,Greenwood-Greenwood,-122.3552861,47.69421928
-122.3561572,47.70472613,HOLMAN RD N BETWEEN N 104TH ST AND GREENWOOD AVE N,1,Property Damage Only Collision,Angles,4,4,0,0,0,1/29/09 13:00,Overcast,Dry,Daylight,Greenwood-Greenwood,-122.3552861,47.69421928
-122.3593147,47.69061787,NW 85TH ST BETWEEN 1ST AVE NW AND 3RD AVE NW,0,Unknown,,0,0,0,0,0,8/16/13,,,,Greenwood-Greenwood,-122.3552861,47.69421928
-122.3633924,47.70105496,6TH AVE NW AND HOLMAN RD NW,1,Property Damage Only Collision,Angles,2,2,0,0,0,10/25/15 7:44,Raining,Wet,Daylight,Greenwood-Greenwood,-122.3552861,47.69421928
-122.357314,47.69060655,N 85TH ST BETWEEN 1ST AVE NW AND PALATINE AVE N,1,Property Damage Only Collision,Rear Ended,3,3,0,0,0,5/13/09 17:00,Raining,Wet,Daylight,Greenwood-Greenwood,-122.3552861,47.69421928
-122.350019,47.69963475,FREMONT AVE N AND N 97TH ST,1,Property Damage Only Collision,Other,1,1,0,0,0,12/15/12 22:56,Clear or Partly Cloudy,Wet,Dark - Street Lights On,Greenwood-Greenwood,-122.3552861,47.69421928
-122.3472071,47.69057079,LINDEN AVE N AND N 85TH ST,2,Injury Collision,Angles,2,2,1,0,0,11/15/14 12:10,Clear or Partly Cloudy,Dry,Daylight,Greenwood-Greenwood,-122.3552861,47.69421928
-122.3606538,47.68327596,3RD AVE NW AND NW 75TH ST,1,Property Damage Only Collision,Angles,2,2,0,0,0,10/5/14 8:56,Clear or Partly Cloudy,Dry,Daylight,Greenwood-Greenwood,-122.3552861,47.69421928
-122.355298,47.68438165,GREENWOOD AVE N BETWEEN N 76TH ST AND N 77TH ST,2,Injury Collision,Cycles,0,1,1,0,0,5/8/15 13:20,Clear or Partly Cloudy,Dry,Daylight,Greenwood-Greenwood,-122.3552861,47.69421928
-122.3633259,47.68693779,6TH AVE NW AND NW 80TH ST,1,Property Damage Only Collision,Left Turn,3,2,0,0,0,3/4/11 21:42,Raining,Wet,Dark - Street Lights On,Greenwood-Greenwood,-122.3552861,47.69421928
-122.3607419,47.70230683,3RD AVE NW BETWEEN NW 101ST ST AND HOLMAN RD NW,1,Property Damage Only Collision,Rear Ended,2,2,0,0,0,11/11/16 14:44,Clear or Partly Cloudy,Dry,Daylight,Greenwood-Greenwood,-122.3552861,47.69421928
-122.344565,47.69418567,AURORA AVE N AND N 90TH ST,2,Injury Collision,Left Turn,5,2,1,0,0,4/10/15 18:42,Raining,Wet,Daylight,Greenwood-Greenwood,-122.3552861,47.69421928
-122.3458553,47.68403643,N 76TH ST BETWEEN LINDEN AVE N AND AURORA AVE N,1,Property Damage Only Collision,Parked Car,2,2,0,0,0,5/23/16 22:14,Clear or Partly Cloudy,Dry,Dark - Street Lights On,Greenwood-Greenwood,-122.3552861,47.69421928
-122.3606475,47.69062539,3RD AVE NW AND NW 85TH ST,1,Property Damage Only Collision,Angles,2,2,0,0,0,6/13/15 19:45,Clear or Partly Cloudy,Dry,Daylight,Greenwood-Greenwood,-122.3552861,47.69421928
-122.3458553,47.68403643,N 76TH ST BETWEEN LINDEN AVE N AND AURORA AVE N,1,Property Damage Only Collision,Parked Car,2,2,0,0,0,8/13/15 17:45,Unknown,Unknown,Unknown,Greenwood-Greenwood,-122.3552861,47.69421928
-122.355974,47.69059894,N 85TH ST BETWEEN PALATINE AVE N AND GREENWOOD AVE N,1,Property Damage Only Collision,Rear Ended,2,2,0,0,0,12/4/15 6:40,Overcast,Wet,Dawn,Greenwood-Greenwood,-122.3552861,47.69421928
-122.3508723,47.7028953,EVANSTON AVE N AND N 102ND ST,1,Property Damage Only Collision,Angles,2,2,0,0,0,5/26/10 13:09,Overcast,Wet,Daylight,Greenwood-Greenwood,-122.3552861,47.69421928
-122.3620517,47.6996745,4TH AVE NW AND NW 97TH ST,1,Property Damage Only Collision,Angles,2,2,0,0,0,6/15/14 17:02,Clear or Partly Cloudy,Dry,Daylight,Greenwood-Greenwood,-122.3552861,47.69421928
-122.3511161,47.70506868,N 105TH ST BETWEEN EVANSTON W AVE N AND EVANSTON E AVE N,2,Injury Collision,Sideswipe,2,2,1,0,0,6/8/09,Clear or Partly Cloudy,Dry,Daylight,Greenwood-Greenwood,-122.3552861,47.69421928
-122.3468001,47.68366976,LINDEN AVE N BETWEEN N 75TH ST AND N 76TH ST,1,Property Damage Only Collision,Sideswipe,2,2,0,0,0,9/18/04 12:50,Raining,Wet,Daylight,Greenwood-Greenwood,-122.3552861,47.69421928
-122.3660347,47.69786483,8TH AVE NW AND NW 95TH ST,1,Property Damage Only Collision,Angles,2,2,0,0,0,7/31/04 10:43,Clear or Partly Cloudy,Dry,Daylight,Greenwood-Greenwood,-122.3552861,47.69421928
-122.3660138,47.69426013,8TH AVE NW AND NW 90TH ST,1,Property Damage Only Collision,Angles,2,2,0,0,0,4/4/13 15:50,Raining,Wet,Daylight,Greenwood-Greenwood,-122.3552861,47.69421928
-122.3446704,47.70305817,AURORA AVE N BETWEEN N 102ND ST AND N 103RD S ST,2,Injury Collision,Rear Ended,4,2,3,0,0,5/14/04 16:16,Clear or Partly Cloudy,Dry,Daylight,Greenwood-Greenwood,-122.3552861,47.69421928
-122.3552975,47.6836521,GREENWOOD AVE N BETWEEN N 75TH ST AND N 76TH ST,0,Unknown,,0,0,0,0,0,9/13/04,,,,Greenwood-Greenwood,-122.3552861,47.69421928
-122.3627314,47.70139041,HOLMAN RD NW BETWEEN 6TH AVE NW AND 4TH AVE NW,1,Property Damage Only Collision,Sideswipe,2,2,0,0,0,4/13/13 9:17,Overcast,Dry,Daylight,Greenwood-Greenwood,-122.3552861,47.69421928
-122.3553063,47.69150544,GREENWOOD AVE N BETWEEN N 85TH ST AND N 87TH ST,1,Property Damage Only Collision,Sideswipe,3,2,0,0,0,9/23/04 17:35,Clear or Partly Cloudy,Dry,Daylight,Greenwood-Greenwood,-122.3552861,47.69421928
-122.350042,47.70217002,FREMONT AVE N AND N 101ST ST,1,Property Damage Only Collision,Angles,2,2,0,0,0,1/8/04,Raining,Wet,Dark - Street Lights On,Greenwood-Greenwood,-122.3552861,47.69421928
-122.3459997,47.70143394,N 100TH ST BETWEEN LINDEN AVE N AND AURORA AVE N,1,Property Damage Only Collision,Other,2,2,0,0,0,6/18/04 17:00,Clear or Partly Cloudy,Dry,Daylight,Greenwood-Greenwood,-122.3552861,47.69421928
-122.3458553,47.68403643,N 76TH ST BETWEEN LINDEN AVE N AND AURORA AVE N,0,Unknown,,0,0,0,0,0,8/10/18,,,,Greenwood-Greenwood,-122.3552861,47.69421928
-122.3646547,47.69064792,NW 85TH ST BETWEEN 6TH AVE NW AND 8TH AVE NW,1,Property Damage Only Collision,Head On,4,4,0,0,0,4/4/13 17:33,Raining,Wet,Daylight,Greenwood-Greenwood,-122.3552861,47.69421928
-122.3507766,47.70435413,EVANSTON AVE N AND N 104TH ST,1,Property Damage Only Collision,Angles,2,2,0,0,0,5/30/04 8:00,Unknown,Unknown,Daylight,Greenwood-Greenwood,-122.3552861,47.69421928
-122.3459383,47.69636259,N 93RD ST BETWEEN LINDEN AVE N AND AURORA AVE N,1,Property Damage Only Collision,Other,2,2,0,0,0,12/4/04,Unknown,Unknown,Unknown,Greenwood-Greenwood,-122.3552861,47.69421928
-122.3595643,47.70438708,NW 104TH ST BETWEEN N 104TH ST AND 3RD AVE NW,1,Property Damage Only Collision,Parked Car,2,2,0,0,0,4/3/04,Unknown,Unknown,Dark - Street Lights On,Greenwood-Greenwood,-122.3552861,47.69421928
-122.3607353,47.70148713,3RD AVE NW AND NW 100TH ST,2,Injury Collision,Angles,2,2,2,0,0,4/7/13 9:12,Raining,Wet,Daylight,Greenwood-Greenwood,-122.3552861,47.69421928
-122.3579914,47.69152067,1ST AVE NW BETWEEN NW 85TH ST AND NW 87TH ST,0,Unknown,,0,0,0,0,0,5/14/04,,,,Greenwood-Greenwood,-122.3552861,47.69421928
-122.345966,47.69871767,N 96TH ST BETWEEN LINDEN AVE N AND AURORA N AVE N,0,Unknown,,0,0,0,0,0,12/23/04,,,,Greenwood-Greenwood,-122.3552861,47.69421928
-122.3472116,47.6902035,LINDEN AVE N BETWEEN N 84TH ST AND N 85TH ST,1,Property Damage Only Collision,Parked Car,3,3,0,0,0,3/8/04,Unknown,Unknown,Dark - No Street Lights,Greenwood-Greenwood,-122.3552861,47.69421928
-122.3607471,47.70294137,3RD AVE NW BETWEEN HOLMAN RD NW AND NW 103RD S ST,0,Unknown,,0,0,0,0,0,12/22/04,,,,Greenwood-Greenwood,-122.3552861,47.69421928
-122.344565,47.69418567,AURORA AVE N AND N 90TH ST,2,Injury Collision,Left Turn,6,2,2,0,0,7/15/04 18:00,Clear or Partly Cloudy,Dry,Daylight,Greenwood-Greenwood,-122.3552861,47.69421928
-122.350441,47.70506663,N 105TH ST BETWEEN EVANSTON E AVE N AND FREMONT AVE N,0,Unknown,,0,0,0,0,0,5/24/04,,,,Greenwood-Greenwood,-122.3552861,47.69421928
-122.3453665,47.70505326,N 105TH ST BETWEEN WHITMAN AVE N AND AURORA AVE N,1,Property Damage Only Collision,Sideswipe,2,2,0,0,0,1/2/04,Overcast,Dry,Daylight,Greenwood-Greenwood,-122.3552861,47.69421928
-122.3446941,47.70505121,AURORA AVE N AND N NORTHGATE WAY,1,Property Damage Only Collision,Angles,3,2,0,0,0,11/13/04 1:38,Overcast,Wet,Dark - Street Lights On,Greenwood-Greenwood,-122.3552861,47.69421928
-122.344565,47.69418567,AURORA AVE N AND N 90TH ST,2,Injury Collision,Left Turn,2,2,1,0,0,4/6/13 1:37,Raining,Wet,Dark - Street Lights On,Greenwood-Greenwood,-122.3552861,47.69421928
-122.3595077,47.70302582,HOLMAN RD NW BETWEEN 3RD AVE NW AND NW 103RD ST,0,Unknown,,0,0,0,0,0,11/16/04,,,,Greenwood-Greenwood,-122.3552861,47.69421928
-122.3566366,47.6840155,N 76TH ST BETWEEN 1ST AVE NW AND GREENWOOD AVE N,0,Unknown,,2,0,0,0,0,6/28/18,,,,Greenwood-Greenwood,-122.3552861,47.69421928
-122.3458666,47.6905667,N 85TH ST BETWEEN LINDEN AVE N AND AURORA AVE N,1,Property Damage Only Collision,,4,0,0,0,0,11/10/19,,,,Greenwood-Greenwood,-122.3552861,47.69421928
-122.3593147,47.69061787,NW 85TH ST BETWEEN 1ST AVE NW AND 3RD AVE NW,1,Property Damage Only Collision,Rear Ended,2,2,0,0,0,3/26/04 22:00,Raining,Wet,Dark - Street Lights On,Greenwood-Greenwood,-122.3552861,47.69421928
-122.3507766,47.70435413,EVANSTON AVE N AND N 104TH ST,2,Injury Collision,Angles,3,2,1,0,0,4/8/13 19:00,Clear or Partly Cloudy,Dry,Dusk,Greenwood-Greenwood,-122.3552861,47.69421928
-122.3607427,47.70239956,3RD AVE NW AND HOLMAN RD NW,2b,Serious Injury Collision,Angles,2,2,1,1,0,7/5/04,Clear or Partly Cloudy,Dry,Daylight,Greenwood-Greenwood,-122.3552861,47.69421928
-122.355301,47.68911343,GREENWOOD AVE N AND N 83RD ST,2,Injury Collision,Angles,2,2,1,0,0,1/28/04 17:52,Raining,Wet,Dark - Street Lights On,Greenwood-Greenwood,-122.3552861,47.69421928
-122.3579796,47.69022299,1ST AVE NW BETWEEN NW 84TH ST AND NW 85TH ST,1,Property Damage Only Collision,Parked Car,2,2,0,0,0,6/6/04,Overcast,Wet,Dark - Street Lights On,Greenwood-Greenwood,-122.3552861,47.69421928
-122.34856,47.68693988,N 80TH ST BETWEEN FREMONT AVE N AND LINDEN AVE N,2,Injury Collision,Rear Ended,4,4,1,0,0,10/14/04 9:45,Clear or Partly Cloudy,Dry,Daylight,Greenwood-Greenwood,-122.3552861,47.69421928
-122.3445391,47.69201179,AURORA AVE N AND N 87TH ST,2,Injury Collision,Rear Ended,4,3,1,0,0,1/2/04,Overcast,Dry,Dark - Street Lights On,Greenwood-Greenwood,-122.3552861,47.69421928
-122.3554149,47.70146108,GREENWOOD AVE N AND N 100TH ST,1,Property Damage Only Collision,Angles,2,2,0,0,0,8/20/04 15:18,Overcast,Dry,Daylight,Greenwood-Greenwood,-122.3552861,47.69421928
-122.3553395,47.69421686,GREENWOOD AVE N AND N 90TH ST,1,Property Damage Only Collision,Angles,5,3,0,0,0,3/7/04,Clear or Partly Cloudy,Dry,Daylight,Greenwood-Greenwood,-122.3552861,47.69421928
-122.3446941,47.70505121,AURORA AVE N AND N NORTHGATE WAY,1,Property Damage Only Collision,Sideswipe,3,2,0,0,0,10/15/19 11:52,Overcast,Dry,Daylight,Greenwood-Greenwood,-122.3552861,47.69421928
-122.3561572,47.70472613,HOLMAN RD N BETWEEN N 104TH ST AND GREENWOOD AVE N,2,Injury Collision,Sideswipe,2,2,1,0,0,4/8/13 8:27,Overcast,Dry,Daylight,Greenwood-Greenwood,-122.3552861,47.69421928
-122.365993,47.69065541,8TH AVE NW AND NW 85TH ST,1,Property Damage Only Collision,Left Turn,3,2,0,0,0,6/22/04 16:50,Clear or Partly Cloudy,Dry,Daylight,Greenwood-Greenwood,-122.3552861,47.69421928
-122.3607471,47.70294137,3RD AVE NW BETWEEN HOLMAN RD NW AND NW 103RD S ST,1,Property Damage Only Collision,Parked Car,2,2,0,0,0,5/1/04,Clear or Partly Cloudy,Dry,Dark - Street Lights On,Greenwood-Greenwood,-122.3552861,47.69421928
-122.347215,47.68657987,LINDEN AVE N BETWEEN N 79TH ST AND N 80TH ST,0,Unknown,,0,0,0,0,0,8/12/18,,,,Greenwood-Greenwood,-122.3552861,47.69421928
-122.3446457,47.70097596,AURORA AVE N BETWEEN N 98TH ST AND N 100TH ST,1,Property Damage Only Collision,Other,2,2,0,0,0,3/15/04 16:29,Overcast,Dry,Daylight,Greenwood-Greenwood,-122.3552861,47.69421928
-122.3445865,47.69599538,AURORA AVE N BETWEEN N 92ND ST AND N 93RD ST,0,Unknown,,0,0,0,0,0,5/27/04,,,,Greenwood-Greenwood,-122.3552861,47.69421928
-122.3459383,47.69636259,N 93RD ST BETWEEN LINDEN AVE N AND AURORA AVE N,1,Property Damage Only Collision,Parked Car,2,2,0,0,0,4/13/04 17:00,Clear or Partly Cloudy,Dry,Daylight,Greenwood-Greenwood,-122.3552861,47.69421928
-122.350628,47.69058114,N 85TH ST BETWEEN EVANSTON AVE N AND FREMONT AVE N,1,Property Damage Only Collision,Other,2,2,0,0,0,6/10/04 10:55,Overcast,Dry,Daylight,Greenwood-Greenwood,-122.3552861,47.69421928
-122.3446941,47.70505121,AURORA AVE N AND N NORTHGATE WAY,2,Injury Collision,Pedestrian,2,1,1,0,0,3/5/04,Raining,Wet,Daylight,GREENWOOD-GREENWOOD,-122.3552861,47.69421928
-122.3607648,47.70512222,3RD AVE NW AND NW 105TH ST,0,Unknown,,0,0,0,0,0,6/1/04,,,,Greenwood-Greenwood,-122.3552861,47.69421928
-122.3553865,47.69874422,GREENWOOD AVE N BETWEEN N 95TH ST AND N 97TH ST,1,Property Damage Only Collision,Other,5,3,0,0,0,1/9/04,Raining,Wet,Dark - Street Lights On,Greenwood-Greenwood,-122.3552861,47.69421928
-122.3445478,47.69273738,AURORA AVE N AND N 88TH N ST,1,Property Damage Only Collision,Left Turn,3,2,0,0,0,7/24/04 13:55,Clear or Partly Cloudy,Dry,Daylight,Greenwood-Greenwood,-122.3552861,47.69421928
-122.3561572,47.70472613,HOLMAN RD N BETWEEN N 104TH ST AND GREENWOOD AVE N,1,Property Damage Only Collision,Other,1,1,0,0,0,1/2/04,Overcast,Ice,Dark - Street Lights On,Greenwood-Greenwood,-122.3552861,47.69421928
-122.3459071,47.69418961,N 90TH ST BETWEEN LINDEN AVE N AND AURORA AVE N,0,Unknown,,0,0,0,0,0,12/7/04,,,,Greenwood-Greenwood,-122.3552861,47.69421928
-122.345966,47.69871767,N 96TH ST BETWEEN LINDEN AVE N AND AURORA N AVE N,1,Property Damage Only Collision,Parked Car,2,2,0,0,0,9/19/04 16:12,Clear or Partly Cloudy,Wet,Dark - Street Lights On,Greenwood-Greenwood,-122.3552861,47.69421928
-122.3446941,47.70505121,AURORA AVE N AND N NORTHGATE WAY,1,Property Damage Only Collision,Sideswipe,3,2,0,0,0,3/29/04 14:09,Clear or Partly Cloudy,Dry,Daylight,Greenwood-Greenwood,-122.3552861,47.69421928
-122.3553208,47.69241844,GREENWOOD AVE N AND N 87TH ST,1,Property Damage Only Collision,Left Turn,2,2,0,0,0,8/11/04 2:00,Clear or Partly Cloudy,Dry,Dark - Street Lights On,Greenwood-Greenwood,-122.3552861,47.69421928
-122.3487037,47.70289043,N 102ND ST BETWEEN FREMONT AVE N AND LINDEN AVE N,1,Property Damage Only Collision,Parked Car,2,2,0,0,0,3/18/04 11:59,Unknown,Unknown,Unknown,Greenwood-Greenwood,-122.3552861,47.69421928
-122.3627247,47.70312048,NW 100TH PL BETWEEN 4TH AVE NW AND 6TH AVE NW,1,Property Damage Only Collision,Other,1,1,0,0,0,9/13/04 13:51,Raining,Wet,Daylight,Greenwood-Greenwood,-122.3552861,47.69421928
-122.3445693,47.6945466,AURORA AVE N BETWEEN N 90TH ST AND N 91ST ST,2,Injury Collision,Rear Ended,4,3,2,0,0,7/30/04 13:30,Clear or Partly Cloudy,Dry,Daylight,Greenwood-Greenwood,-122.3552861,47.69421928
-122.3422384,47.51728497,SW ROXBURY ST BETWEEN 5TH AVE SW AND 6TH AVE SW,2,Injury Collision,Rear Ended,2,2,1,0,0,8/8/05,Clear or Partly Cloudy,Dry,Daylight,White Center,-122.3480736,47.50837322
-122.3401308,47.51727252,OLSON PL SW AND SW ROXBURY ST,1,Property Damage Only Collision,Other,3,1,0,0,0,1/18/13 2:51,Fog/Smog/Smoke,Wet,Dark - Street Lights On,White Center,-122.3480736,47.50837322
-122.3401308,47.51727252,OLSON PL SW AND SW ROXBURY ST,1,Property Damage Only Collision,Left Turn,2,2,0,0,0,1/7/16 7:45,Overcast,Dry,Daylight,White Center,-122.3480736,47.50837322
-122.340864,47.51727685,SW ROXBURY ST BETWEEN OLSON PL SW AND 5TH AVE SW,2,Injury Collision,Other,2,1,1,0,0,8/2/13 17:31,Overcast,Wet,Daylight,White Center,-122.3480736,47.50837322
-122.3401308,47.51727252,OLSON PL SW AND SW ROXBURY ST,1,Property Damage Only Collision,Left Turn,2,2,0,0,0,2/25/08 15:21,Clear or Partly Cloudy,Dry,Daylight,White Center,-122.3480736,47.50837322
-122.340864,47.51727685,SW ROXBURY ST BETWEEN OLSON PL SW AND 5TH AVE SW,1,Property Damage Only Collision,Sideswipe,2,2,0,0,0,3/7/04,Raining,Wet,Dark - Street Lights On,White Center,-122.3480736,47.50837322